date,station_id,region_code,region_name,temp_min,temp_max,temp_avg,humidity,rainfall,wind_speed,wind_gust,pressure,sunshine,station_name,region,province,wind_speed_ms,temp_range,heat_index,year,month,day_of_year,quarter,day,month_sin,month_cos,day_sin,day_cos,season,season_encoded,station_encoded,region_encoded,rainfall_ml
2023-01-01,96749,JB,Jawa Barat,23.2,29.7,25.9,92.0,18.7,11.3,,1011.2,,Tangerang (Soekarno-Hatta),Banten,Banten,3.138888888888889,6.5,40.20668227829132,2023,1,1,1,1,0.49999999999999994,0.8660254037844387,0.017201575418260506,0.9998520419557735,Rainy Season,1,3,1,18.7
2023-01-02,96749,JB,Jawa Barat,23.0,30.2,26.9,85.0,3.6,11.0,,1011.2,,Tangerang (Soekarno-Hatta),Banten,Banten,3.0555555555555554,7.199999999999999,39.83048320659559,2023,1,2,1,2,0.49999999999999994,0.8660254037844387,0.03439806061360801,0.9994082116062598,Rainy Season,1,3,1,3.6
2023-01-03,96749,JB,Jawa Barat,24.1,28.7,25.4,87.0,14.7,12.0,,1011.2,,Tangerang (Soekarno-Hatta),Banten,Banten,3.333333333333333,4.599999999999998,35.37619776185772,2023,1,3,1,3,0.49999999999999994,0.8660254037844387,0.051584366869408364,0.9986686402879997,Rainy Season,1,3,1,14.7
2023-01-04,96749,JB,Jawa Barat,23.4,30.0,26.4,86.0,2.9,9.7,,1010.2,,Tangerang (Soekarno-Hatta),Banten,Banten,2.694444444444444,6.600000000000001,39.447505644444455,2023,1,4,1,4,0.49999999999999994,0.8660254037844387,0.06875540848113941,0.9976335468520451,Rainy Season,1,3,1,2.9
2023-01-05,96749,JB,Jawa Barat,22.4,32.0,27.6,82.0,0.0,12.1,,1010.6,,Tangerang (Soekarno-Hatta),Banten,Banten,3.3611111111111107,9.600000000000001,45.23544914355571,2023,1,5,1,5,0.49999999999999994,0.8660254037844387,0.08590610426133272,0.9963032375991965,Rainy Season,1,3,1,0.0
2023-01-06,96749,JB,Jawa Barat,25.6,33.0,28.5,74.0,1.8,18.3,,1010.2,,Tangerang (Soekarno-Hatta),Banten,Banten,5.083333333333333,7.399999999999999,45.252950359111125,2023,1,6,1,6,0.49999999999999994,0.8660254037844387,0.10303137904317879,0.9946781061893646,Rainy Season,1,3,1,1.8
2023-01-07,96749,JB,Jawa Barat,25.0,33.0,28.3,76.0,1.3,16.2,,1009.0,,Tangerang (Soekarno-Hatta),Banten,Banten,4.5,8.0,46.187907299555505,2023,1,7,1,7,0.49999999999999994,0.8660254037844387,0.1201261651823505,0.9927586335250793,Rainy Season,1,3,1,1.3
2023-01-08,96749,JB,Jawa Barat,25.0,31.2,27.4,84.0,2.7,15.0,,1010.3,,Tangerang (Soekarno-Hatta),Banten,Banten,4.166666666666667,6.199999999999999,43.06889859399137,2023,1,8,1,8,0.49999999999999994,0.8660254037844387,0.13718540405660057,0.9905453876091833,Rainy Season,1,3,1,2.7
2023-01-09,96749,JB,Jawa Barat,24.2,32.8,28.2,79.0,6.8,12.9,,1011.0,,Tangerang (Soekarno-Hatta),Banten,Banten,3.5833333333333335,8.599999999999998,46.88216132803563,2023,1,9,1,9,0.49999999999999994,0.8660254037844387,0.1542040475626894,0.988039023376751,Rainy Season,1,3,1,6.8
2023-01-10,96749,JB,Jawa Barat,22.6,33.8,28.6,75.0,1.2,14.6,,1010.7,,Tangerang (Soekarno-Hatta),Banten,Banten,4.055555555555555,11.199999999999996,48.63366467575118,2023,1,10,1,10,0.49999999999999994,0.8660254037844387,0.17117705961019986,0.985240282501282,Rainy Season,1,3,1,1.2
2023-01-11,96749,JB,Jawa Barat,22.6,33.0,28.1,74.0,1.1,10.8,,1010.0,,Tangerang (Soekarno-Hatta),Banten,Banten,3.0,10.399999999999999,45.252950359111125,2023,1,11,1,11,0.49999999999999994,0.8660254037844387,0.18809941761179758,0.9821499931752291,Rainy Season,1,3,1,1.1
2023-01-12,96749,JB,Jawa Barat,23.4,33.0,28.3,76.0,0.0,8.4,,1009.8,,Tangerang (Soekarno-Hatta),Banten,Banten,2.3333333333333335,9.600000000000001,46.187907299555505,2023,1,12,1,12,0.49999999999999994,0.8660254037844387,0.20496611396949532,0.9787690698649216,Rainy Season,1,3,1,0.0
2023-01-13,96749,JB,Jawa Barat,25.4,32.0,28.0,79.0,4.8,9.1,,1010.0,,Tangerang (Soekarno-Hatta),Banten,Banten,2.5277777777777777,6.600000000000001,43.94461332355576,2023,1,13,1,13,0.49999999999999994,0.8660254037844387,0.22177215755648186,0.975098513039961,Rainy Season,1,3,1,4.8
2023-01-14,96749,JB,Jawa Barat,23.0,33.6,28.5,75.0,0.7,10.8,,1008.6,,Tangerang (Soekarno-Hatta),Banten,Banten,3.0,10.600000000000001,47.88844130887099,2023,1,14,1,14,0.49999999999999994,0.8660254037844387,0.23851257519407648,0.9711394088771653,Rainy Season,1,3,1,0.7
2023-01-15,96749,JB,Jawa Barat,24.0,34.0,28.5,74.0,1.3,15.9,,1007.7,,Tangerang (Soekarno-Hatta),Banten,Banten,4.416666666666667,10.0,48.851293543111154,2023,1,15,1,15,0.49999999999999994,0.8660254037844387,0.2551824131233728,0.9668929289391521,Rainy Season,1,3,1,1.3
2023-01-16,96749,JB,Jawa Barat,25.0,31.0,27.7,78.0,1.9,15.8,,1008.6,,Tangerang (Soekarno-Hatta),Banten,Banten,4.388888888888889,6.0,40.17869238177787,2023,1,16,1,16,0.49999999999999994,0.8660254037844387,0.2717767384711357,0.9623603298276545,Rainy Season,1,3,1,1.9
2023-01-17,96749,JB,Jawa Barat,25.0,28.8,26.0,86.0,6.7,10.3,,1010.4,,Tangerang (Soekarno-Hatta),Banten,Banten,2.861111111111111,3.8000000000000007,35.47103076428452,2023,1,17,1,17,0.49999999999999994,0.8660254037844387,0.2882906407095177,0.9575429528116719,Rainy Season,1,3,1,6.7
2023-01-18,96749,JB,Jawa Barat,24.0,31.0,27.4,83.0,13.0,8.4,,1010.4,,Tangerang (Soekarno-Hatta),Banten,Banten,2.3333333333333335,7.0,41.961635915111245,2023,1,18,1,18,0.49999999999999994,0.8660254037844387,0.3047192331091634,0.9524422234305676,Rainy Season,1,3,1,13.0
2023-01-19,96749,JB,Jawa Barat,23.2,30.0,27.1,86.0,7.0,10.2,,1010.4,,Tangerang (Soekarno-Hatta),Banten,Banten,2.833333333333333,6.800000000000001,39.447505644444455,2023,1,19,1,19,0.49999999999999994,0.8660254037844387,0.321057654185271,0.9470596510722283,Rainy Season,1,3,1,7.0
2023-01-20,96749,JB,Jawa Barat,24.0,32.5,27.4,80.0,11.3,12.8,,1009.7,,Tangerang (Soekarno-Hatta),Banten,Banten,3.555555555555556,8.5,46.2211828652779,2023,1,20,1,20,0.49999999999999994,0.8660254037844387,0.3373010691361842,0.9413968285264122,Rainy Season,1,3,1,11.3
2023-01-21,96749,JB,Jawa Barat,22.6,32.2,27.3,81.0,4.5,10.5,,1008.3,,Tangerang (Soekarno-Hatta),Banten,Banten,2.9166666666666665,9.600000000000001,45.54656864908453,2023,1,21,1,21,0.49999999999999994,0.8660254037844387,0.3534446712740877,0.9354554315134164,Rainy Season,1,3,1,4.5
2023-01-22,96749,JB,Jawa Barat,24.0,32.0,27.6,80.0,0.9,15.3,,1007.6,,Tangerang (Soekarno-Hatta),Banten,Banten,4.25,8.0,44.36864808177802,2023,1,22,1,22,0.49999999999999994,0.8660254037844387,0.3694836834473831,0.9292372181882051,Rainy Season,1,3,1,0.9
2023-01-23,96749,JB,Jawa Barat,24.5,31.0,27.5,80.0,5.8,16.8,,1007.0,,Tangerang (Soekarno-Hatta),Banten,Banten,4.666666666666667,6.5,40.87613701377783,2023,1,23,1,23,0.49999999999999994,0.8660254037844387,0.38541335945432564,0.9227440286201427,Rainy Season,1,3,1,5.8
2023-01-24,96749,JB,Jawa Barat,24.8,33.0,27.9,80.0,2.4,15.0,,1007.1,,Tangerang (Soekarno-Hatta),Banten,Banten,4.166666666666667,8.2,48.14457048177787,2023,1,24,1,24,0.49999999999999994,0.8660254037844387,0.4012289854475009,0.9159777842484877,Rainy Season,1,3,1,2.4
2023-01-25,96749,JB,Jawa Barat,24.0,28.4,26.1,85.0,4.5,15.8,,1007.7,,Tangerang (Soekarno-Hatta),Banten,Banten,4.388888888888889,4.399999999999999,34.049250274115685,2023,1,25,1,25,0.49999999999999994,0.8660254037844387,0.4169258813287287,0.908940487313808,Rainy Season,1,3,1,4.5
2023-01-26,96749,JB,Jawa Barat,23.6,31.2,27.7,83.0,2.2,10.7,,1007.9,,Tangerang (Soekarno-Hatta),Banten,Banten,2.972222222222222,7.599999999999998,42.6814975392713,2023,1,26,1,26,0.49999999999999994,0.8660254037844387,0.4324994021339788,0.901634220265486,Rainy Season,1,3,1,2.2
2023-01-27,96749,JB,Jawa Barat,25.0,29.2,26.6,87.0,4.6,9.0,,1007.3,,Tangerang (Soekarno-Hatta),Banten,Banten,2.5,4.199999999999999,37.00071251825793,2023,1,27,1,27,0.49999999999999994,0.8660254037844387,0.44794493940789115,0.8940611451454876,Rainy Season,1,3,1,4.6
2023-01-28,96749,JB,Jawa Barat,23.9,27.4,25.5,94.0,15.1,5.8,,1006.8,,Tangerang (Soekarno-Hatta),Banten,Banten,1.611111111111111,3.5,32.446046096675566,2023,1,28,1,28,0.49999999999999994,0.8660254037844387,0.4632579225674917,0.88622350294858,Rainy Season,1,3,1,15.1
2023-01-29,96749,JB,Jawa Barat,24.6,29.0,26.9,87.0,23.4,10.5,,1007.7,,Tangerang (Soekarno-Hatta),Banten,Banten,2.9166666666666665,4.399999999999999,36.34172658977766,2023,1,29,1,29,0.49999999999999994,0.8660254037844387,0.4784338202547012,0.8781236129591848,Rainy Season,1,3,1,23.4
2023-01-30,96749,JB,Jawa Barat,22.8,31.0,27.7,80.0,2.6,11.4,,1008.9,,Tangerang (Soekarno-Hatta),Banten,Banten,3.1666666666666665,8.2,40.87613701377783,2023,1,30,1,30,0.49999999999999994,0.8660254037844387,0.49346814167723735,0.8697638720650646,Rainy Season,1,3,1,2.6
2023-01-31,96749,JB,Jawa Barat,24.4,29.7,26.9,86.0,1.4,11.7,,1008.3,,Tangerang (Soekarno-Hatta),Banten,Banten,3.2499999999999996,5.300000000000001,38.41250666018471,2023,1,31,1,31,0.49999999999999994,0.8660254037844387,0.5083564379375122,0.8611467540480452,Rainy Season,1,3,1,1.4
2023-02-01,96749,JB,Jawa Barat,24.6,30.0,26.8,90.0,15.7,8.5,,1008.0,,Tangerang (Soekarno-Hatta),Banten,Banten,2.361111111111111,5.399999999999999,40.71909144444434,2023,2,32,1,1,0.8660254037844386,0.5000000000000001,0.5230943033491326,0.8522748088519838,Rainy Season,1,3,1,15.7
2023-02-02,96749,JB,Jawa Barat,24.0,30.0,26.7,90.0,6.9,9.9,,1008.4,,Tangerang (Soekarno-Hatta),Banten,Banten,2.75,6.0,40.71909144444434,2023,2,33,1,2,0.8660254037844386,0.5000000000000001,0.5376773767406141,0.8431506618282,Rainy Season,1,3,1,6.9
2023-02-03,96749,JB,Jawa Barat,22.2,30.5,26.7,87.0,8.2,8.0,,1008.4,,Tangerang (Soekarno-Hatta),Banten,Banten,2.2222222222222223,8.3,41.58247189577777,2023,2,34,1,3,0.8660254037844386,0.5000000000000001,0.5521013427459208,0.8337770129585915,Rainy Season,1,3,1,8.2
2023-02-04,96749,JB,Jawa Barat,23.8,31.2,27.4,85.0,1.1,8.4,,1007.8,,Tangerang (Soekarno-Hatta),Banten,Banten,2.3333333333333335,7.399999999999999,43.46174497299564,2023,2,35,1,4,0.8660254037844386,0.5000000000000001,0.5663619330814524,0.8241566360566663,Rainy Season,1,3,1,1.1
2023-02-05,96749,JB,Jawa Barat,22.6,33.5,28.6,75.0,1.3,16.4,,1007.5,,Tangerang (Soekarno-Hatta),Banten,Banten,4.555555555555555,10.899999999999999,47.519832317111174,2023,2,36,1,5,0.8660254037844386,0.5000000000000001,0.580454927809098,0.8142923779467267,Rainy Season,1,3,1,1.3
2023-02-06,96749,JB,Jawa Barat,26.0,32.7,28.3,74.0,0.0,13.4,,1007.8,,Tangerang (Soekarno-Hatta),Banten,Banten,3.7222222222222223,6.700000000000003,44.224827970291095,2023,2,37,1,6,0.8660254037844386,0.5000000000000001,0.5943761565849831,0.804187157621448,Rainy Season,1,3,1,0.0
2023-02-07,96749,JB,Jawa Barat,25.0,30.4,27.1,84.0,9.8,11.3,,1008.1,,Tangerang (Soekarno-Hatta),Banten,Banten,3.138888888888889,5.399999999999999,40.20027117543113,2023,2,38,1,7,0.8660254037844386,0.5000000000000001,0.6081214998935418,0.7938439653781019,Rainy Season,1,3,1,9.8
2023-02-08,96749,JB,Jawa Barat,22.6,31.8,27.4,84.0,5.5,10.8,,1008.8,,Tangerang (Soekarno-Hatta),Banten,Banten,3.0,9.2,45.34485951159112,2023,2,39,1,8,0.8660254037844386,0.5000000000000001,0.6216868902665479,0.7832658619336791,Rainy Season,1,3,1,5.5
2023-02-09,96749,JB,Jawa Barat,23.3,30.6,26.2,81.0,2.0,15.7,,1008.8,,Tangerang (Soekarno-Hatta),Banten,Banten,4.361111111111111,7.300000000000001,39.88651612300442,2023,2,40,1,9,0.8660254037844386,0.5000000000000001,0.6350683134867438,0.7724559775191742,Rainy Season,1,3,1,2.0
2023-02-10,96749,JB,Jawa Barat,24.0,31.0,27.4,82.0,14.0,14.8,,1007.7,,Tangerang (Soekarno-Hatta),Banten,Banten,4.111111111111112,7.0,41.594558687555924,2023,2,41,1,10,0.8660254037844386,0.5000000000000001,0.6482618097757122,0.7614175109532997,Rainy Season,1,3,1,14.0
2023-02-11,96749,JB,Jawa Barat,24.0,29.2,26.8,88.0,23.8,10.2,,1008.5,,Tangerang (Soekarno-Hatta),Banten,Banten,2.833333333333333,5.199999999999999,37.25676222451574,2023,2,42,1,11,0.8660254037844386,0.5000000000000001,0.6612634749656386,0.7501537286959042,Rainy Season,1,3,1,23.8
2023-02-12,96749,JB,Jawa Barat,23.0,28.6,25.0,91.0,34.2,13.9,,1010.8,,Tangerang (Soekarno-Hatta),Banten,Banten,3.861111111111111,5.600000000000001,35.927524896515585,2023,2,43,1,12,0.8660254037844386,0.5000000000000001,0.6740694616546161,0.7386679638813748,Rainy Season,1,3,1,34.2
2023-02-13,96749,JB,Jawa Barat,23.8,30.0,27.0,84.0,4.2,16.4,,1010.0,,Tangerang (Soekarno-Hatta),Banten,Banten,4.555555555555555,6.199999999999999,38.837094811111115,2023,2,44,1,13,0.8660254037844386,0.5000000000000001,0.6866759803451553,0.726963615332308,Rainy Season,1,3,1,4.2
2023-02-14,96749,JB,Jawa Barat,23.0,30.4,26.6,86.0,10.8,18.9,,1009.1,,Tangerang (Soekarno-Hatta),Banten,Banten,5.249999999999999,7.399999999999999,40.869898638204496,2023,2,45,1,14,0.8660254037844386,0.5000000000000001,0.6990793005655562,0.7150441465537444,Rainy Season,1,3,1,10.8
2023-02-15,96749,JB,Jawa Barat,23.9,30.5,26.8,85.0,4.4,15.5,,1008.8,,Tangerang (Soekarno-Hatta),Banten,Banten,4.305555555555555,6.600000000000001,40.88840180955545,2023,2,46,1,15,0.8660254037844386,0.5000000000000001,0.7112757519738152,0.7029130847082615,Rainy Season,1,3,1,4.4
2023-02-16,96749,JB,Jawa Barat,22.8,31.5,26.3,87.0,8.2,13.2,,1009.5,,Tangerang (Soekarno-Hatta),Banten,Banten,3.6666666666666665,8.7,45.45880317977797,2023,2,47,1,16,0.8660254037844386,0.5000000000000001,0.7232617254437388,0.6905740195722293,Rainy Season,1,3,1,8.2
2023-02-17,96749,JB,Jawa Barat,24.0,30.2,26.8,86.0,6.7,11.0,,1009.7,,Tangerang (Soekarno-Hatta),Banten,Banten,3.0555555555555554,6.199999999999999,40.15264580588456,2023,2,48,1,17,0.8660254037844386,0.5000000000000001,0.7350336741329413,0.6780306024735382,Rainy Season,1,3,1,6.7
2023-02-18,96749,JB,Jawa Barat,24.0,31.0,27.5,85.0,1.6,11.4,,1009.6,,Tangerang (Soekarno-Hatta),Banten,Banten,3.1666666666666665,7.0,42.711523151555696,2023,2,49,1,18,0.8660254037844386,0.5000000000000001,0.746588114532413,0.6652865452111116,Rainy Season,1,3,1,1.6
2023-02-19,96749,JB,Jawa Barat,24.3,31.4,27.4,85.0,7.9,12.1,,1009.9,,Tangerang (Soekarno-Hatta),Banten,Banten,3.3611111111111107,7.099999999999998,44.223951528515556,2023,2,50,1,19,0.8660254037844386,0.5000000000000001,0.7579216274973472,0.6523456189565257,Rainy Season,1,3,1,7.9
2023-02-20,96749,JB,Jawa Barat,25.0,30.4,27.3,85.0,11.3,14.7,,1009.6,,Tangerang (Soekarno-Hatta),Banten,Banten,4.083333333333333,5.399999999999999,40.53276609171558,2023,2,51,1,20,0.8660254037844386,0.5000000000000001,0.7690308592589181,0.6392116531380588,Rainy Season,1,3,1,11.3
2023-02-21,96749,JB,Jawa Barat,23.4,30.0,26.1,88.0,11.0,11.2,,1010.3,,Tangerang (Soekarno-Hatta),Banten,Banten,3.1111111111111107,6.600000000000001,40.07483785555552,2023,2,52,1,21,0.8660254037844386,0.5000000000000001,0.7799125224167177,0.6258885343075018,Rainy Season,1,3,1,11.0
2023-02-22,96749,JB,Jawa Barat,23.5,30.2,26.8,89.0,20.1,12.2,,1010.1,,Tangerang (Soekarno-Hatta),Banten,Banten,3.3888888888888884,6.699999999999999,41.14573924705801,2023,2,53,1,22,0.8660254037844386,0.5000000000000001,0.7905633969115482,0.612380204990065,Rainy Season,1,3,1,20.1
2023-02-23,96749,JB,Jawa Barat,22.8,30.2,26.4,89.0,31.6,10.6,,1009.1,,Tangerang (Soekarno-Hatta),Banten,Banten,2.944444444444444,7.399999999999999,41.14573924705801,2023,2,54,1,23,0.8660254037844386,0.5000000000000001,0.8009803309782905,0.5986906625177214,Rainy Season,1,3,1,31.6
2023-02-24,96749,JB,Jawa Barat,22.4,28.4,26.0,93.0,23.9,7.9,,1009.8,,Tangerang (Soekarno-Hatta),Banten,Banten,2.1944444444444446,6.0,35.66696386295135,2023,2,55,1,24,0.8660254037844386,0.5000000000000001,0.8111602420785621,0.5848239578463322,Rainy Season,1,3,1,23.9
2023-02-25,96749,JB,Jawa Barat,24.0,30.8,26.6,90.0,9.9,10.8,,1011.4,,Tangerang (Soekarno-Hatta),Banten,Banten,3.0,6.800000000000001,43.86099355548453,2023,2,56,1,25,0.8660254037844386,0.5000000000000001,0.8211001178128892,0.5707841943569036,Rainy Season,1,3,1,9.9
2023-02-26,96749,JB,Jawa Barat,23.8,29.5,26.4,91.0,27.0,11.4,,1011.6,,Tangerang (Soekarno-Hatta),Banten,Banten,3.1666666666666665,5.699999999999999,39.14729480955547,2023,2,57,1,26,0.8660254037844386,0.5000000000000001,0.8307970168121247,0.5565755266413303,Rainy Season,1,3,1,27.0
2023-02-27,96749,JB,Jawa Barat,23.5,30.0,26.7,87.0,22.9,14.4,,1011.5,,Tangerang (Soekarno-Hatta),Banten,Banten,4.0,6.5,39.75905657777783,2023,2,58,1,27,0.8660254037844386,0.5000000000000001,0.8402480696078469,0.5422021592729844,Rainy Season,1,3,1,22.9
2023-02-28,96749,JB,Jawa Barat,23.8,30.8,26.7,88.0,2.3,12.3,,1011.8,,Tangerang (Soekarno-Hatta),Banten,Banten,3.416666666666667,7.0,43.09078268851556,2023,2,59,1,28,0.8660254037844386,0.5000000000000001,0.8494504794814806,0.527668345562516,Rainy Season,1,3,1,2.3
2023-03-01,96749,JB,Jawa Barat,24.0,29.0,25.7,93.0,9.0,10.2,,1011.2,,Tangerang (Soekarno-Hatta),Banten,Banten,2.833333333333333,5.0,37.83836083511114,2023,3,60,1,1,1.0,6.123233995736766e-17,0.8584015232918917,0.512978386299228,Rainy Season,1,3,1,9.0
2023-03-02,96749,JB,Jawa Barat,23.4,26.4,24.9,95.0,39.5,11.5,,1012.0,,Tangerang (Soekarno-Hatta),Banten,Banten,3.194444444444444,3.0,29.40539630460439,2023,3,61,1,2,1.0,6.123233995736766e-17,0.8670985522812081,0.4981366284784055,Rainy Season,1,3,1,39.5
2023-03-03,96749,JB,Jawa Barat,24.0,31.8,27.1,84.0,11.7,13.4,,1012.3,,Tangerang (Soekarno-Hatta),Banten,Banten,3.7222222222222223,7.800000000000001,45.34485951159112,2023,3,62,1,3,1.0,6.123233995736766e-17,0.8755389928586302,0.4831474640149687,Rainy Season,1,3,1,11.7
2023-03-04,96749,JB,Jawa Barat,23.2,31.4,26.4,86.0,9.0,13.5,,1013.1,,Tangerang (Soekarno-Hatta),Banten,Banten,3.75,8.2,44.63785286300441,2023,3,63,1,4,1.0,6.123233995736766e-17,0.8837203473619977,0.4680153284438345,Rainy Season,1,3,1,9.0
2023-03-05,96749,JB,Jawa Barat,23.2,31.0,26.8,88.0,8.8,8.0,,1012.7,,Tangerang (Soekarno-Hatta),Banten,Banten,2.2222222222222223,7.800000000000001,43.87568595955574,2023,3,64,1,5,1.0,6.123233995736766e-17,0.8916401947968874,0.45274469960737107,Rainy Season,1,3,1,8.8
2023-03-06,96749,JB,Jawa Barat,24.0,32.0,27.4,82.0,3.2,15.5,,1011.9,,Tangerang (Soekarno-Hatta),Banten,Banten,4.305555555555555,8.0,45.23544914355571,2023,3,65,1,6,1.0,6.123233995736766e-17,0.8992961915530253,0.4373400963303323,Rainy Season,1,3,1,3.2
2023-03-07,96749,JB,Jawa Barat,23.0,31.2,27.6,83.0,7.2,12.3,,1011.2,,Tangerang (Soekarno-Hatta),Banten,Banten,3.416666666666667,8.2,42.6814975392713,2023,3,66,1,7,1.0,6.123233995736766e-17,0.9066860720977985,0.4218060770826634,Rainy Season,1,3,1,7.2
2023-03-08,96749,JB,Jawa Barat,23.8,29.4,25.9,92.0,3.0,8.0,,1011.9,,Tangerang (Soekarno-Hatta),Banten,Banten,2.2222222222222223,5.599999999999998,39.06205172183124,2023,3,67,1,8,1.0,6.123233995736766e-17,0.9138076496466615,0.4061472386305789,Rainy Season,1,3,1,3.0
2023-03-09,96749,JB,Jawa Barat,24.0,30.2,26.7,88.0,3.4,7.3,,1011.1,,Tangerang (Soekarno-Hatta),Banten,Banten,2.0277777777777777,6.199999999999999,40.81027382611574,2023,3,68,1,9,1.0,6.123233995736766e-17,0.9206588168102428,0.3903682146763026,Rainy Season,1,3,1,3.4
2023-03-10,96749,JB,Jawa Barat,23.2,31.0,27.2,86.0,5.3,8.0,,1010.2,,Tangerang (Soekarno-Hatta),Banten,Banten,2.2222222222222223,7.800000000000001,43.094333160444656,2023,3,69,1,10,1.0,6.123233995736766e-17,0.9272375462179537,0.374473674486883,Rainy Season,1,3,1,5.3
2023-03-11,96749,JB,Jawa Barat,23.6,31.6,28.2,84.0,6.4,7.6,,1010.6,,Tangerang (Soekarno-Hatta),Banten,Banten,2.111111111111111,8.0,44.57434964823116,2023,3,70,1,11,1.0,6.123233995736766e-17,0.9335418911179212,0.35846832151248087,Rainy Season,1,3,1,6.4
2023-03-12,96749,JB,Jawa Barat,25.8,30.6,27.3,87.0,5.3,8.6,,1010.5,,Tangerang (Soekarno-Hatta),Banten,Banten,2.388888888888889,4.800000000000001,41.956334985297715,2023,3,71,1,12,1.0,6.123233995736766e-17,0.9395699859530622,0.342356891994542,Rainy Season,1,3,1,5.3
2023-03-13,96749,JB,Jawa Barat,23.4,31.5,28.2,84.0,3.4,8.4,,1009.1,,Tangerang (Soekarno-Hatta),Banten,Banten,2.3333333333333335,8.100000000000001,44.19354080061121,2023,3,72,1,13,1.0,6.123233995736766e-17,0.945320046913132,0.3261441535642696,Rainy Season,1,3,1,3.4
2023-03-14,96749,JB,Jawa Barat,24.6,29.0,26.4,88.0,41.8,11.3,,1009.2,,Tangerang (Soekarno-Hatta),Banten,Banten,3.138888888888889,4.399999999999999,36.58316037955556,2023,3,73,1,14,1.0,6.123233995736766e-17,0.9507903724625832,0.3098349038318025,Rainy Season,1,3,1,41.8
2023-03-15,96749,JB,Jawa Barat,21.8,28.3,25.6,92.0,4.9,8.2,,1010.1,,Tangerang (Soekarno-Hatta),Banten,Banten,2.2777777777777777,6.5,35.112786945891166,2023,3,74,1,15,1.0,6.123233995736766e-17,0.9559793438440766,0.2934339689665273,Rainy Season,1,3,1,4.9
2023-03-16,96749,JB,Jawa Barat,23.5,31.0,27.2,86.0,1.1,7.6,,1010.6,,Tangerang (Soekarno-Hatta),Banten,Banten,2.111111111111111,7.5,43.094333160444656,2023,3,75,1,16,1.0,6.123233995736766e-17,0.9608854255574977,0.27694620226893646,Rainy Season,1,3,1,1.1
2023-03-17,96749,JB,Jawa Barat,23.6,31.4,28.3,83.0,4.8,8.7,,1010.7,,Tangerang (Soekarno-Hatta),Banten,Banten,2.4166666666666665,7.799999999999997,43.413086304551115,2023,3,76,1,17,1.0,6.123233995736766e-17,0.9655071658143364,0.2603764827344581,Rainy Season,1,3,1,4.8
2023-03-18,96749,JB,Jawa Barat,24.0,32.0,28.1,80.0,2.7,8.2,,1009.4,,Tangerang (Soekarno-Hatta),Banten,Banten,2.2777777777777777,8.0,44.36864808177802,2023,3,77,1,18,1.0,6.123233995736766e-17,0.969843196967294,0.24372971360968387,Rainy Season,1,3,1,2.7
2023-03-19,96749,JB,Jawa Barat,24.4,32.0,27.9,83.0,1.7,8.7,,1008.9,,Tangerang (Soekarno-Hatta),Banten,Banten,2.4166666666666665,7.600000000000001,45.67821544711137,2023,3,78,1,19,1.0,6.123233995736766e-17,0.9738922359149924,0.22701082094141847,Rainy Season,1,3,1,1.7
2023-03-20,96749,JB,Jawa Barat,23.2,32.3,27.9,82.0,1.9,8.2,,1009.0,,Tangerang (Soekarno-Hatta),Banten,Banten,2.2777777777777777,9.099999999999998,46.384254019535476,2023,3,79,1,20,1.0,6.123233995736766e-17,0.9776530844816641,0.2102247521189836,Rainy Season,1,3,1,1.9
2023-03-21,96749,JB,Jawa Barat,23.6,33.0,28.3,80.0,0.6,8.9,,1008.6,,Tangerang (Soekarno-Hatta),Banten,Banten,2.4722222222222223,9.399999999999999,48.14457048177787,2023,3,80,1,21,1.0,6.123233995736766e-17,0.981124629771712,0.19337647441020586,Rainy Season,1,3,1,0.6
2023-03-22,96749,JB,Jawa Barat,25.0,32.5,28.7,81.0,3.1,8.5,,1008.1,,Tangerang (Soekarno-Hatta),Banten,Banten,2.361111111111111,7.5,46.689532694444615,2023,3,81,1,22,1.0,6.123233995736766e-17,0.984305844499033,0.17647097349152166,Rainy Season,1,3,1,3.1
2023-03-23,96749,JB,Jawa Barat,24.0,32.4,29.0,82.0,0.0,8.2,,1008.1,,Tangerang (Soekarno-Hatta),Banten,Banten,2.2777777777777777,8.399999999999999,46.772987720675786,2023,3,82,1,23,1.0,6.123233995736766e-17,0.9871957872910085,0.15951325197263655,Rainy Season,1,3,1,0.0
2023-03-24,96749,JB,Jawa Barat,24.6,33.0,28.8,81.0,0.6,7.8,,1008.9,,Tangerang (Soekarno-Hatta),Banten,Banten,2.1666666666666665,8.399999999999999,48.65180904844447,2023,3,83,1,24,1.0,6.123233995736766e-17,0.9897936029670716,0.14250832791617088,Rainy Season,1,3,1,0.6
2023-03-25,96749,JB,Jawa Barat,25.6,33.0,28.2,84.0,14.8,12.3,,1009.2,,Tangerang (Soekarno-Hatta),Banten,Banten,3.416666666666667,7.399999999999999,50.21689939911124,2023,3,84,1,25,1.0,6.123233995736766e-17,0.992098522791769,0.12546123335273648,Rainy Season,1,3,1,14.8
2023-03-26,96749,JB,Jawa Barat,23.8,32.0,27.6,85.0,19.8,9.6,,1008.7,,Tangerang (Soekarno-Hatta),Banten,Banten,2.6666666666666665,8.2,46.58247959955565,2023,3,85,1,26,1.0,6.123233995736766e-17,0.9941098647022418,0.10837701279187609,Rainy Season,1,3,1,19.8
2023-03-27,96749,JB,Jawa Barat,24.2,32.2,27.7,86.0,0.7,9.2,,1008.7,,Tangerang (Soekarno-Hatta),Banten,Banten,2.5555555555555554,8.000000000000004,47.870244318684605,2023,3,86,1,27,1.0,6.123233995736766e-17,0.9958270335100595,0.09126072172931188,Rainy Season,1,3,1,0.7
2023-03-28,96749,JB,Jawa Barat,24.7,30.1,26.9,90.0,8.8,6.5,,1009.3,,Tangerang (Soekarno-Hatta),Banten,Banten,1.8055555555555556,5.400000000000002,41.10078785730442,2023,3,87,1,28,1.0,6.123233995736766e-17,0.9972495210773451,0.07411742515094437,Rainy Season,1,3,1,8.8
2023-03-29,96749,JB,Jawa Barat,23.4,31.6,26.4,88.0,8.9,8.5,,1009.7,,Tangerang (Soekarno-Hatta),Banten,Banten,2.361111111111111,8.200000000000003,46.30459672339572,2023,3,88,1,29,1.0,6.123233995736766e-17,0.998376906467142,0.056952196034039754,Rainy Season,1,3,1,8.9
2023-03-30,96749,JB,Jawa Barat,22.1,32.0,27.1,88.0,39.9,8.6,,1008.7,,Tangerang (Soekarno-Hatta),Banten,Banten,2.388888888888889,9.899999999999999,47.98570469155576,2023,3,89,1,30,1.0,6.123233995736766e-17,0.9992088560679753,0.03977011384605572,Rainy Season,1,3,1,39.9
2023-03-31,96749,JB,Jawa Barat,24.5,32.6,27.8,79.0,2.9,11.6,,1009.3,,Tangerang (Soekarno-Hatta),Banten,Banten,3.222222222222222,8.100000000000001,46.13096671027566,2023,3,90,1,31,1.0,6.123233995736766e-17,0.9997451236925734,0.022576263041545485,Rainy Season,1,3,1,2.9
2023-04-01,96749,JB,Jawa Barat,25.0,30.6,26.4,85.0,5.0,15.2,,1009.7,,Tangerang (Soekarno-Hatta),Banten,Banten,4.222222222222222,5.600000000000001,41.24703371091566,2023,4,91,2,1,0.8660254037844387,-0.4999999999999998,0.9999855506507186,0.005375731557583884,Transition,2,3,1,5.0
2023-04-02,96749,JB,Jawa Barat,24.0,32.8,28.4,82.0,3.2,11.5,,1008.3,,Tangerang (Soekarno-Hatta),Banten,Banten,3.194444444444444,8.799999999999997,48.35691623763557,2023,4,92,2,2,0.8660254037844387,-0.4999999999999998,0.9999300657962057,-0.011826390691832589,Transition,2,3,1,3.2
2023-04-03,96749,JB,Jawa Barat,23.9,32.2,27.8,79.0,2.9,9.7,,1008.9,,Tangerang (Soekarno-Hatta),Banten,Banten,2.694444444444444,8.300000000000004,44.662192708035775,2023,4,93,2,3,0.8660254037844387,-0.4999999999999998,0.9995786855478958,-0.029025013321975237,Transition,2,3,1,2.9
2023-04-04,96749,JB,Jawa Barat,25.0,32.0,28.1,78.0,1.6,11.4,,1009.2,,Tangerang (Soekarno-Hatta),Banten,Banten,3.1666666666666665,7.0,43.52682241377802,2023,4,94,2,4,0.8660254037844387,-0.4999999999999998,0.9989315138848577,-0.046215046983708354,Transition,2,3,1,1.6
2023-04-05,96749,JB,Jawa Barat,21.2,34.2,28.7,73.0,0.0,12.4,,1008.8,,Tangerang (Soekarno-Hatta),Banten,Banten,3.4444444444444446,13.000000000000004,49.05742154451568,2023,4,95,2,5,0.8660254037844387,-0.4999999999999998,0.9979887423155984,-0.06339140486951038,Transition,2,3,1,0.0
2023-04-06,96749,JB,Jawa Barat,24.0,34.0,28.7,69.0,0.6,13.1,,1009.8,,Tangerang (Soekarno-Hatta),Banten,Banten,3.638888888888889,10.0,46.282952429777794,2023,4,96,2,6,0.8660254037844387,-0.4999999999999998,0.9967506498213929,-0.08054900421874167,Transition,2,3,1,0.6
2023-04-07,96749,JB,Jawa Barat,22.6,33.2,28.4,73.0,0.4,7.6,,1010.2,,Tangerang (Soekarno-Hatta),Banten,Banten,2.111111111111111,10.600000000000001,45.480487910915734,2023,4,97,2,7,0.8660254037844387,-0.4999999999999998,0.9952176027737294,-0.09768276782171598,Transition,2,3,1,0.4
2023-04-08,96749,JB,Jawa Barat,24.6,33.4,29.0,73.0,1.1,11.0,,1010.8,,Tangerang (Soekarno-Hatta),Banten,Banten,3.0555555555555554,8.799999999999997,46.175065059395486,2023,4,98,2,8,0.8660254037844387,-0.4999999999999998,0.9933900548258936,-0.11478762552212701,Transition,2,3,1,1.1
2023-04-09,96749,JB,Jawa Barat,22.8,32.5,28.1,82.0,6.5,10.0,,1010.9,,Tangerang (Soekarno-Hatta),Banten,Banten,2.7777777777777777,9.7,47.164620793055605,2023,4,99,2,9,0.8660254037844387,-0.4999999999999998,0.9912685467787256,-0.13185851571739118,Transition,2,3,1,6.5
2023-04-10,96749,JB,Jawa Barat,24.0,31.6,27.2,84.0,0.4,13.8,,1010.7,,Tangerang (Soekarno-Hatta),Banten,Banten,3.8333333333333335,7.600000000000001,44.57434964823116,2023,4,100,2,10,0.8660254037844387,-0.4999999999999998,0.9888537064205885,-0.1488903868564548,Transition,2,3,1,0.4
2023-04-11,96749,JB,Jawa Barat,22.6,32.4,27.8,83.0,4.1,17.0,,1009.4,,Tangerang (Soekarno-Hatta),Banten,Banten,4.722222222222222,9.799999999999997,47.24693724775124,2023,4,101,2,11,0.8660254037844387,-0.4999999999999998,0.986146248341595,-0.16587819893463143,Transition,2,3,1,4.1
2023-04-12,96749,JB,Jawa Barat,25.0,34.1,28.0,81.0,4.3,19.7,,1008.8,,Tangerang (Soekarno-Hatta),Banten,Banten,5.472222222222222,9.100000000000001,53.22109665220446,2023,4,102,2,12,0.8660254037844387,-0.4999999999999998,0.9831469737221499,-0.1828169249850199,Transition,2,3,1,4.3
2023-04-13,96749,JB,Jawa Barat,25.0,33.4,28.4,78.0,1.1,17.1,,1009.0,,Tangerang (Soekarno-Hatta),Banten,Banten,4.75,8.399999999999999,48.67927588161772,2023,4,103,2,13,0.8660254037844387,-0.4999999999999998,0.9798567700958665,-0.1997015525660636,Transition,2,3,1,1.1
2023-04-14,96749,JB,Jawa Barat,24.0,34.7,28.3,81.0,4.6,11.0,,1009.1,,Tangerang (Soekarno-Hatta),Banten,Banten,3.0555555555555554,10.700000000000003,55.859642855084466,2023,4,104,2,14,0.8660254037844387,-0.4999999999999998,0.9762766110869321,-0.21652708524481437,Transition,2,3,1,4.6
2023-04-15,96749,JB,Jawa Barat,23.4,34.4,28.8,78.0,8.5,10.5,,1008.7,,Tangerang (Soekarno-Hatta),Banten,Banten,2.9166666666666665,11.0,52.69179366081784,2023,4,105,2,15,0.8660254037844387,-0.4999999999999998,0.9724075561219968,-0.23328854407545518,Transition,2,3,1,8.5
2023-04-16,96749,JB,Jawa Barat,24.0,34.2,27.9,82.0,11.1,11.7,,1008.7,,Tangerang (Soekarno-Hatta),Banten,Banten,3.2499999999999996,10.200000000000003,54.265986823235544,2023,4,106,2,16,0.8660254037844387,-0.4999999999999998,0.9682507501166718,-0.2499809690726521,Transition,2,3,1,11.1
2023-04-17,96749,JB,Jawa Barat,24.6,34.2,29.5,78.0,5.0,11.2,,1009.8,,Tangerang (Soekarno-Hatta),Banten,Banten,3.1111111111111107,9.600000000000001,51.86714384673792,2023,4,107,2,17,0.8660254037844387,-0.4999999999999998,0.9638074231367307,-0.26659942067929354,Transition,2,3,1,5.0
2023-04-18,96749,JB,Jawa Barat,25.9,32.0,29.0,82.0,3.1,9.4,,1010.4,,Tangerang (Soekarno-Hatta),Banten,Banten,2.611111111111111,6.100000000000001,45.23544914355571,2023,4,108,2,18,0.8660254037844387,-0.4999999999999998,0.9590788900341131,-0.28313898122818354,Transition,2,3,1,3.1
2023-04-19,96749,JB,Jawa Barat,25.2,33.0,28.7,82.0,13.5,9.6,,1008.4,,Tangerang (Soekarno-Hatta),Banten,Banten,2.6666666666666665,7.800000000000001,49.166276723555654,2023,4,109,2,19,0.8660254037844387,-0.4999999999999998,0.9540665500578387,-0.2995947563972602,Transition,2,3,1,13.5
2023-04-20,96749,JB,Jawa Barat,25.7,32.0,28.8,81.0,3.8,7.1,,1006.8,,Tangerang (Soekarno-Hatta),Banten,Banten,1.972222222222222,6.300000000000001,44.79892668844457,2023,4,110,2,20,0.8660254037844387,-0.4999999999999998,0.9487718864399473,-0.31596187665790293,Transition,2,3,1,3.8
2023-04-21,96749,JB,Jawa Barat,25.1,33.0,28.7,81.0,1.1,9.9,,1007.6,,Tangerang (Soekarno-Hatta),Banten,Banten,2.75,7.899999999999999,48.65180904844447,2023,4,111,2,21,0.8660254037844387,-0.4999999999999998,0.9431964659565866,-0.33223549871590435,Transition,2,3,1,1.1
2023-04-22,96749,JB,Jawa Barat,25.5,33.0,29.2,82.0,4.1,11.6,,1007.6,,Tangerang (Soekarno-Hatta),Banten,Banten,3.222222222222222,7.5,49.166276723555654,2023,4,112,2,22,0.8660254037844387,-0.4999999999999998,0.9373419384643772,-0.3484108069446808,Transition,2,3,1,4.1
2023-04-23,96749,JB,Jawa Barat,25.8,33.0,29.0,82.0,13.4,10.8,,1008.6,,Tangerang (Soekarno-Hatta),Banten,Banten,3.0,7.199999999999999,49.166276723555654,2023,4,113,2,23,0.8660254037844387,-0.4999999999999998,0.9312100364121947,-0.3644830148102912,Transition,2,3,1,13.4
2023-04-24,96749,JB,Jawa Barat,25.2,33.0,29.0,80.0,2.2,9.6,,1008.6,,Tangerang (Soekarno-Hatta),Banten,Banten,2.6666666666666665,7.800000000000001,48.14457048177787,2023,4,114,2,24,0.8660254037844387,-0.4999999999999998,0.9248025743285089,-0.38044736628785164,Transition,2,3,1,2.2
2023-04-25,96749,JB,Jawa Barat,25.0,33.0,28.5,79.0,3.4,10.1,,1008.3,,Tangerang (Soekarno-Hatta),Banten,Banten,2.8055555555555554,8.0,47.64456102355569,2023,4,115,2,25,0.8660254037844387,-0.4999999999999998,0.9181214482844364,-0.39629913726891813,Transition,2,3,1,3.4
2023-04-26,96749,JB,Jawa Barat,24.0,33.2,29.1,79.0,1.0,8.2,,1007.9,,Tangerang (Soekarno-Hatta),Banten,Banten,2.2777777777777777,9.200000000000003,48.41816579683557,2023,4,116,2,26,0.8660254037844387,-0.4999999999999998,0.9111686353326631,-0.41203363695942635,Transition,2,3,1,1.0
2023-04-27,96749,JB,Jawa Barat,25.8,33.0,29.2,80.0,4.5,9.2,,1008.1,,Tangerang (Soekarno-Hatta),Banten,Banten,2.5555555555555554,7.199999999999999,48.14457048177787,2023,4,117,2,27,0.8660254037844387,-0.4999999999999998,0.9039461929224011,-0.42764620926777464,Transition,2,3,1,4.5
2023-04-28,96749,JB,Jawa Barat,25.0,32.1,28.6,83.0,0.6,7.4,,1008.5,,Tangerang (Soekarno-Hatta),Banten,Banten,2.055555555555556,7.100000000000001,46.06599821935107,2023,4,118,2,28,0.8660254037844387,-0.4999999999999998,0.8964562582905575,-0.44313223418263453,Transition,2,3,1,0.6
2023-04-29,96749,JB,Jawa Barat,23.7,32.8,28.5,83.0,1.1,7.4,,1008.1,,Tangerang (Soekarno-Hatta),Banten,Banten,2.055555555555556,9.099999999999998,48.86256761287125,2023,4,119,2,29,0.8660254037844387,-0.4999999999999998,0.8887010478292915,-0.45848712914008766,Transition,2,3,1,1.1
2023-04-30,96749,JB,Jawa Barat,24.8,33.0,29.3,82.0,20.6,6.4,,1007.0,,Tangerang (Soekarno-Hatta),Banten,Banten,1.777777777777778,8.2,49.166276723555654,2023,4,120,2,30,0.8660254037844387,-0.4999999999999998,0.8806828564301475,-0.47370635037968,Transition,2,3,1,20.6
2023-05-01,96749,JB,Jawa Barat,25.2,31.6,28.2,86.0,4.7,6.8,,1007.6,,Tangerang (Soekarno-Hatta),Banten,Banten,1.8888888888888888,6.400000000000002,45.427781720604436,2023,5,121,2,1,0.49999999999999994,-0.8660254037844387,0.8724040568049612,-0.48878539428899265,Transition,2,3,1,4.7
2023-05-02,96749,JB,Jawa Barat,23.8,32.4,28.8,82.0,2.9,7.7,,1008.6,,Tangerang (Soekarno-Hatta),Banten,Banten,2.138888888888889,8.599999999999998,46.772987720675786,2023,5,122,2,2,0.49999999999999994,-0.8660254037844387,0.8638670987837349,-0.503719798736334,Transition,2,3,1,2.9
2023-05-03,96749,JB,Jawa Barat,25.2,33.0,29.1,83.0,4.7,9.1,,1009.0,,Tangerang (Soekarno-Hatta),Banten,Banten,2.5277777777777777,7.800000000000001,49.68797350711129,2023,5,123,2,3,0.49999999999999994,-0.8660254037844387,0.8550745085896932,-0.518505144391157,Transition,2,3,1,4.7
2023-05-04,96749,JB,Jawa Barat,25.4,32.2,28.7,84.0,7.4,8.0,,1008.6,,Tangerang (Soekarno-Hatta),Banten,Banten,2.2222222222222223,6.800000000000004,46.921447910791194,2023,5,124,2,4,0.49999999999999994,-0.8660254037844387,0.8460288880917339,-0.533137056031809,Transition,2,3,1,7.4
2023-05-05,96749,JB,Jawa Barat,24.6,33.4,28.7,83.0,9.9,8.5,,1007.0,,Tangerang (Soekarno-Hatta),Banten,Banten,2.361111111111111,8.799999999999997,51.3739667189511,2023,5,125,2,5,0.49999999999999994,-0.8660254037844387,0.8367329140344921,-0.5476112038402312,Transition,2,3,1,9.9
2023-05-06,96749,JB,Jawa Barat,22.7,32.8,28.9,81.0,2.1,8.1,,1007.0,,Tangerang (Soekarno-Hatta),Banten,Banten,2.25,10.099999999999998,47.85829806508437,2023,5,126,2,6,0.49999999999999994,-0.8660254037844387,0.8271893372462497,-0.5619233046832195,Transition,2,3,1,2.1
2023-05-07,96749,JB,Jawa Barat,25.7,32.8,28.3,84.0,11.7,9.6,,1008.1,,Tangerang (Soekarno-Hatta),Banten,Banten,2.6666666666666665,7.099999999999998,49.37525219079113,2023,5,127,2,7,0.49999999999999994,-0.8660254037844387,0.8174009818249189,-0.5760691233798758,Transition,2,3,1,11.7
2023-05-08,96749,JB,Jawa Barat,25.0,34.2,28.3,82.0,3.9,10.5,,1008.5,,Tangerang (Soekarno-Hatta),Banten,Banten,2.9166666666666665,9.200000000000003,54.265986823235544,2023,5,128,2,8,0.49999999999999994,-0.8660254037844387,0.8073707443023492,-0.5900444739548627,Transition,2,3,1,3.9
2023-05-09,96749,JB,Jawa Barat,24.0,34.0,29.9,79.0,0.1,12.4,,1008.7,,Tangerang (Soekarno-Hatta),Banten,Banten,3.4444444444444446,10.0,51.624635667555665,2023,5,129,2,9,0.49999999999999994,-0.8660254037844387,0.7971015927871943,-0.6038452208771035,Transition,2,3,1,0.1
2023-05-10,96749,JB,Jawa Barat,25.7,34.0,29.7,81.0,3.4,12.5,,1008.8,,Tangerang (Soekarno-Hatta),Banten,Banten,3.4722222222222223,8.3,52.791372800444464,2023,5,130,2,10,0.49999999999999994,-0.8660254037844387,0.7865965660866021,-0.6174672802835514,Transition,2,3,1,3.4
2023-05-11,96749,JB,Jawa Barat,26.5,32.2,29.4,80.0,3.3,18.0,,1010.1,,Tangerang (Soekarno-Hatta),Banten,Banten,5.0,5.700000000000003,45.10115965521799,2023,5,131,2,11,0.49999999999999994,-0.8660254037844387,0.7758587728069828,-0.6309066211876704,Transition,2,3,1,3.3
2023-05-12,96749,JB,Jawa Barat,27.9,34.0,30.4,73.0,1.2,20.2,,1010.5,,Tangerang (Soekarno-Hatta),Banten,Banten,5.611111111111111,6.100000000000001,48.321225239555645,2023,5,132,2,12,0.49999999999999994,-0.8660254037844387,0.7648913904341225,-0.6441592666722685,Transition,2,3,1,1.2
2023-05-13,96749,JB,Jawa Barat,25.2,34.0,29.4,82.0,3.3,10.7,,1011.1,,Tangerang (Soekarno-Hatta),Banten,Banten,2.972222222222222,8.8,53.387041427555644,2023,5,133,2,13,0.49999999999999994,-0.8660254037844387,0.753697664392914,-0.6572212950663319,Transition,2,3,1,3.3
2023-05-14,96749,JB,Jawa Barat,24.9,34.0,29.1,73.0,0.0,10.0,,1011.6,,Tangerang (Soekarno-Hatta),Banten,Banten,2.7777777777777777,9.100000000000001,48.321225239555645,2023,5,134,2,14,0.49999999999999994,-0.8660254037844387,0.742280907086982,-0.6700888411055113,Transition,2,3,1,0.0
2023-05-15,96749,JB,Jawa Barat,23.4,34.0,29.5,71.0,0.0,8.7,,1011.4,,Tangerang (Soekarno-Hatta),Banten,Banten,2.4166666666666665,10.600000000000001,47.28568875377776,2023,5,135,2,15,0.49999999999999994,-0.8660254037844387,0.7306444969184916,-0.6827580970759147,Transition,2,3,1,0.0
2023-05-16,96749,JB,Jawa Barat,25.1,33.0,29.2,73.0,0.5,10.5,,1012.1,,Tangerang (Soekarno-Hatta),Banten,Banten,2.9166666666666665,7.899999999999999,44.796315551555686,2023,5,136,2,16,0.49999999999999994,-0.8660254037844387,0.7187918772884232,-0.6952253139408722,Transition,2,3,1,0.5
2023-05-17,96749,JB,Jawa Barat,25.3,33.0,29.1,74.0,0.3,11.7,,1011.9,,Tangerang (Soekarno-Hatta),Banten,Banten,3.2499999999999996,7.699999999999999,45.252950359111125,2023,5,137,2,17,0.49999999999999994,-0.8660254037844387,0.7067265555776158,-0.7074868024503348,Transition,2,3,1,0.3
2023-05-18,96749,JB,Jawa Barat,26.0,31.0,28.6,77.0,3.8,8.7,,1011.9,,Tangerang (Soekarno-Hatta),Banten,Banten,2.4166666666666665,5.0,39.837836456444656,2023,5,138,2,18,0.49999999999999994,-0.8660254037844387,0.6944521021088763,-0.719538934232584,Transition,2,3,1,3.8
2023-05-19,96749,JB,Jawa Barat,26.0,32.2,28.8,77.0,2.4,10.4,,1011.5,,Tangerang (Soekarno-Hatta),Banten,Banten,2.888888888888889,6.200000000000003,43.80358495372465,2023,5,139,2,19,0.49999999999999994,-0.8660254037844387,0.6819721490904629,-0.7313781428679254,Transition,2,3,1,2.4
2023-05-20,96749,JB,Jawa Barat,26.0,32.0,29.1,79.0,2.9,11.0,,1010.8,,Tangerang (Soekarno-Hatta),Banten,Banten,3.0555555555555554,6.0,43.94461332355576,2023,5,140,2,20,0.49999999999999994,-0.8660254037844387,0.6692903895412567,-0.7430009249440493,Transition,2,3,1,2.9
2023-05-21,96749,JB,Jawa Barat,26.0,33.2,29.0,80.0,4.9,10.8,,1011.7,,Tangerang (Soekarno-Hatta),Banten,Banten,3.0,7.200000000000003,48.93376432161791,2023,5,141,2,21,0.49999999999999994,-0.8660254037844387,0.6564105761979381,-0.7544038410927472,Transition,2,3,1,4.9
2023-05-22,96749,JB,Jawa Barat,24.2,33.4,29.2,77.0,0.5,8.6,,1011.8,,Tangerang (Soekarno-Hatta),Banten,Banten,2.388888888888889,9.2,48.16319531596448,2023,5,142,2,22,0.49999999999999994,-0.8660254037844387,0.6433365204044917,-0.765583517007675,Transition,2,3,1,0.5
2023-05-23,96749,JB,Jawa Barat,25.3,32.0,28.6,80.0,0.1,7.4,,1011.8,,Tangerang (Soekarno-Hatta),Banten,Banten,2.055555555555556,6.699999999999999,44.36864808177802,2023,5,143,2,23,0.49999999999999994,-0.8660254037844387,0.6300720909843687,-0.7765366444428655,Transition,2,3,1,0.1
2023-05-24,96749,JB,Jawa Barat,24.4,32.0,28.2,81.0,2.8,7.9,,1012.4,,Tangerang (Soekarno-Hatta),Banten,Banten,2.1944444444444446,7.600000000000001,44.79892668844457,2023,5,144,2,24,0.49999999999999994,-0.8660254037844387,0.6166212130956382,-0.7872599821916922,Transition,2,3,1,2.8
2023-05-25,96749,JB,Jawa Barat,24.3,34.0,29.3,76.0,2.4,8.3,,1012.0,,Tangerang (Soekarno-Hatta),Banten,Banten,2.305555555555556,9.7,49.936030271555666,2023,5,145,2,25,0.49999999999999994,-0.8660254037844387,0.6029878670694714,-0.7977503570459932,Transition,2,3,1,2.4
2023-05-26,96749,JB,Jawa Barat,25.4,34.0,29.3,76.0,0.8,11.4,,1011.3,,Tangerang (Soekarno-Hatta),Banten,Banten,3.1666666666666665,8.600000000000001,49.936030271555666,2023,5,146,2,26,0.49999999999999994,-0.8660254037844387,0.5891760872322963,-0.8080046647350754,Transition,2,3,1,0.8
2023-05-27,96749,JB,Jawa Barat,25.2,33.6,29.2,80.0,1.2,10.5,,1009.8,,Tangerang (Soekarno-Hatta),Banten,Banten,2.9166666666666665,8.400000000000002,50.5461613611376,2023,5,147,2,27,0.49999999999999994,-0.8660254037844387,0.5751899607119775,-0.8180198708443174,Transition,2,3,1,1.2
2023-05-28,96749,JB,Jawa Barat,24.4,33.6,29.0,78.0,1.8,8.2,,1008.9,,Tangerang (Soekarno-Hatta),Banten,Banten,2.2777777777777777,9.200000000000003,49.45963317921776,2023,5,148,2,28,0.49999999999999994,-0.8660254037844387,0.5610336262283677,-0.8277930117131022,Transition,2,3,1,1.8
2023-05-29,96749,JB,Jawa Barat,23.2,32.5,29.6,79.0,1.8,8.1,,1009.6,,Tangerang (Soekarno-Hatta),Banten,Banten,2.25,9.3,45.75957130555568,2023,5,149,2,29,0.49999999999999994,-0.8660254037844387,0.5467112728685939,-0.8373211953118121,Transition,2,3,1,1.8
2023-05-30,96749,JB,Jawa Barat,26.0,32.5,28.1,83.0,3.5,8.2,,1010.2,,Tangerang (Soekarno-Hatta),Banten,Banten,2.2777777777777777,6.5,47.64644716111125,2023,5,150,2,30,0.49999999999999994,-0.8660254037844387,0.5322271388474397,-0.8466016020976267,Transition,2,3,1,3.5
2023-05-31,96749,JB,Jawa Barat,24.6,33.2,29.1,78.0,1.8,8.3,,1010.0,,Tangerang (Soekarno-Hatta),Banten,Banten,2.305555555555556,8.600000000000001,47.90999171313795,2023,5,151,2,31,0.49999999999999994,-0.8660254037844387,0.5175855102531889,-0.8556314858488706,Transition,2,3,1,1.8
2023-06-01,96749,JB,Jawa Barat,25.3,33.0,29.0,74.0,1.3,10.9,,1009.8,,Tangerang (Soekarno-Hatta),Banten,Banten,3.0277777777777777,7.699999999999999,45.252950359111125,2023,6,152,2,1,1.2246467991473532e-16,-1.0,0.5027907197793043,-0.8644081744776648,Dry Season,0,3,1,1.3
2023-06-02,96749,JB,Jawa Barat,25.2,34.0,29.4,76.0,0.0,12.2,,1009.9,,Tangerang (Soekarno-Hatta),Banten,Banten,3.3888888888888884,8.8,49.936030271555666,2023,6,153,2,2,1.2246467991473532e-16,-1.0,0.4878471454423119,-0.8729290708206411,Dry Season,0,3,1,0.0
2023-06-03,96749,JB,Jawa Barat,26.3,33.0,29.5,78.0,0.9,10.6,,1010.5,,Tangerang (Soekarno-Hatta),Banten,Banten,2.944444444444444,6.699999999999999,47.1517806737779,2023,6,154,2,3,1.2246467991473532e-16,-1.0,0.47275920928627757,-0.881191653407483,Dry Season,0,3,1,0.9
2023-06-04,96749,JB,Jawa Barat,25.0,33.0,29.6,77.0,0.6,8.2,,1009.7,,Tangerang (Soekarno-Hatta),Banten,Banten,2.2777777777777777,8.0,46.66622943244462,2023,6,155,2,4,1.2246467991473532e-16,-1.0,0.4575313760742512,-0.8891934772070711,Dry Season,0,3,1,0.6
2023-06-05,96749,JB,Jawa Barat,24.7,33.2,29.1,76.0,1.4,9.7,,1009.3,,Tangerang (Soekarno-Hatta),Banten,Banten,2.694444444444444,8.500000000000004,46.915916868995645,2023,6,156,2,5,1.2246467991473532e-16,-1.0,0.44216815196707204,-0.8969321743510065,Dry Season,0,3,1,1.4
2023-06-06,96749,JB,Jawa Barat,25.4,33.3,27.3,87.0,1.0,9.6,,1009.8,,Tangerang (Soekarno-Hatta),Banten,Banten,2.6666666666666665,7.899999999999999,53.207321668257954,2023,6,157,2,6,1.2246467991473532e-16,-1.0,0.42667408318992467,-0.9044054548343001,Dry Season,0,3,1,1.0
2023-06-07,96749,JB,Jawa Barat,24.0,33.0,28.2,81.0,3.3,11.9,,1010.2,,Tangerang (Soekarno-Hatta),Banten,Banten,3.3055555555555554,9.0,48.65180904844447,2023,6,158,2,7,1.2246467991473532e-16,-1.0,0.4110537546870351,-0.9116111071930239,Dry Season,0,3,1,3.3
2023-06-08,96749,JB,Jawa Barat,25.8,33.0,28.7,81.0,4.3,12.5,,1010.8,,Tangerang (Soekarno-Hatta),Banten,Banten,3.4722222222222223,7.199999999999999,48.65180904844447,2023,6,159,2,8,1.2246467991473532e-16,-1.0,0.3953117887649151,-0.9185469991587165,Dry Season,0,3,1,4.3
2023-06-09,96749,JB,Jawa Barat,23.7,33.0,28.8,80.0,0.3,11.0,,1009.9,,Tangerang (Soekarno-Hatta),Banten,Banten,3.0555555555555554,9.3,48.14457048177787,2023,6,160,2,9,1.2246467991473532e-16,-1.0,0.37945284372454435,-0.925211078289358,Dry Season,0,3,1,0.3
2023-06-10,96749,JB,Jawa Barat,25.9,32.3,28.8,78.0,0.9,8.2,,1009.3,,Tangerang (Soekarno-Hatta),Banten,Banten,2.2777777777777777,6.399999999999999,44.585242927837726,2023,6,161,2,10,1.2246467991473532e-16,-1.0,0.36348161248290634,-0.9316013725767187,Dry Season,0,3,1,0.9
2023-06-11,96749,JB,Jawa Barat,23.6,33.0,28.6,76.0,0.0,7.7,,1009.4,,Tangerang (Soekarno-Hatta),Banten,Banten,2.138888888888889,9.399999999999999,46.187907299555505,2023,6,162,2,11,1.2246467991473532e-16,-1.0,0.3474028211842774,-0.9377159910299093,Dry Season,0,3,1,0.0
2023-06-12,96749,JB,Jawa Barat,23.9,33.0,28.8,78.0,0.0,11.8,,1009.8,,Tangerang (Soekarno-Hatta),Banten,Banten,3.2777777777777777,9.100000000000001,47.1517806737779,2023,6,163,2,12,1.2246467991473532e-16,-1.0,0.3312212278016865,-0.9435531242349544,Dry Season,0,3,1,0.0
2023-06-13,96749,JB,Jawa Barat,25.3,33.0,29.2,79.0,3.2,9.9,,1009.5,,Tangerang (Soekarno-Hatta),Banten,Banten,2.75,7.699999999999999,47.64456102355569,2023,6,164,2,13,1.2246467991473532e-16,-1.0,0.31494162072895193,-0.9491110448902284,Dry Season,0,3,1,3.2
2023-06-14,96749,JB,Jawa Barat,25.5,33.0,28.5,81.0,7.5,10.2,,1010.7,,Tangerang (Soekarno-Hatta),Banten,Banten,2.833333333333333,7.5,48.65180904844447,2023,6,165,2,14,1.2246467991473532e-16,-1.0,0.2985688173637202,-0.9543881083175908,Dry Season,0,3,1,7.5
2023-06-15,96749,JB,Jawa Barat,24.0,33.0,28.4,80.0,6.2,13.1,,1010.4,,Tangerang (Soekarno-Hatta),Banten,Banten,3.638888888888889,9.0,48.14457048177787,2023,6,166,2,15,1.2246467991473532e-16,-1.0,0.2821076626819194,-0.9593827529490743,Dry Season,0,3,1,6.2
2023-06-16,96749,JB,Jawa Barat,24.0,27.0,25.2,94.0,10.5,8.9,,1010.9,,Tangerang (Soekarno-Hatta),Banten,Banten,2.4722222222222223,3.0,31.163961143555493,2023,6,167,2,16,1.2246467991473532e-16,-1.0,0.26556302780405594,-0.9640935007889755,Dry Season,0,3,1,10.5
2023-06-17,96749,JB,Jawa Barat,23.8,31.2,27.7,83.0,1.3,8.0,,1010.5,,Tangerang (Soekarno-Hatta),Banten,Banten,2.2222222222222223,7.399999999999999,42.6814975392713,2023,6,168,2,17,1.2246467991473532e-16,-1.0,0.24893980855376657,-0.9685189578512204,Dry Season,0,3,1,1.3
2023-06-18,96749,JB,Jawa Barat,24.2,32.3,28.5,83.0,3.2,9.3,,1010.2,,Tangerang (Soekarno-Hatta),Banten,Banten,2.5833333333333335,8.099999999999998,46.850359119671076,2023,6,169,2,18,1.2246467991473532e-16,-1.0,0.23224292400907015,-0.9726578145718654,Dry Season,0,3,1,3.2
2023-06-19,96749,JB,Jawa Barat,24.5,32.0,27.0,87.0,16.5,8.0,,1010.7,,Tangerang (Soekarno-Hatta),Banten,Banten,2.2222222222222223,7.5,47.51171914577806,2023,6,170,2,19,1.2246467991473532e-16,-1.0,0.21547731504673012,-0.976508846196619,Dry Season,0,3,1,16.5
2023-06-20,96749,JB,Jawa Barat,23.4,32.2,28.9,80.0,0.0,10.8,,1010.6,,Tangerang (Soekarno-Hatta),Banten,Banten,3.0,8.800000000000004,45.10115965521799,2023,6,171,2,20,1.2246467991473532e-16,-1.0,0.19864794288017112,-0.9800709131432666,Dry Season,0,3,1,0.0
2023-06-21,96749,JB,Jawa Barat,24.4,33.1,28.9,79.0,2.6,9.1,,1010.6,,Tangerang (Soekarno-Hatta),Banten,Banten,2.5277777777777777,8.700000000000003,48.02996277547555,2023,6,172,2,21,1.2246467991473532e-16,-1.0,0.18175978759137534,-0.9833429613388902,Dry Season,0,3,1,2.6
2023-06-22,96749,JB,Jawa Barat,25.0,33.0,28.7,79.0,1.7,11.0,,1009.9,,Tangerang (Soekarno-Hatta),Banten,Banten,3.0555555555555554,8.0,47.64456102355569,2023,6,173,2,22,1.2246467991473532e-16,-1.0,0.16481784665719793,-0.9863240225317866,Dry Season,0,3,1,1.7
2023-06-23,96749,JB,Jawa Barat,26.0,33.0,28.9,80.0,3.9,9.8,,1009.5,,Tangerang (Soekarno-Hatta),Banten,Banten,2.7222222222222223,7.0,48.14457048177787,2023,6,174,2,23,1.2246467991473532e-16,-1.0,0.14782713347053048,-0.9890132145779883,Dry Season,0,3,1,3.9
2023-06-24,96749,JB,Jawa Barat,25.4,32.4,28.7,82.0,0.3,7.2,,1009.0,,Tangerang (Soekarno-Hatta),Banten,Banten,2.0,7.0,46.772987720675786,2023,6,175,2,24,1.2246467991473532e-16,-1.0,0.13079267585675922,-0.9914097417023038,Dry Season,0,3,1,0.3
2023-06-25,96749,JB,Jawa Barat,23.8,31.2,27.4,85.0,4.6,9.5,,1008.9,,Tangerang (Soekarno-Hatta),Banten,Banten,2.638888888888889,7.399999999999999,43.46174497299564,2023,6,176,2,25,1.2246467991473532e-16,-1.0,0.11371951458594969,-0.9935128947338007,Dry Season,0,3,1,4.6
2023-06-26,96749,JB,Jawa Barat,22.6,32.0,27.4,83.0,0.7,7.7,,1009.6,,Tangerang (Soekarno-Hatta),Banten,Banten,2.138888888888889,9.399999999999999,45.67821544711137,2023,6,177,2,26,1.2246467991473532e-16,-1.0,0.0966127018812031,-0.9953220513156602,Dry Season,0,3,1,0.7
2023-06-27,96749,JB,Jawa Barat,24.0,32.6,28.0,80.0,0.2,10.0,,1010.5,,Tangerang (Soekarno-Hatta),Banten,Banten,2.7777777777777777,8.600000000000001,46.600192161937834,2023,6,178,2,27,1.2246467991473532e-16,-1.0,0.07947729992362097,-0.9968366760893436,Dry Season,0,3,1,0.2
2023-06-28,96749,JB,Jawa Barat,23.4,33.1,28.7,78.0,2.2,8.2,,1011.1,,Tangerang (Soekarno-Hatta),Banten,Banten,2.2777777777777777,9.700000000000003,47.52950205231772,2023,6,179,2,28,1.2246467991473532e-16,-1.0,0.062318379354325076,-0.998056320853012,Dry Season,0,3,1,2.2
2023-06-29,96749,JB,Jawa Barat,23.5,33.0,28.4,80.0,1.6,7.9,,1010.5,,Tangerang (Soekarno-Hatta),Banten,Banten,2.1944444444444446,9.5,48.14457048177787,2023,6,180,2,29,1.2246467991473532e-16,-1.0,0.04514101777397193,-0.9989806246941579,Dry Season,0,3,1,1.6
2023-06-30,96749,JB,Jawa Barat,25.8,33.2,28.7,78.0,0.8,7.3,,1010.1,,Tangerang (Soekarno-Hatta),Banten,Banten,2.0277777777777777,7.400000000000002,47.90999171313795,2023,6,181,2,30,1.2246467991473532e-16,-1.0,0.02795029824021032,-0.999609314096404,Dry Season,0,3,1,0.8
2023-07-01,96749,JB,Jawa Barat,24.0,32.7,28.7,81.0,10.6,7.1,,1010.7,,Tangerang (Soekarno-Hatta),Banten,Banten,1.972222222222222,8.700000000000003,47.46584279428447,2023,7,182,3,1,-0.4999999999999997,-0.8660254037844388,0.01075130776352193,-0.9999422030204416,Dry Season,0,3,1,10.6
2023-07-02,96749,JB,Jawa Barat,24.8,32.0,28.4,81.0,3.0,8.6,,1011.6,,Tangerang (Soekarno-Hatta),Banten,Banten,2.388888888888889,7.199999999999999,44.79892668844457,2023,7,183,3,2,-0.4999999999999997,-0.8660254037844388,-0.00645086419810515,-0.9999791929590823,Dry Season,0,3,1,3.0
2023-07-03,96749,JB,Jawa Barat,24.0,32.2,28.2,79.0,1.2,8.8,,1010.6,,Tangerang (Soekarno-Hatta),Banten,Banten,2.4444444444444446,8.200000000000003,44.662192708035775,2023,7,184,3,3,-0.4999999999999997,-0.8660254037844388,-0.023651127245231586,-0.9997202729664083,Dry Season,0,3,1,1.2
2023-07-04,96749,JB,Jawa Barat,24.2,32.7,28.2,80.0,0.0,8.3,,1009.8,,Tangerang (Soekarno-Hatta),Banten,Banten,2.305555555555556,8.500000000000004,46.982035571917784,2023,7,185,3,4,-0.4999999999999997,-0.8660254037844388,-0.04084439154329611,-0.9991655196610109,Dry Season,0,3,1,0.0
2023-07-05,96749,JB,Jawa Barat,24.5,33.4,28.7,76.0,2.5,8.2,,1009.5,,Tangerang (Soekarno-Hatta),Banten,Banten,2.2777777777777777,8.899999999999999,47.654733950915606,2023,7,186,3,5,-0.4999999999999997,-0.8660254037844388,-0.05802556932878035,-0.9983150972033183,Dry Season,0,3,1,2.5
2023-07-06,96749,JB,Jawa Barat,25.4,30.3,26.8,88.0,6.1,5.9,,1011.0,,Tangerang (Soekarno-Hatta),Banten,Banten,1.6388888888888888,4.900000000000002,41.182629370815526,2023,7,187,3,6,-0.4999999999999997,-0.8660254037844388,-0.07518957641475855,-0.9971692572470178,Dry Season,0,3,1,6.1
2023-07-07,96749,JB,Jawa Barat,24.6,32.0,26.6,88.0,2.3,8.0,,1011.7,,Tangerang (Soekarno-Hatta),Banten,Banten,2.2222222222222223,7.399999999999999,47.98570469155576,2023,7,188,3,7,-0.4999999999999997,-0.8660254037844388,-0.09233133369539122,-0.9957283388645872,Dry Season,0,3,1,2.3
2023-07-08,96749,JB,Jawa Barat,24.0,32.0,27.4,83.0,6.4,10.6,,1011.7,,Tangerang (Soekarno-Hatta),Banten,Banten,2.944444444444444,8.0,45.67821544711137,2023,7,189,3,8,-0.4999999999999997,-0.8660254037844388,-0.10944576864891556,-0.993992768446958,Dry Season,0,3,1,6.4
2023-07-09,96749,JB,Jawa Barat,23.4,32.6,28.8,79.0,0.4,13.2,,1009.9,,Tangerang (Soekarno-Hatta),Banten,Banten,3.6666666666666665,9.200000000000003,46.13096671027566,2023,7,190,3,9,-0.4999999999999997,-0.8660254037844388,-0.12652781683868314,-0.9919630595773397,Dry Season,0,3,1,0.4
2023-07-10,96749,JB,Jawa Barat,26.9,32.0,29.0,77.0,5.5,15.1,,1009.9,,Tangerang (Soekarno-Hatta),Banten,Banten,4.194444444444445,5.100000000000001,43.11527535244464,2023,7,191,3,10,-0.4999999999999997,-0.8660254037844388,-0.1435724234118113,-0.9896398128792412,Dry Season,0,3,1,5.5
2023-07-11,96749,JB,Jawa Barat,24.8,32.1,28.5,76.0,0.7,9.5,,1010.6,,Tangerang (Soekarno-Hatta),Banten,Banten,2.638888888888889,7.300000000000001,43.045607204015646,2023,7,192,3,11,-0.4999999999999997,-0.8660254037844388,-0.16057454459499376,-0.9870237158387383,Dry Season,0,3,1,0.7
2023-07-12,96749,JB,Jawa Barat,24.1,32.6,28.6,82.0,0.0,7.6,,1010.6,,Tangerang (Soekarno-Hatta),Banten,Banten,2.111111111111111,8.5,47.559153236675634,2023,7,193,3,12,-0.4999999999999997,-0.8660254037844388,-0.17752914918703497,-0.984115542601034,Dry Season,0,3,1,0.0
2023-07-13,96749,JB,Jawa Barat,23.8,33.0,28.3,77.0,0.0,9.1,,1010.9,,Tangerang (Soekarno-Hatta),Banten,Banten,2.5277777777777777,9.2,46.66622943244462,2023,7,194,3,13,-0.4999999999999997,-0.8660254037844388,-0.19443122004766195,-0.9809161537413774,Dry Season,0,3,1,0.0
2023-07-14,96749,JB,Jawa Barat,23.7,33.2,28.4,78.0,1.0,8.7,,1010.7,,Tangerang (Soekarno-Hatta),Banten,Banten,2.4166666666666665,9.500000000000004,47.90999171313795,2023,7,195,3,14,-0.4999999999999997,-0.8660254037844388,-0.2112757555821793,-0.9774264960104055,Dry Season,0,3,1,1.0
2023-07-15,96749,JB,Jawa Barat,24.2,32.6,28.4,76.0,1.9,8.2,,1010.5,,Tangerang (Soekarno-Hatta),Banten,Banten,2.2777777777777777,8.400000000000002,44.764310698115665,2023,7,196,3,15,-0.4999999999999997,-0.8660254037844388,-0.2280577712215198,-0.9736476020539838,Dry Season,0,3,1,1.9
2023-07-16,96749,JB,Jawa Barat,23.8,32.4,28.7,76.0,1.5,7.4,,1010.0,,Tangerang (Soekarno-Hatta),Banten,Banten,2.055555555555556,8.599999999999998,44.068723666115645,2023,7,197,3,16,-0.4999999999999997,-0.8660254037844388,-0.24477230089725957,-0.9695805901076308,Dry Season,0,3,1,1.5
2023-07-17,96749,JB,Jawa Barat,24.6,33.0,28.5,74.0,0.0,12.3,,1009.2,,Tangerang (Soekarno-Hatta),Banten,Banten,3.416666666666667,8.399999999999999,45.252950359111125,2023,7,198,3,17,-0.4999999999999997,-0.8660254037844388,-0.2614143985111562,-0.965226663665613,Dry Season,0,3,1,0.0
2023-07-18,96749,JB,Jawa Barat,23.1,33.0,28.3,71.0,0.0,12.5,,1010.1,,Tangerang (Soekarno-Hatta),Banten,Banten,3.4722222222222223,9.899999999999999,43.90473326177779,2023,7,199,3,18,-0.4999999999999997,-0.8660254037844388,-0.2779791393987801,-0.9605871111248129,Dry Season,0,3,1,0.0
2023-07-19,96749,JB,Jawa Barat,22.4,33.3,28.3,69.0,0.0,11.5,,1009.5,,Tangerang (Soekarno-Hatta),Banten,Banten,3.194444444444444,10.899999999999999,43.98845093545786,2023,7,200,3,19,-0.4999999999999997,-0.8660254037844388,-0.2944616217868012,-0.9556633054034704,Dry Season,0,3,1,0.0
2023-07-20,96749,JB,Jawa Barat,20.5,32.8,27.7,64.0,0.0,7.1,,1009.5,,Tangerang (Soekarno-Hatta),Banten,Banten,1.972222222222222,12.299999999999997,40.45786914243557,2023,7,201,3,20,-0.4999999999999997,-0.8660254037844388,-0.3108569682435036,-0.9504567035349151,Dry Season,0,3,1,0.0
2023-07-21,96749,JB,Jawa Barat,23.0,33.2,28.1,74.0,0.0,7.6,,1011.3,,Tangerang (Soekarno-Hatta),Banten,Banten,2.111111111111111,10.200000000000003,45.95153978919117,2023,7,202,3,21,-0.4999999999999997,-0.8660254037844388,-0.3271603271220951,-0.9449688462364056,Dry Season,0,3,1,0.0
2023-07-22,96749,JB,Jawa Barat,23.0,32.4,28.4,74.0,0.0,9.7,,1011.7,,Tangerang (Soekarno-Hatta),Banten,Banten,2.694444444444444,9.399999999999999,43.22041968903128,2023,7,203,3,22,-0.4999999999999997,-0.8660254037844388,-0.34336687399638804,-0.939201357453208,Dry Season,0,3,1,0.0
2023-07-23,96749,JB,Jawa Barat,23.1,33.0,28.2,76.0,0.1,12.0,,1011.4,,Tangerang (Soekarno-Hatta),Banten,Banten,3.333333333333333,9.899999999999999,46.187907299555505,2023,7,204,3,23,-0.4999999999999997,-0.8660254037844388,-0.3594718130884232,-0.9331559438780432,Dry Season,0,3,1,0.1
2023-07-24,96749,JB,Jawa Barat,24.0,32.0,26.7,89.0,1.1,7.9,,1011.2,,Tangerang (Soekarno-Hatta),Banten,Banten,2.1944444444444446,8.0,48.4659340857778,2023,7,205,3,24,-0.4999999999999997,-0.8660254037844388,-0.3754703786876202,-0.9268343944460494,Dry Season,0,3,1,1.1
2023-07-25,96749,JB,Jawa Barat,23.4,32.2,27.4,85.0,2.0,6.4,,1011.3,,Tangerang (Soekarno-Hatta),Banten,Banten,1.777777777777778,8.800000000000004,47.39262509139572,2023,7,206,3,25,-0.4999999999999997,-0.8660254037844388,-0.3913578365610259,-0.9202385798054075,Dry Season,0,3,1,2.0
2023-07-26,96749,JB,Jawa Barat,23.6,31.5,27.4,81.0,0.5,6.8,,1012.0,,Tangerang (Soekarno-Hatta),Banten,Banten,1.8888888888888888,7.899999999999999,42.97999103044457,2023,7,207,3,26,-0.4999999999999997,-0.8660254037844388,-0.4071294853542516,-0.9133704517637858,Dry Season,0,3,1,0.5
2023-07-27,96749,JB,Jawa Barat,24.0,32.2,28.3,79.0,0.0,7.0,,1011.8,,Tangerang (Soekarno-Hatta),Banten,Banten,1.9444444444444444,8.200000000000003,44.662192708035775,2023,7,208,3,27,-0.4999999999999997,-0.8660254037844388,-0.4227806579826773,-0.9062320427107697,Dry Season,0,3,1,0.0
2023-07-28,96749,JB,Jawa Barat,24.4,33.0,28.4,70.0,1.3,12.9,,1011.0,,Tangerang (Soekarno-Hatta),Banten,Banten,3.5833333333333335,8.600000000000001,43.469785779555686,2023,7,209,3,28,-0.4999999999999997,-0.8660254037844388,-0.4383067230125192,-0.898825465016444,Dry Season,0,3,1,1.3
2023-07-29,96749,JB,Jawa Barat,23.7,32.0,27.7,74.0,0.0,14.4,,1011.2,,Tangerang (Soekarno-Hatta),Banten,Banten,4.0,8.3,41.91809725911126,2023,7,210,3,29,-0.4999999999999997,-0.8660254037844388,-0.45370308603134424,-0.8911529104063088,Dry Season,0,3,1,0.0
2023-07-30,96749,JB,Jawa Barat,23.2,32.0,27.6,75.0,0.2,12.8,,1011.1,,Tangerang (Soekarno-Hatta),Banten,Banten,3.555555555555556,8.8,42.310912775111326,2023,7,211,3,30,-0.4999999999999997,-0.8660254037844388,-0.46896519100763184,-0.8832166493127127,Dry Season,0,3,1,0.2
2023-07-31,96749,JB,Jawa Barat,23.2,32.0,27.7,69.0,0.0,14.9,,1010.8,,Tangerang (Soekarno-Hatta),Banten,Banten,4.138888888888889,8.8,40.04767740577785,2023,7,212,3,31,-0.4999999999999997,-0.8660254037844388,-0.48408852163897587,-0.8750190302029955,Dry Season,0,3,1,0.0
2023-08-01,96749,JB,Jawa Barat,23.0,33.0,28.9,75.0,0.0,15.4,,1011.0,,Tangerang (Soekarno-Hatta),Banten,Banten,4.277777777777778,10.0,45.71681427511123,2023,8,213,3,1,-0.8660254037844385,-0.5000000000000004,-0.4990686026885319,-0.8665624788845385,Dry Season,0,3,1,0.0
2023-08-02,96749,JB,Jawa Barat,23.6,32.0,28.3,79.0,2.9,9.5,,1012.1,,Tangerang (Soekarno-Hatta),Banten,Banten,2.638888888888889,8.399999999999999,43.94461332355576,2023,8,214,3,2,-0.8660254037844385,-0.5000000000000004,-0.5139010013093103,-0.8578494977869301,Dry Season,0,3,1,2.9
2023-08-03,96749,JB,Jawa Barat,25.9,34.0,29.1,79.0,0.8,12.5,,1012.7,,Tangerang (Soekarno-Hatta),Banten,Banten,3.4722222222222223,8.100000000000001,51.624635667555665,2023,8,215,3,3,-0.8660254037844385,-0.5000000000000004,-0.5285813283559292,-0.8488826652214553,Dry Season,0,3,1,0.8
2023-08-04,96749,JB,Jawa Barat,24.4,33.0,28.6,78.0,0.0,13.6,,1013.7,,Tangerang (Soekarno-Hatta),Banten,Banten,3.7777777777777777,8.600000000000001,47.1517806737779,2023,8,216,3,4,-0.8660254037844385,-0.5000000000000004,-0.5431052396834317,-0.8396646346181327,Dry Season,0,3,1,0.0
2023-08-05,96749,JB,Jawa Barat,24.0,33.0,28.4,75.0,0.0,11.0,,1013.6,,Tangerang (Soekarno-Hatta),Banten,Banten,3.0555555555555554,9.0,45.71681427511123,2023,8,217,3,5,-0.8660254037844385,-0.5000000000000004,-0.5574684374327892,-0.8301981337405212,Dry Season,0,3,1,0.0
2023-08-06,96749,JB,Jawa Barat,24.0,33.6,28.1,76.0,0.0,8.7,,1012.5,,Tangerang (Soekarno-Hatta),Banten,Banten,2.4166666666666665,9.600000000000001,48.404358545315525,2023,8,218,3,6,-0.8660254037844385,-0.5000000000000004,-0.5716666713027052,-0.8204859638785327,Dry Season,0,3,1,0.0
2023-08-07,96749,JB,Jawa Barat,23.0,33.0,27.6,79.0,0.1,10.3,,1011.4,,Tangerang (Soekarno-Hatta),Banten,Banten,2.861111111111111,10.0,47.64456102355569,2023,8,219,3,7,-0.8660254037844385,-0.5000000000000004,-0.5856957398073508,-0.8105309990194823,Dry Season,0,3,1,0.1
2023-08-08,96749,JB,Jawa Barat,23.9,33.0,28.4,78.0,0.2,14.1,,1011.6,,Tangerang (Soekarno-Hatta),Banten,Banten,3.9166666666666665,9.100000000000001,47.1517806737779,2023,8,220,3,8,-0.8660254037844385,-0.5000000000000004,-0.5995514915196489,-0.8003361849976323,Dry Season,0,3,1,0.2
2023-08-09,96749,JB,Jawa Barat,24.4,33.0,28.4,79.0,0.0,14.7,,1012.6,,Tangerang (Soekarno-Hatta),Banten,Banten,4.083333333333333,8.600000000000001,47.64456102355569,2023,8,221,3,9,-0.8660254037844385,-0.5000000000000004,-0.6132298262997502,-0.7899045386224707,Dry Season,0,3,1,0.0
2023-08-10,96749,JB,Jawa Barat,24.2,32.0,28.3,76.0,0.2,10.2,,1012.6,,Tangerang (Soekarno-Hatta),Banten,Banten,2.833333333333333,7.800000000000001,42.70997213955573,2023,8,222,3,10,-0.8660254037844385,-0.5000000000000004,-0.6267266965083301,-0.7792391467859886,Dry Season,0,3,1,0.2
2023-08-11,96749,JB,Jawa Barat,23.6,32.4,28.1,79.0,0.2,9.4,,1012.1,,Tangerang (Soekarno-Hatta),Banten,Banten,2.611111111111111,8.799999999999997,45.39097717027559,2023,8,223,3,11,-0.8660254037844385,-0.5000000000000004,-0.6400381082043503,-0.7683431655492202,Dry Season,0,3,1,0.2
2023-08-12,96749,JB,Jawa Barat,23.6,32.0,27.8,75.0,0.0,13.2,,1011.2,,Tangerang (Soekarno-Hatta),Banten,Banten,3.6666666666666665,8.399999999999999,42.310912775111326,2023,8,224,3,12,-0.8660254037844385,-0.5000000000000004,-0.65316012232693,-0.7572198192083127,Dry Season,0,3,1,0.0
2023-08-13,96749,JB,Jawa Barat,24.0,32.6,27.6,76.0,0.0,10.9,,1011.2,,Tangerang (Soekarno-Hatta),Banten,Banten,3.0277777777777777,8.600000000000001,44.764310698115665,2023,8,225,3,13,-0.8660254037844385,-0.5000000000000004,-0.666088855860977,-0.7458723993404063,Dry Season,0,3,1,0.0
2023-08-14,96749,JB,Jawa Barat,23.7,32.0,27.6,73.0,0.0,11.2,,1011.5,,Tangerang (Soekarno-Hatta),Banten,Banten,3.1111111111111107,8.3,41.531525591555706,2023,8,226,3,14,-0.8660254037844385,-0.5000000000000004,-0.6788204829862355,-0.734304263829602,Dry Season,0,3,1,0.0
2023-08-15,96749,JB,Jawa Barat,22.2,32.1,28.1,76.0,0.0,9.6,,1012.2,,Tangerang (Soekarno-Hatta),Banten,Banten,2.6666666666666665,9.900000000000002,43.045607204015646,2023,8,227,3,15,-0.8660254037844385,-0.5000000000000004,-0.6913512362094071,-0.722518835873311,Dry Season,0,3,1,0.0
2023-08-16,96749,JB,Jawa Barat,23.4,32.3,27.9,74.0,0.8,9.8,,1012.3,,Tangerang (Soekarno-Hatta),Banten,Banten,2.7222222222222223,8.899999999999999,42.89088673029108,2023,8,228,3,16,-0.8660254037844385,-0.5000000000000004,-0.7036774074790128,-0.7105196029692745,Dry Season,0,3,1,0.8
2023-08-17,96749,JB,Jawa Barat,24.0,33.0,28.0,70.0,0.0,9.6,,1011.2,,Tangerang (Soekarno-Hatta),Banten,Banten,2.6666666666666665,9.0,43.469785779555686,2023,8,229,3,17,-0.8660254037844385,-0.5000000000000004,-0.7157953492826642,-0.6983101158835584,Dry Season,0,3,1,0.0
2023-08-18,96749,JB,Jawa Barat,23.6,33.5,28.3,71.0,0.4,10.1,,1010.9,,Tangerang (Soekarno-Hatta),Banten,Banten,2.8055555555555554,9.899999999999999,45.56354400377794,2023,8,230,3,18,-0.8660254037844385,-0.5000000000000004,-0.7277014757264236,-0.6858939875998223,Dry Season,0,3,1,0.4
2023-08-19,96749,JB,Jawa Barat,23.9,33.0,28.1,76.0,0.0,11.4,,1010.6,,Tangerang (Soekarno-Hatta),Banten,Banten,3.1666666666666665,9.100000000000001,46.187907299555505,2023,8,231,3,19,-0.8660254037844385,-0.5000000000000004,-0.7393922635959241,-0.673274892250183,Dry Season,0,3,1,0.0
2023-08-20,96749,JB,Jawa Barat,25.0,33.1,28.8,73.0,0.0,11.8,,1010.8,,Tangerang (Soekarno-Hatta),Banten,Banten,3.2777777777777777,8.100000000000001,45.137101132595554,2023,8,232,3,20,-0.8660254037844385,-0.5000000000000004,-0.7508642533989489,-0.6604565640279754,Dry Season,0,3,1,0.0
2023-08-21,96749,JB,Jawa Barat,24.7,33.0,28.6,74.0,0.4,13.9,,1010.7,,Tangerang (Soekarno-Hatta),Banten,Banten,3.861111111111111,8.3,45.252950359111125,2023,8,233,3,21,-0.8660254037844385,-0.5000000000000004,-0.7621140503891487,-0.6474427960827475,Dry Season,0,3,1,0.4
2023-08-22,96749,JB,Jawa Barat,24.0,33.0,28.1,74.0,1.2,10.9,,1010.4,,Tangerang (Soekarno-Hatta),Banten,Banten,3.0277777777777777,9.0,45.252950359111125,2023,8,234,3,22,-0.8660254037844385,-0.5000000000000004,-0.7731383255706026,-0.6342374393978054,Dry Season,0,3,1,1.2
2023-08-23,96749,JB,Jawa Barat,22.8,32.7,28.6,74.0,0.0,11.4,,1010.6,,Tangerang (Soekarno-Hatta),Banten,Banten,3.1666666666666665,9.900000000000002,44.224827970291095,2023,8,235,3,23,-0.8660254037844385,-0.5000000000000004,-0.7839338166829201,-0.620844401650647,Dry Season,0,3,1,0.0
2023-08-24,96749,JB,Jawa Barat,24.4,33.0,28.5,76.0,0.0,13.8,,1010.3,,Tangerang (Soekarno-Hatta),Banten,Banten,3.8333333333333335,8.600000000000001,46.187907299555505,2023,8,236,3,24,-0.8660254037844385,-0.5000000000000004,-0.7944973291665992,-0.6072676460566135,Dry Season,0,3,1,0.0
2023-08-25,96749,JB,Jawa Barat,23.2,33.1,28.9,75.0,0.1,10.2,,1010.6,,Tangerang (Soekarno-Hatta),Banten,Banten,2.833333333333333,9.900000000000002,46.072080961271126,2023,8,237,3,25,-0.8660254037844385,-0.5000000000000004,-0.8048257371083452,-0.593511190196115,Dry Season,0,3,1,0.1
2023-08-26,96749,JB,Jawa Barat,24.5,33.2,28.7,75.0,0.0,8.4,,1010.4,,Tangerang (Soekarno-Hatta),Banten,Banten,2.3333333333333335,8.700000000000003,46.43001610855118,2023,8,238,3,26,-0.8660254037844385,-0.5000000000000004,-0.8149159841660791,-0.5795791048257612,Dry Season,0,3,1,0.0
2023-08-27,96749,JB,Jawa Barat,24.5,32.8,27.7,80.0,1.1,10.0,,1010.4,,Tangerang (Soekarno-Hatta),Banten,Banten,2.7777777777777777,8.299999999999997,47.3667130952178,2023,8,239,3,27,-0.8660254037844385,-0.5000000000000004,-0.8247650844733614,-0.5654755126737576,Dry Season,0,3,1,1.1
2023-08-28,96749,JB,Jawa Barat,24.0,32.0,27.5,78.0,0.9,10.1,,1010.3,,Tangerang (Soekarno-Hatta),Banten,Banten,2.8055555555555554,8.0,43.52682241377802,2023,8,240,3,28,-0.8660254037844385,-0.5000000000000004,-0.8343701235229538,-0.5512045872199277,Dry Season,0,3,1,0.9
2023-08-29,96749,JB,Jawa Barat,23.0,32.0,27.7,76.0,0.0,11.8,,1009.9,,Tangerang (Soekarno-Hatta),Banten,Banten,3.2777777777777777,9.0,42.70997213955573,2023,8,241,3,29,-0.8660254037844385,-0.5000000000000004,-0.8437282590292712,-0.5367705514607103,Dry Season,0,3,1,0.0
2023-08-30,96749,JB,Jawa Barat,22.5,33.0,27.6,76.0,0.0,12.5,,1010.6,,Tangerang (Soekarno-Hatta),Banten,Banten,3.4722222222222223,10.5,46.187907299555505,2023,8,242,3,30,-0.8660254037844385,-0.5000000000000004,-0.8528367217694595,-0.522177676659508,Dry Season,0,3,1,0.0
2023-08-31,96749,JB,Jawa Barat,22.2,32.8,27.6,78.0,0.0,7.6,,1011.6,,Tangerang (Soekarno-Hatta),Banten,Banten,2.111111111111111,10.599999999999998,46.404642763537886,2023,8,243,3,31,-0.8660254037844385,-0.5000000000000004,-0.8616928164028522,-0.5074302810827518,Dry Season,0,3,1,0.0
2023-09-01,96749,JB,Jawa Barat,23.0,32.0,27.8,75.0,0.0,7.8,,1010.7,,Tangerang (Soekarno-Hatta),Banten,Banten,2.1666666666666665,9.0,42.310912775111326,2023,9,244,3,1,-1.0,-1.8369701987210297e-16,-0.8702939222685674,-0.49253272872205434,Dry Season,0,3,1,0.0
2023-09-02,96749,JB,Jawa Barat,22.6,32.4,27.9,75.0,0.0,8.3,,1010.1,,Tangerang (Soekarno-Hatta),Banten,Banten,2.305555555555556,9.799999999999997,43.64125184167123,2023,9,245,3,2,-1.0,-1.8369701987210297e-16,-0.8786374941610001,-0.4774894280028391,Dry Season,0,3,1,0.0
2023-09-03,96749,JB,Jawa Barat,25.0,33.0,28.0,72.0,0.0,10.9,,1009.5,,Tangerang (Soekarno-Hatta),Banten,Banten,3.0277777777777777,8.0,44.346909852444576,2023,9,246,3,3,-1.0,-1.8369701987210297e-16,-0.886721063082993,-0.46230483047981086,Dry Season,0,3,1,0.0
2023-09-04,96749,JB,Jawa Barat,23.0,33.0,27.6,61.0,0.0,12.7,,1009.2,,Tangerang (Soekarno-Hatta),Banten,Banten,3.5277777777777777,10.0,39.88056831955562,2023,9,247,3,4,-1.0,-1.8369701987210297e-16,-0.8945422369764496,-0.4469834295196741,Dry Season,0,3,1,0.0
2023-09-05,96749,JB,Jawa Barat,20.2,32.4,27.7,66.0,0.0,11.5,,1010.4,,Tangerang (Soekarno-Hatta),Banten,Banten,3.194444444444444,12.2,40.092790652871265,2023,9,248,3,5,-1.0,-1.8369701987210297e-16,-0.9020987014301837,-0.43152975897147144,Dry Season,0,3,1,0.0
2023-09-06,96749,JB,Jawa Barat,22.0,33.6,28.1,68.0,0.0,8.9,,1011.2,,Tangerang (Soekarno-Hatta),Banten,Banten,2.4722222222222223,11.600000000000001,44.49579548988439,2023,9,249,3,6,-1.0,-1.8369701987210297e-16,-0.9093882203647925,-0.4159483918249421,Dry Season,0,3,1,0.0
2023-09-07,96749,JB,Jawa Barat,23.7,32.1,27.8,73.0,0.0,8.0,,1011.3,,Tangerang (Soekarno-Hatta),Banten,Banten,2.2222222222222223,8.400000000000002,41.846299199795645,2023,9,250,3,7,-1.0,-1.8369701987210297e-16,-0.9164086366943458,-0.4002439388573056,Dry Season,0,3,1,0.0
2023-09-08,96749,JB,Jawa Barat,23.6,32.0,28.2,78.0,1.3,11.3,,1011.1,,Tangerang (Soekarno-Hatta),Banten,Banten,3.138888888888889,8.399999999999999,43.52682241377802,2023,9,251,3,8,-1.0,-1.8369701987210297e-16,-0.9231578729647039,-0.38442104726885545,Dry Season,0,3,1,1.3
2023-09-09,96749,JB,Jawa Barat,25.4,33.0,28.4,74.0,0.5,9.6,,1010.8,,Tangerang (Soekarno-Hatta),Banten,Banten,2.6666666666666665,7.600000000000001,45.252950359111125,2023,9,252,3,9,-1.0,-1.8369701987210297e-16,-0.9296339319682695,-0.3684843993077793,Dry Season,0,3,1,0.5
2023-09-10,96749,JB,Jawa Barat,22.2,32.6,28.1,72.0,0.1,11.6,,1011.7,,Tangerang (Soekarno-Hatta),Banten,Banten,3.222222222222222,10.400000000000002,43.03781681516444,2023,9,253,3,10,-1.0,-1.8369701987210297e-16,-0.9358348973349941,-0.35243871088460327,Dry Season,0,3,1,0.1
2023-09-11,96749,JB,Jawa Barat,23.0,34.0,28.4,65.0,0.0,10.0,,1011.4,,Tangerang (Soekarno-Hatta),Banten,Banten,2.7777777777777777,11.0,44.37588026711102,2023,9,254,3,11,-1.0,-1.8369701987210297e-16,-0.9417589340994617,-0.33628873017668287,Dry Season,0,3,1,0.0
2023-09-12,96749,JB,Jawa Barat,22.0,34.2,29.1,68.0,0.0,12.8,,1011.8,,Tangerang (Soekarno-Hatta),Banten,Banten,3.555555555555556,12.200000000000003,46.45751192940455,2023,9,255,3,12,-1.0,-1.8369701987210297e-16,-0.9474042892438845,-0.32003923622313857,Dry Season,0,3,1,0.0
2023-09-13,96749,JB,Jawa Barat,24.0,33.4,28.7,69.0,0.0,9.4,,1011.6,,Tangerang (Soekarno-Hatta),Banten,Banten,2.611111111111111,9.399999999999999,44.308842012497756,2023,9,256,3,13,-1.0,-1.8369701987210297e-16,-0.9527692922168511,-0.30369503751065885,Dry Season,0,3,1,0.0
2023-09-14,96749,JB,Jawa Barat,24.9,33.0,28.4,66.0,0.0,9.9,,1011.6,,Tangerang (Soekarno-Hatta),Banten,Banten,2.75,8.100000000000001,41.80228693511116,2023,9,257,3,14,-1.0,-1.8369701987210297e-16,-0.9578523554276669,-0.28726097055059635,Dry Season,0,3,1,0.0
2023-09-15,96749,JB,Jawa Barat,23.4,34.0,28.6,70.0,0.0,13.8,,1011.8,,Tangerang (Soekarno-Hatta),Banten,Banten,3.8333333333333335,10.600000000000001,46.78022057155552,2023,9,258,3,15,-1.0,-1.8369701987210297e-16,-0.9626519747161487,-0.2707418984477642,Dry Season,0,3,1,0.0
2023-09-16,96749,JB,Jawa Barat,24.2,35.0,28.9,70.0,1.1,12.5,,1011.7,,Tangerang (Soekarno-Hatta),Banten,Banten,3.4722222222222223,10.8,50.340578055555646,2023,9,259,3,16,-1.0,-1.8369701987210297e-16,-0.9671667297977312,-0.2541427094613622,Dry Season,0,3,1,1.1
2023-09-17,96749,JB,Jawa Barat,25.2,34.0,29.6,68.0,0.6,11.8,,1011.2,,Tangerang (Soekarno-Hatta),Banten,Banten,3.2777777777777777,8.8,45.79388432844457,2023,9,260,3,17,-1.0,-1.8369701987210297e-16,-0.97139528468375,-0.23746831555846842,Dry Season,0,3,1,0.6
2023-09-18,96749,JB,Jawa Barat,25.8,34.0,29.6,70.0,0.3,9.1,,1010.5,,Tangerang (Soekarno-Hatta),Banten,Banten,2.5277777777777777,8.2,46.78022057155552,2023,9,261,3,18,-1.0,-1.8369701987210297e-16,-0.9753363880767837,-0.2207236509605022,Dry Season,0,3,1,0.3
2023-09-19,96749,JB,Jawa Barat,25.2,34.0,29.3,74.0,9.2,8.1,,1010.3,,Tangerang (Soekarno-Hatta),Banten,Banten,2.25,8.8,48.851293543111154,2023,9,262,3,19,-1.0,-1.8369701987210297e-16,-0.9789888737409319,-0.20391367068311472,Dry Season,0,3,1,9.2
2023-09-20,96749,JB,Jawa Barat,26.0,35.0,29.5,70.0,0.5,11.8,,1010.0,,Tangerang (Soekarno-Hatta),Banten,Banten,3.2777777777777777,9.0,50.340578055555646,2023,9,263,3,20,-1.0,-1.8369701987210297e-16,-0.9823516608469237,-0.18704334906991657,Dry Season,0,3,1,0.5
2023-09-21,96749,JB,Jawa Barat,26.1,34.0,29.6,70.0,4.6,10.8,,1010.4,,Tangerang (Soekarno-Hatta),Banten,Banten,3.0,7.899999999999999,46.78022057155552,2023,9,264,3,21,-1.0,-1.8369701987210297e-16,-0.9854237542919524,-0.17011767832049052,Dry Season,0,3,1,4.6
2023-09-22,96749,JB,Jawa Barat,24.7,37.0,29.4,67.0,0.0,13.8,,1010.3,,Tangerang (Soekarno-Hatta),Banten,Banten,3.8333333333333335,12.3,56.06469134355556,2023,9,265,3,22,-1.0,-1.8369701987210297e-16,-0.9882042449941422,-0.15314166701312007,Dry Season,0,3,1,0.0
2023-09-23,96749,JB,Jawa Barat,24.0,33.0,28.3,66.0,0.0,10.3,,1010.4,,Tangerang (Soekarno-Hatta),Banten,Banten,2.861111111111111,9.0,41.80228693511116,2023,9,266,3,23,-1.0,-1.8369701987210297e-16,-0.9906923101615609,-0.13612033862266704,Dry Season,0,3,1,0.0
2023-09-24,96749,JB,Jawa Barat,24.0,34.0,28.6,70.0,0.1,8.5,,1010.5,,Tangerang (Soekarno-Hatta),Banten,Banten,2.361111111111111,10.0,46.78022057155552,2023,9,267,3,24,-1.0,-1.8369701987210297e-16,-0.9928872135356962,-0.11905873003404988,Dry Season,0,3,1,0.1
2023-09-25,96749,JB,Jawa Barat,23.4,36.0,29.6,63.0,0.0,9.7,,1010.1,,Tangerang (Soekarno-Hatta),Banten,Banten,2.694444444444444,12.600000000000001,49.836380788444565,2023,9,268,3,25,-1.0,-1.8369701987210297e-16,-0.994788305609327,-0.10196189005174576,Dry Season,0,3,1,0.0
2023-09-26,96749,JB,Jawa Barat,25.1,36.0,29.9,61.0,0.0,9.8,,1010.1,,Tangerang (Soekarno-Hatta),Banten,Banten,2.7222222222222223,10.899999999999999,48.694563231555634,2023,9,269,3,26,-1.0,-1.8369701987210297e-16,-0.9963950238187231,-0.08483487790576538,Dry Season,0,3,1,0.0
2023-09-27,96749,JB,Jawa Barat,22.9,37.0,29.6,59.0,0.0,12.7,,1010.2,,Tangerang (Soekarno-Hatta),Banten,Banten,3.5277777777777777,14.100000000000001,50.826220872444466,2023,9,270,3,27,-1.0,-1.8369701987210297e-16,-0.9977068927101168,-0.06768276175455162,Dry Season,0,3,1,0.0
2023-09-28,96749,JB,Jawa Barat,23.8,36.0,29.5,61.0,0.0,16.0,,1010.6,,Tangerang (Soekarno-Hatta),Banten,Banten,4.444444444444445,12.2,48.694563231555634,2023,9,271,3,28,-1.0,-1.8369701987210297e-16,-0.9987235240803972,-0.050510617185222886,Dry Season,0,3,1,0.0
2023-09-29,96749,JB,Jawa Barat,24.7,36.0,29.7,64.0,0.3,11.7,,1012.2,,Tangerang (Soekarno-Hatta),Banten,Banten,3.2499999999999996,11.3,50.42243794755569,2023,9,272,3,29,-1.0,-1.8369701987210297e-16,-0.9994446170919858,-0.033323525711631344,Dry Season,0,3,1,0.3
2023-09-30,96749,JB,Jawa Barat,24.7,34.0,29.1,74.0,0.2,9.9,,1011.9,,Tangerang (Soekarno-Hatta),Banten,Banten,2.75,9.3,48.851293543111154,2023,9,273,3,30,-1.0,-1.8369701987210297e-16,-0.9998699583618592,-0.016126573270657762,Dry Season,0,3,1,0.2
2023-10-01,96749,JB,Jawa Barat,23.9,34.0,28.8,74.0,0.2,9.3,,1011.3,,Tangerang (Soekarno-Hatta),Banten,Banten,2.5833333333333335,10.100000000000001,48.851293543111154,2023,10,274,4,1,-0.8660254037844386,0.5000000000000001,-0.9999994220246925,0.001075151282798226,Transition,2,3,1,0.2
2023-10-02,96749,JB,Jawa Barat,24.6,35.0,29.3,68.0,0.0,9.7,,1011.8,,Tangerang (Soekarno-Hatta),Banten,Banten,2.694444444444444,10.399999999999999,49.20924354444452,2023,10,275,4,2,-0.8660254037844386,0.5000000000000001,-0.999832969770105,0.018276557681691223,Transition,2,3,1,0.0
2023-10-03,96749,JB,Jawa Barat,25.0,35.0,29.4,65.0,0.0,9.9,,1012.4,,Tangerang (Soekarno-Hatta),Banten,Banten,2.75,10.0,47.58091661111112,2023,10,276,4,3,-0.8660254037844386,0.5000000000000001,-0.9993706508539969,0.03547255575312556,Transition,2,3,1,0.0
2023-10-04,96749,JB,Jawa Barat,24.6,36.0,29.4,71.0,0.0,8.7,,1011.8,,Tangerang (Soekarno-Hatta),Banten,Banten,2.4166666666666665,11.399999999999999,54.80760783377783,2023,10,277,4,4,-0.8660254037844386,0.5000000000000001,-0.9986126020839734,0.052658056924614005,Transition,2,3,1,0.0
2023-10-05,96749,JB,Jawa Barat,23.7,35.0,29.4,75.0,0.0,12.1,,1010.9,,Tangerang (Soekarno-Hatta),Banten,Banten,3.3611111111111107,11.3,53.32915561111123,2023,10,278,4,5,-0.8660254037844386,0.5000000000000001,-0.9975590477788613,0.06982797572987089,Transition,2,3,1,0.0
2023-10-06,96749,JB,Jawa Barat,25.0,34.0,29.5,73.0,0.4,9.3,,1010.9,,Tangerang (Soekarno-Hatta),Banten,Banten,2.5833333333333335,9.0,48.321225239555645,2023,10,279,4,6,-0.8660254037844386,0.5000000000000001,-0.9962102997023297,0.0869772313136861,Transition,2,3,1,0.4
2023-10-07,96749,JB,Jawa Barat,24.6,36.0,29.7,76.0,0.5,9.0,,1010.9,,Tangerang (Soekarno-Hatta),Banten,Banten,2.5,11.399999999999999,58.242839651555755,2023,10,280,4,7,-0.8660254037844386,0.5000000000000001,-0.9945667569706337,0.1041007489354256,Transition,2,3,1,0.5
2023-10-08,96749,JB,Jawa Barat,25.1,36.0,29.8,71.0,0.0,11.7,,1011.6,,Tangerang (Soekarno-Hatta),Banten,Banten,3.2499999999999996,10.899999999999999,54.80760783377783,2023,10,281,4,8,-0.8660254037844386,0.5000000000000001,-0.9926289059345095,0.121193461470736,Transition,2,3,1,0.0
2023-10-09,96749,JB,Jawa Barat,24.7,36.0,29.8,72.0,1.1,14.4,,1011.7,,Tangerang (Soekarno-Hatta),Banten,Banten,4.0,11.3,55.47445635644457,2023,10,282,4,9,-0.8660254037844386,0.5000000000000001,-0.9903973200352558,0.1382503109109819,Transition,2,3,1,1.1
2023-10-10,96749,JB,Jawa Barat,27.9,36.0,30.9,68.0,0.7,11.4,,1011.5,,Tangerang (Soekarno-Hatta),Banten,Banten,3.1666666666666665,8.100000000000001,52.86765578844451,2023,10,283,4,10,-0.8660254037844386,0.5000000000000001,-0.9878726596350429,0.15526624985999563,Transition,2,3,1,0.7
2023-10-11,96749,JB,Jawa Barat,26.1,35.0,30.4,70.0,2.7,10.4,,1011.0,,Tangerang (Soekarno-Hatta),Banten,Banten,2.888888888888889,8.899999999999999,50.340578055555646,2023,10,284,4,11,-0.8660254037844386,0.5000000000000001,-0.9850556718215013,0.172236243027682,Transition,2,3,1,2.7
2023-10-12,96749,JB,Jawa Barat,26.0,37.0,30.4,70.0,0.0,10.8,,1011.7,,Tangerang (Soekarno-Hatta),Banten,Banten,3.0,11.0,58.211061099555494,2023,10,285,4,12,-0.8660254037844386,0.5000000000000001,-0.981947190186646,0.18915526872004093,Transition,2,3,1,0.0
2023-10-13,96749,JB,Jawa Barat,26.5,36.0,30.3,71.0,0.0,9.3,,1011.5,,Tangerang (Soekarno-Hatta),Banten,Banten,2.5833333333333335,9.5,54.80760783377783,2023,10,286,4,13,-0.8660254037844386,0.5000000000000001,-0.9785481345802031,0.20601832032517084,Transition,2,3,1,0.0
2023-10-14,96749,JB,Jawa Barat,26.6,36.0,30.4,65.0,0.3,9.7,,1010.6,,Tangerang (Soekarno-Hatta),Banten,Banten,2.694444444444444,9.399999999999999,51.01859402711115,2023,10,287,4,14,-0.8660254037844386,0.5000000000000001,-0.9748595108374125,0.22282040779479959,Transition,2,3,1,0.3
2023-10-15,96749,JB,Jawa Barat,26.0,35.0,30.2,65.0,0.5,13.8,,1010.8,,Tangerang (Soekarno-Hatta),Banten,Banten,3.8333333333333335,9.0,47.58091661111112,2023,10,288,4,15,-0.8660254037844386,0.5000000000000001,-0.9708824104813836,0.23955655912092708,Transition,2,3,1,0.5
2023-10-16,96749,JB,Jawa Barat,25.2,37.0,30.4,69.0,0.0,9.2,,1010.4,,Tangerang (Soekarno-Hatta),Banten,Banten,2.5555555555555554,11.8,57.484577645777755,2023,10,289,4,16,-0.8660254037844386,0.5000000000000001,-0.9666180104000972,0.2562218218071163,Transition,2,3,1,0.0
2023-10-17,96749,JB,Jawa Barat,25.9,37.0,30.4,64.0,0.4,11.8,,1010.7,,Tangerang (Soekarno-Hatta),Banten,Banten,3.2777777777777777,11.100000000000001,54.017563403555535,2023,10,290,4,17,-0.8660254037844386,0.5000000000000001,-0.9620675724981452,0.27281126433401914,Transition,2,3,1,0.4
2023-10-18,96749,JB,Jawa Barat,24.7,35.0,29.6,68.0,0.0,13.0,,1011.2,,Tangerang (Soekarno-Hatta),Banten,Banten,3.611111111111111,10.3,49.20924354444452,2023,10,291,4,18,-0.8660254037844386,0.5000000000000001,-0.957232443323312,0.28931997761869527,Transition,2,3,1,0.0
2023-10-19,96749,JB,Jawa Barat,25.3,35.0,30.3,68.0,0.0,15.7,,1011.7,,Tangerang (Soekarno-Hatta),Banten,Banten,4.361111111111111,9.7,49.20924354444452,2023,10,292,4,19,-0.8660254037844386,0.5000000000000001,-0.9521140536681102,0.3057430764672831,Transition,2,3,1,0.0
2023-10-20,96749,JB,Jawa Barat,27.0,35.0,30.1,68.0,2.9,11.0,,1011.5,,Tangerang (Soekarno-Hatta),Banten,Banten,3.0555555555555554,8.0,49.20924354444452,2023,10,293,4,20,-0.8660254037844386,0.5000000000000001,-0.9467139181463862,0.3220757010206104,Transition,2,3,1,2.9
2023-10-21,96749,JB,Jawa Barat,25.6,36.0,29.8,69.0,0.9,10.2,,1011.4,,Tangerang (Soekarno-Hatta),Banten,Banten,2.833333333333333,10.399999999999999,53.50420754977784,2023,10,294,4,21,-0.8660254037844386,0.5000000000000001,-0.9410336347451197,0.3383130181923076,Transition,2,3,1,0.9
2023-10-22,96749,JB,Jawa Barat,26.0,36.0,30.4,66.0,0.7,9.0,,1011.8,,Tangerang (Soekarno-Hatta),Banten,Banten,2.5,10.0,51.62484902711131,2023,10,295,4,22,-0.8660254037844386,0.5000000000000001,-0.9350748843515574,0.3544502230989869,Transition,2,3,1,0.7
2023-10-23,96749,JB,Jawa Barat,25.2,35.0,29.7,67.0,0.5,9.0,,1011.5,,Tangerang (Soekarno-Hatta),Banten,Banten,2.5,9.8,48.657311255555584,2023,10,296,4,23,-0.8660254037844386,0.5000000000000001,-0.9288394302558068,0.3704825404820963,Transition,2,3,1,0.5
2023-10-24,96749,JB,Jawa Barat,25.0,34.0,29.3,67.0,3.4,10.3,,1011.2,,Tangerang (Soekarno-Hatta),Banten,Banten,2.861111111111111,9.0,45.31301626755559,2023,10,297,4,24,-0.8660254037844386,0.5000000000000001,-0.9223291176290545,0.3864052261209853,Transition,2,3,1,3.4
2023-10-25,96749,JB,Jawa Barat,23.5,33.0,28.7,78.0,12.1,7.8,,1011.7,,Tangerang (Soekarno-Hatta),Banten,Banten,2.1666666666666665,9.5,47.1517806737779,2023,10,298,4,25,-0.8660254037844386,0.5000000000000001,-0.9155458729775467,0.40221356823680365,Transition,2,3,1,12.1
2023-10-26,96749,JB,Jawa Barat,25.0,34.0,29.2,71.0,1.8,9.1,,1011.6,,Tangerang (Soekarno-Hatta),Banten,Banten,2.5277777777777777,9.0,47.28568875377776,2023,10,299,4,26,-0.8660254037844386,0.5000000000000001,-0.9084917035725082,0.41790288888678667,Transition,2,3,1,1.8
2023-10-27,96749,JB,Jawa Barat,24.0,34.4,29.3,71.0,0.1,9.8,,1010.7,,Tangerang (Soekarno-Hatta),Banten,Banten,2.7222222222222223,10.399999999999999,48.709005039537786,2023,10,300,4,27,-0.8660254037844386,0.5000000000000001,-0.9011686968561569,0.4334685453485363,Transition,2,3,1,0.1
2023-10-28,96749,JB,Jawa Barat,24.8,35.0,29.2,73.0,0.0,9.4,,1010.5,,Tangerang (Soekarno-Hatta),Banten,Banten,2.611111111111111,10.2,52.10625465555563,2023,10,301,4,28,-0.8660254037844386,0.5000000000000001,-0.8935790198239952,0.4489059314938798,Transition,2,3,1,0.0
2023-10-29,96749,JB,Jawa Barat,23.8,35.8,29.3,73.0,0.0,11.3,,1009.8,,Tangerang (Soekarno-Hatta),Banten,Banten,3.138888888888889,11.999999999999996,55.32156439251575,2023,10,302,4,29,-0.8660254037844386,0.5000000000000001,-0.8857249183835637,0.4642104791518923,Transition,2,3,1,0.0
2023-10-30,96749,JB,Jawa Barat,24.0,35.0,29.3,72.0,0.2,8.8,,1009.4,,Tangerang (Soekarno-Hatta),Banten,Banten,2.4444444444444446,11.0,51.50853914444451,2023,10,303,4,30,-0.8660254037844386,0.5000000000000001,-0.8776087166898392,0.4793776594606945,Transition,2,3,1,0.2
2023-10-31,96749,JB,Jawa Barat,26.6,35.0,30.1,71.0,1.7,9.2,,1009.4,,Tangerang (Soekarno-Hatta),Banten,Banten,2.5555555555555554,8.399999999999999,50.91998027777778,2023,10,304,4,31,-0.8660254037844386,0.5000000000000001,-0.8692328164574792,0.49440298420761813,Transition,2,3,1,1.7
2023-11-01,96749,JB,Jawa Barat,26.0,34.6,28.9,71.0,3.3,10.4,,1010.2,,Tangerang (Soekarno-Hatta),Banten,Banten,2.888888888888889,8.600000000000001,49.43586334433782,2023,11,305,4,1,-0.5000000000000004,0.8660254037844384,-0.8605996962501181,0.5092820071573356,Rainy Season,1,3,1,3.3
2023-11-02,96749,JB,Jawa Barat,24.4,34.5,29.5,73.0,2.2,9.3,,1009.4,,Tangerang (Soekarno-Hatta),Banten,Banten,2.5833333333333335,10.100000000000001,50.18122498155558,2023,11,306,4,2,-0.5000000000000004,0.8660254037844384,-0.8517119107469189,0.5240103253675756,Rainy Season,1,3,1,2.2
2023-11-03,96749,JB,Jawa Barat,25.0,34.4,29.0,74.0,2.8,10.5,,1008.9,,Tangerang (Soekarno-Hatta),Banten,Banten,2.9166666666666665,9.399999999999999,50.36440804023117,2023,11,307,4,3,-0.5000000000000004,0.8660254037844384,-0.8425720899866032,0.5385835804920232,Rainy Season,1,3,1,2.8
2023-11-04,96749,JB,Jawa Barat,24.2,34.5,28.3,80.0,10.8,11.4,,1008.9,,Tangerang (Soekarno-Hatta),Banten,Banten,3.1666666666666665,10.3,54.33985032927789,2023,11,308,4,4,-0.5000000000000004,0.8660254037844384,-0.8331829385891785,0.5529974600700271,Rainy Season,1,3,1,10.8
2023-11-05,96749,JB,Jawa Barat,23.9,32.1,27.8,84.0,7.0,9.9,,1009.6,,Tangerang (Soekarno-Hatta),Banten,Banten,2.75,8.200000000000003,46.522854726931186,2023,11,309,4,5,-0.5000000000000004,0.8660254037844384,-0.8235472349556007,0.5672476988027229,Rainy Season,1,3,1,7.0
2023-11-06,96749,JB,Jawa Barat,24.3,34.0,29.0,79.0,0.9,9.4,,1010.0,,Tangerang (Soekarno-Hatta),Banten,Banten,2.611111111111111,9.7,51.624635667555665,2023,11,310,4,6,-0.5000000000000004,0.8660254037844384,-0.8136678304455991,0.5813300798152042,Rainy Season,1,3,1,0.9
2023-11-07,96749,JB,Jawa Barat,24.9,34.8,29.7,75.0,0.0,9.1,,1009.8,,Tangerang (Soekarno-Hatta),Banten,Banten,2.5277777777777777,9.899999999999999,52.51988917735116,2023,11,311,4,7,-0.5000000000000004,0.8660254037844384,-0.8035476485339116,0.5952404359043674,Rainy Season,1,3,1,0.0
2023-11-08,96749,JB,Jawa Barat,26.0,34.0,29.5,76.0,0.8,9.6,,1009.4,,Tangerang (Soekarno-Hatta),Banten,Banten,2.6666666666666665,8.0,49.936030271555666,2023,11,312,4,8,-0.5000000000000004,0.8660254037844384,-0.7931896839451843,0.6089746507720486,Rainy Season,1,3,1,0.8
2023-11-09,96749,JB,Jawa Barat,24.4,34.5,29.3,74.0,1.8,10.8,,1010.0,,Tangerang (Soekarno-Hatta),Banten,Banten,3.0,10.100000000000001,50.74927391661124,2023,11,313,4,9,-0.5000000000000004,0.8660254037844384,-0.7825970017677834,0.6225286602431057,Rainy Season,1,3,1,1.8
2023-11-10,96749,JB,Jawa Barat,25.2,34.4,29.2,76.0,6.7,11.2,,1010.5,,Tangerang (Soekarno-Hatta),Banten,Banten,3.1111111111111107,9.2,51.51093204771552,2023,11,314,4,10,-0.5000000000000004,0.8660254037844384,-0.7717727365467836,0.6358984534680745,Rainy Season,1,3,1,6.7
2023-11-11,96749,JB,Jawa Barat,24.8,34.0,28.9,83.0,0.9,9.9,,1010.8,,Tangerang (Soekarno-Hatta),Banten,Banten,2.75,9.2,53.99091009511115,2023,11,315,4,11,-0.5000000000000004,0.8660254037844384,-0.7607200913564104,0.6490800741100398,Rainy Season,1,3,1,0.9
2023-11-12,96749,JB,Jawa Barat,23.0,34.8,28.9,79.0,2.9,8.3,,1010.7,,Tangerang (Soekarno-Hatta),Banten,Banten,2.305555555555556,11.799999999999997,55.01038678243562,2023,11,316,4,12,-0.5000000000000004,0.8660254037844384,-0.7494423368521954,0.6620696215153815,Rainy Season,1,3,1,2.9
2023-11-13,96749,JB,Jawa Barat,25.3,35.0,29.7,75.0,6.4,11.9,,1010.3,,Tangerang (Soekarno-Hatta),Banten,Banten,3.3055555555555554,9.7,53.32915561111123,2023,11,317,4,13,-0.5000000000000004,0.8660254037844384,-0.7379428103031386,0.6748632518680403,Rainy Season,1,3,1,6.4
2023-11-14,96749,JB,Jawa Barat,26.0,34.0,29.4,78.0,17.0,11.0,,1010.3,,Tangerang (Soekarno-Hatta),Banten,Banten,3.0555555555555554,8.0,51.053567161777806,2023,11,318,4,14,-0.5000000000000004,0.8660254037844384,-0.7262249146041543,0.6874571793269664,Rainy Season,1,3,1,17.0
2023-11-15,96749,JB,Jawa Barat,24.5,34.2,28.8,78.0,0.2,8.6,,1010.7,,Tangerang (Soekarno-Hatta),Banten,Banten,2.388888888888889,9.700000000000003,51.86714384673792,2023,11,319,4,15,-0.5000000000000004,0.8660254037844384,-0.7142921172691032,0.699847677146407,Rainy Season,1,3,1,0.2
2023-11-16,96749,JB,Jawa Barat,24.8,35.3,29.7,74.0,1.7,9.5,,1010.9,,Tangerang (Soekarno-Hatta),Banten,Banten,2.638888888888889,10.499999999999996,53.923057357891125,2023,11,320,4,16,-0.5000000000000004,0.8660254037844384,-0.7021479494046978,0.7120310787787131,Rainy Season,1,3,1,1.7
2023-11-17,96749,JB,Jawa Barat,25.0,34.0,29.5,76.0,7.1,9.3,,1010.9,,Tangerang (Soekarno-Hatta),Banten,Banten,2.5833333333333335,9.0,49.936030271555666,2023,11,321,4,17,-0.5000000000000004,0.8660254037844384,-0.6897960046655887,0.7240037789593305,Rainy Season,1,3,1,7.1
2023-11-18,96749,JB,Jawa Barat,25.5,34.0,29.1,77.0,4.7,8.4,,1009.9,,Tangerang (Soekarno-Hatta),Banten,Banten,2.3333333333333335,8.5,50.490698696444476,2023,11,322,4,18,-0.5000000000000004,0.8660254037844384,-0.6772399381909491,0.7357622347736527,Rainy Season,1,3,1,4.7
2023-11-19,96749,JB,Jawa Barat,24.1,34.7,29.8,76.0,4.1,10.4,,1009.6,,Tangerang (Soekarno-Hatta),Banten,Banten,2.888888888888889,10.600000000000001,52.72047810009574,2023,11,323,4,19,-0.5000000000000004,0.8660254037844384,-0.6644834655228552,0.7473029667054296,Rainy Season,1,3,1,4.1
2023-11-20,96749,JB,Jawa Barat,25.2,34.0,29.2,78.0,3.5,9.3,,1009.6,,Tangerang (Soekarno-Hatta),Banten,Banten,2.5833333333333335,8.8,51.053567161777806,2023,11,324,4,20,-0.5000000000000004,0.8660254037844384,-0.6515303615068021,0.75862255966641,Rainy Season,1,3,1,3.5
2023-11-21,96749,JB,Jawa Barat,25.7,34.2,29.5,77.0,9.8,9.2,,1008.6,,Tangerang (Soekarno-Hatta),Banten,Banten,2.5555555555555554,8.500000000000004,51.288414371324656,2023,11,325,4,21,-0.5000000000000004,0.8660254037844384,-0.6383844591746642,0.7697176640069211,Rainy Season,1,3,1,9.8
2023-11-22,96749,JB,Jawa Barat,24.2,34.2,29.4,78.0,4.0,8.8,,1008.1,,Tangerang (Soekarno-Hatta),Banten,Banten,2.4444444444444446,10.000000000000004,51.86714384673792,2023,11,326,4,22,-0.5000000000000004,0.8660254037844384,-0.6250496486104377,0.7805849965070866,Rainy Season,1,3,1,4.0
2023-11-23,96749,JB,Jawa Barat,25.6,32.0,28.6,81.0,5.9,8.4,,1007.6,,Tangerang (Soekarno-Hatta),Banten,Banten,2.3333333333333335,6.399999999999999,44.79892668844457,2023,11,327,4,23,-0.5000000000000004,0.8660254037844384,-0.6115298757991053,0.7912213413483807,Rainy Season,1,3,1,5.9
2023-11-24,96749,JB,Jawa Barat,24.5,33.0,28.1,83.0,11.0,9.3,,1007.8,,Tangerang (Soekarno-Hatta),Banten,Banten,2.5833333333333335,8.5,49.68797350711129,2023,11,328,4,24,-0.5000000000000004,0.8660254037844384,-0.5978291414589552,0.801623551065242,Rainy Season,1,3,1,11.0
2023-11-25,96749,JB,Jawa Barat,24.5,28.4,25.5,94.0,9.6,7.0,,1009.1,,Tangerang (Soekarno-Hatta),Banten,Banten,1.9444444444444444,3.8999999999999986,35.880780306275646,2023,11,329,4,25,-0.5000000000000004,0.8660254037844384,-0.5839514998576998,0.8117885474764613,Rainy Season,1,3,1,9.6
2023-11-26,96749,JB,Jawa Barat,22.2,33.2,28.7,81.0,4.0,9.4,,1008.5,,Tangerang (Soekarno-Hatta),Banten,Banten,2.611111111111111,11.000000000000004,49.45678728748458,2023,11,330,4,26,-0.5000000000000004,0.8660254037844384,-0.5699010576127624,0.8217133225960589,Rainy Season,1,3,1,4.0
2023-11-27,96749,JB,Jawa Barat,25.0,31.0,27.5,86.0,16.3,8.6,,1008.9,,Tangerang (Soekarno-Hatta),Banten,Banten,2.388888888888889,6.0,43.094333160444656,2023,11,331,4,27,-0.5000000000000004,0.8660254037844384,-0.5556819724760489,0.8313949395234058,Rainy Season,1,3,1,16.3
2023-11-28,96749,JB,Jawa Barat,24.8,33.0,28.5,80.0,8.3,8.8,,1008.4,,Tangerang (Soekarno-Hatta),Banten,Banten,2.4444444444444446,8.2,48.14457048177787,2023,11,332,4,28,-0.5000000000000004,0.8660254037844384,-0.5412984521036173,0.8408305333122887,Rainy Season,1,3,1,8.3
2023-11-29,96749,JB,Jawa Barat,24.0,33.2,28.4,83.0,3.9,10.8,,1008.0,,Tangerang (Soekarno-Hatta),Banten,Banten,3.0,9.200000000000003,50.52510654247124,2023,11,333,4,29,-0.5000000000000004,0.8660254037844384,-0.5267547528105542,0.8500173118187018,Rainy Season,1,3,1,3.9
2023-11-30,96749,JB,Jawa Barat,24.4,32.1,27.4,88.0,27.1,7.9,,1008.8,,Tangerang (Soekarno-Hatta),Banten,Banten,2.1944444444444446,7.700000000000003,48.413710949295705,2023,11,334,4,30,-0.5000000000000004,0.8660254037844384,-0.5120551783114646,0.8589525565270845,Rainy Season,1,3,1,27.1
2023-12-01,96749,JB,Jawa Barat,23.6,29.4,26.4,93.0,1.0,8.5,,1008.9,,Tangerang (Soekarno-Hatta),Banten,Banten,2.361111111111111,5.799999999999997,39.35091972215119,2023,12,335,4,1,-2.4492935982947064e-16,1.0,-0.4972040784469378,0.8676336233547726,Rainy Season,1,3,1,1.0
2023-12-02,96749,JB,Jawa Barat,24.8,33.0,28.5,82.0,4.3,9.6,,1008.3,,Tangerang (Soekarno-Hatta),Banten,Banten,2.6666666666666665,8.2,49.166276723555654,2023,12,336,4,2,-2.4492935982947064e-16,1.0,-0.4822058478963526,0.8760579434344281,Rainy Season,1,3,1,4.3
2023-12-03,96749,JB,Jawa Barat,24.9,31.6,27.6,85.0,19.4,8.8,,1009.2,,Tangerang (Soekarno-Hatta),Banten,Banten,2.4444444444444446,6.700000000000003,44.99814281811551,2023,12,337,4,3,-2.4492935982947064e-16,1.0,-0.46706492487743034,0.8842230238742036,Rainy Season,1,3,1,19.4
2023-12-04,96749,JB,Jawa Barat,24.6,28.6,26.4,93.0,8.5,6.8,,1010.3,,Tangerang (Soekarno-Hatta),Banten,Banten,1.8888888888888888,4.0,36.37777067255121,2023,12,338,4,4,-2.4492935982947064e-16,1.0,-0.451785789832884,0.8921264484954345,Rainy Season,1,3,1,8.5
2023-12-05,96749,JB,Jawa Barat,23.4,33.0,28.3,80.0,4.8,8.9,,1009.2,,Tangerang (Soekarno-Hatta),Banten,Banten,2.4722222222222223,9.600000000000001,48.14457048177787,2023,12,339,4,5,-2.4492935982947064e-16,1.0,-0.4363729641045924,0.8997658785476209,Rainy Season,1,3,1,4.8
2023-12-06,96749,JB,Jawa Barat,23.6,33.4,28.7,82.0,15.5,8.9,,1009.7,,Tangerang (Soekarno-Hatta),Banten,Banten,2.4722222222222223,9.799999999999997,50.81979015027563,2023,12,340,4,6,-2.4492935982947064e-16,1.0,-0.42083100859565564,0.9071390534005044,Rainy Season,1,3,1,15.5
2023-12-07,96749,JB,Jawa Barat,26.0,32.0,28.6,86.0,4.7,8.3,,1009.3,,Tangerang (Soekarno-Hatta),Banten,Banten,2.305555555555556,6.0,47.04397744844471,2023,12,341,4,7,-2.4492935982947064e-16,1.0,-0.4051645224207563,0.9142437912130223,Rainy Season,1,3,1,4.7
2023-12-08,96749,JB,Jawa Barat,25.9,33.8,28.1,84.0,3.1,10.2,,1009.1,,Tangerang (Soekarno-Hatta),Banten,Banten,2.833333333333333,7.899999999999999,53.70205047399129,2023,12,342,4,8,-2.4492935982947064e-16,1.0,-0.3893781415452015,0.9210779895789526,Rainy Season,1,3,1,3.1
2023-12-09,96749,JB,Jawa Barat,25.0,33.1,28.3,84.0,1.6,7.6,,1009.0,,Tangerang (Soekarno-Hatta),Banten,Banten,2.111111111111111,8.100000000000001,50.64216908733117,2023,12,343,4,9,-2.4492935982947064e-16,1.0,-0.37347653741307074,0.9276396261490467,Rainy Season,1,3,1,1.6
2023-12-10,96749,JB,Jawa Barat,24.8,32.0,28.6,85.0,8.6,8.8,,1008.5,,Tangerang (Soekarno-Hatta),Banten,Banten,2.4444444444444446,7.199999999999999,46.58247959955565,2023,12,344,4,10,-2.4492935982947064e-16,1.0,-0.3574644155648614,0.9339267592294762,Rainy Season,1,3,1,8.6
2023-12-11,96749,JB,Jawa Barat,24.4,33.7,29.1,79.0,5.0,9.3,,1008.0,,Tangerang (Soekarno-Hatta),Banten,Banten,2.5833333333333335,9.300000000000004,50.40119994523554,2023,12,345,4,11,-2.4492935982947064e-16,1.0,-0.34134651424503615,0.9399375283564133,Rainy Season,1,3,1,5.0
2023-12-12,96749,JB,Jawa Barat,25.7,32.0,28.8,81.0,2.7,9.7,,1008.0,,Tangerang (Soekarno-Hatta),Banten,Banten,2.694444444444444,6.300000000000001,44.79892668844457,2023,12,346,4,12,-2.4492935982947064e-16,1.0,-0.3251276029999093,0.9456701548465688,Rainy Season,1,3,1,2.7
2023-12-13,96749,JB,Jawa Barat,24.1,33.6,29.1,77.0,0.0,11.7,,1008.8,,Tangerang (Soekarno-Hatta),Banten,Banten,3.2499999999999996,9.5,48.92808916876442,2023,12,347,4,13,-2.4492935982947064e-16,1.0,-0.30881248126625377,0.9511229423235357,Rainy Season,1,3,1,0.0
2023-12-14,96749,JB,Jawa Barat,24.8,34.4,29.3,75.0,0.0,12.1,,1009.3,,Tangerang (Soekarno-Hatta),Banten,Banten,3.3611111111111107,9.599999999999998,50.93337784327106,2023,12,348,4,14,-2.4492935982947064e-16,1.0,-0.29240597695107734,0.9562942772197719,Rainy Season,1,3,1,0.0
2023-12-15,96749,JB,Jawa Barat,23.5,34.6,29.1,74.0,0.0,11.5,,1009.1,,Tangerang (Soekarno-Hatta),Banten,Banten,3.194444444444444,11.100000000000001,51.13677469383121,2023,12,349,4,15,-2.4492935982947064e-16,1.0,-0.27591294500296043,0.9611826292540837,Rainy Season,1,3,1,0.0
2023-12-16,96749,JB,Jawa Barat,24.0,34.2,29.0,72.0,0.0,11.6,,1008.9,,Tangerang (Soekarno-Hatta),Banten,Banten,3.222222222222222,10.200000000000003,48.520654606524516,2023,12,350,4,16,-2.4492935982947064e-16,1.0,-0.2593382659754056,0.9657865518844574,Rainy Season,1,3,1,0.0
2023-12-17,96749,JB,Jawa Barat,24.0,34.4,29.0,75.0,0.0,12.1,,1009.4,,Tangerang (Soekarno-Hatta),Banten,Banten,3.3611111111111107,10.399999999999999,50.93337784327106,2023,12,351,4,17,-2.4492935982947064e-16,1.0,-0.2426868445825954,0.9701046827361175,Rainy Season,1,3,1,0.0
2023-12-18,96749,JB,Jawa Barat,23.6,35.6,29.2,74.0,0.2,12.7,,1009.3,,Tangerang (Soekarno-Hatta),Banten,Banten,3.5277777777777777,12.0,55.156702012231165,2023,12,352,4,18,-2.4492935982947064e-16,1.0,-0.22596360824801906,0.974135744004672,Rainy Season,1,3,1,0.2
2023-12-19,96749,JB,Jawa Barat,25.0,35.2,29.3,67.0,0.0,13.3,,1009.6,,Tangerang (Soekarno-Hatta),Banten,Banten,3.6944444444444446,10.200000000000003,49.35492185763578,2023,12,353,4,19,-2.4492935982947064e-16,1.0,-0.20917350564635637,0.9778785428342386,Rainy Season,1,3,1,0.0
2023-12-20,96749,JB,Jawa Barat,22.2,35.7,28.8,63.0,0.0,14.1,,1009.0,,Tangerang (Soekarno-Hatta),Banten,Banten,3.9166666666666665,13.500000000000004,48.8241201618044,2023,12,354,4,20,-2.4492935982947064e-16,1.0,-0.19232150523909483,0.9813319716704275,Rainy Season,1,3,1,0.0
2023-12-21,96749,JB,Jawa Barat,22.4,34.0,28.3,69.0,0.0,11.8,,1009.7,,Tangerang (Soekarno-Hatta),Banten,Banten,3.2777777777777777,11.600000000000001,46.282952429777794,2023,12,355,4,21,-2.4492935982947064e-16,1.0,-0.17541259380427843,0.9844950085880858,Rainy Season,1,3,1,0.0
2023-12-22,96749,JB,Jawa Barat,24.0,34.0,28.9,73.0,0.0,8.5,,1010.4,,Tangerang (Soekarno-Hatta),Banten,Banten,2.361111111111111,10.0,48.321225239555645,2023,12,356,4,22,-2.4492935982947064e-16,1.0,-0.15845177496083632,0.9873667175937016,Rainy Season,1,3,1,0.0
2023-12-23,96749,JB,Jawa Barat,24.3,34.0,30.2,69.0,2.7,8.0,,1010.6,,Tangerang (Soekarno-Hatta),Banten,Banten,2.2222222222222223,9.7,46.282952429777794,2023,12,357,4,23,-2.4492935982947064e-16,1.0,-0.14144406768794202,0.9899462489023779,Rainy Season,1,3,1,2.7
2023-12-24,96749,JB,Jawa Barat,26.0,34.2,29.9,71.0,6.4,9.6,,1010.5,,Tangerang (Soekarno-Hatta),Banten,Banten,2.6666666666666665,8.200000000000003,47.99228017601781,2023,12,358,4,24,-2.4492935982947064e-16,1.0,-0.12439450483979998,0.9922328391893008,Rainy Season,1,3,1,6.4
2023-12-25,96749,JB,Jawa Barat,24.2,33.6,27.8,83.0,10.1,9.2,,1011.1,,Tangerang (Soekarno-Hatta),Banten,Banten,2.5555555555555554,9.400000000000002,52.234554036550975,2023,12,359,4,25,-2.4492935982947064e-16,1.0,-0.10730813165636247,0.9942258118156161,Rainy Season,1,3,1,10.1
2023-12-26,96749,JB,Jawa Barat,24.2,31.4,28.1,84.0,8.3,7.7,,1011.5,,Tangerang (Soekarno-Hatta),Banten,Banten,2.138888888888889,7.199999999999999,43.81569600903108,2023,12,360,4,26,-2.4492935982947064e-16,1.0,-0.09019000427034513,0.9959245770286599,Rainy Season,1,3,1,8.3
2023-12-27,96749,JB,Jawa Barat,24.9,33.0,28.3,84.0,4.4,8.5,,1011.9,,Tangerang (Soekarno-Hatta),Banten,Banten,2.361111111111111,8.100000000000001,50.21689939911124,2023,12,361,4,27,-2.4492935982947064e-16,1.0,-0.07304518821104743,0.9973286321364752,Rainy Season,1,3,1,4.4
2023-12-28,96749,JB,Jawa Barat,24.9,33.1,29.0,80.0,12.9,8.7,,1010.6,,Tangerang (Soekarno-Hatta),Banten,Banten,2.4166666666666665,8.200000000000003,48.537750345037836,2023,12,362,4,28,-2.4492935982947064e-16,1.0,-0.05587875690537313,0.9984375616565666,Rainy Season,1,3,1,12.9
2023-12-29,96749,JB,Jawa Barat,25.0,33.2,28.7,82.0,7.4,8.9,,1009.5,,Tangerang (Soekarno-Hatta),Banten,Banten,2.4722222222222223,8.200000000000003,49.98723469443562,2023,12,363,4,29,-2.4492935982947064e-16,1.0,-0.03869579017652689,0.9992510374388481,Rainy Season,1,3,1,7.4
2023-12-30,96749,JB,Jawa Barat,24.6,32.6,28.3,87.0,9.0,6.8,,1009.5,,Tangerang (Soekarno-Hatta),Banten,Banten,1.8888888888888888,8.0,50.07619859009788,2023,12,364,4,30,-2.4492935982947064e-16,1.0,-0.021501372740813793,0.999768818762748,Rainy Season,1,3,1,9.0
2023-12-31,96749,JB,Jawa Barat,25.3,33.0,28.3,85.0,9.8,9.2,,1009.6,,Tangerang (Soekarno-Hatta),Banten,Banten,2.5555555555555554,7.699999999999999,50.753054399555715,2023,12,365,4,31,-2.4492935982947064e-16,1.0,-0.004300592702981974,0.9999907524084426,Rainy Season,1,3,1,9.8
2023-01-01,97180,SN,Sulawesi Selatan,24.0,31.0,27.7,78.0,7.3,7.5,,1010.2,,Makassar (Sultan Hasanuddin),South Sulawesi,Sulawesi Selatan,2.0833333333333335,7.0,40.17869238177787,2023,1,1,1,1,0.49999999999999994,0.8660254037844387,0.017201575418260506,0.9998520419557735,Rainy Season,1,7,6,7.3
2023-01-02,97180,SN,Sulawesi Selatan,25.0,31.0,27.9,78.0,3.9,8.2,,1009.3,,Makassar (Sultan Hasanuddin),South Sulawesi,Sulawesi Selatan,2.2777777777777777,6.0,40.17869238177787,2023,1,2,1,2,0.49999999999999994,0.8660254037844387,0.03439806061360801,0.9994082116062598,Rainy Season,1,7,6,3.9
2023-01-03,97180,SN,Sulawesi Selatan,23.0,28.7,24.8,92.0,21.8,7.3,,1009.2,,Makassar (Sultan Hasanuddin),South Sulawesi,Sulawesi Selatan,2.0277777777777777,5.699999999999999,36.50384433149127,2023,1,3,1,3,0.49999999999999994,0.8660254037844387,0.051584366869408364,0.9986686402879997,Rainy Season,1,7,6,21.8
2023-01-04,97180,SN,Sulawesi Selatan,22.9,26.0,24.0,94.0,52.1,9.2,,1009.4,,Makassar (Sultan Hasanuddin),South Sulawesi,Sulawesi Selatan,2.5555555555555554,3.1000000000000014,27.110000000000007,2023,1,4,1,4,0.49999999999999994,0.8660254037844387,0.06875540848113941,0.9976335468520451,Rainy Season,1,7,6,52.1
2023-01-05,97180,SN,Sulawesi Selatan,23.0,25.6,24.1,95.0,48.8,7.2,,1010.0,,Makassar (Sultan Hasanuddin),South Sulawesi,Sulawesi Selatan,2.0,2.6000000000000014,26.696111111111115,2023,1,5,1,5,0.49999999999999994,0.8660254037844387,0.08590610426133272,0.9963032375991965,Rainy Season,1,7,6,48.8
2023-01-06,97180,SN,Sulawesi Selatan,23.3,29.4,26.1,86.0,11.6,6.5,,1010.2,,Makassar (Sultan Hasanuddin),South Sulawesi,Sulawesi Selatan,1.8055555555555556,6.099999999999998,37.40476118540448,2023,1,6,1,6,0.49999999999999994,0.8660254037844387,0.10303137904317879,0.9946781061893646,Rainy Season,1,7,6,11.6
2023-01-07,97180,SN,Sulawesi Selatan,24.0,30.0,26.5,84.0,16.2,6.7,,1009.0,,Makassar (Sultan Hasanuddin),South Sulawesi,Sulawesi Selatan,1.8611111111111112,6.0,38.837094811111115,2023,1,7,1,7,0.49999999999999994,0.8660254037844387,0.1201261651823505,0.9927586335250793,Rainy Season,1,7,6,16.2
2023-01-08,97180,SN,Sulawesi Selatan,24.0,31.4,26.9,83.0,12.1,7.9,,1009.9,,Makassar (Sultan Hasanuddin),South Sulawesi,Sulawesi Selatan,2.1944444444444446,7.399999999999999,43.413086304551115,2023,1,8,1,8,0.49999999999999994,0.8660254037844387,0.13718540405660057,0.9905453876091833,Rainy Season,1,7,6,12.1
2023-01-09,97180,SN,Sulawesi Selatan,24.0,28.4,24.6,86.0,12.3,7.0,,1011.7,,Makassar (Sultan Hasanuddin),South Sulawesi,Sulawesi Selatan,1.9444444444444444,4.399999999999999,34.242440504604566,2023,1,9,1,9,0.49999999999999994,0.8660254037844387,0.1542040475626894,0.988039023376751,Rainy Season,1,7,6,12.3
2023-01-10,97180,SN,Sulawesi Selatan,23.0,29.0,25.1,84.0,20.1,6.3,,1011.2,,Makassar (Sultan Hasanuddin),South Sulawesi,Sulawesi Selatan,1.75,6.0,35.63663782311106,2023,1,10,1,10,0.49999999999999994,0.8660254037844387,0.17117705961019986,0.985240282501282,Rainy Season,1,7,6,20.1
2023-01-11,97180,SN,Sulawesi Selatan,22.7,31.6,26.9,80.0,4.4,6.6,,1010.1,,Makassar (Sultan Hasanuddin),South Sulawesi,Sulawesi Selatan,1.8333333333333333,8.900000000000002,42.937634294737755,2023,1,11,1,11,0.49999999999999994,0.8660254037844387,0.18809941761179758,0.9821499931752291,Rainy Season,1,7,6,4.4
2023-01-12,97180,SN,Sulawesi Selatan,24.0,31.5,26.6,82.0,5.0,6.4,,1010.1,,Makassar (Sultan Hasanuddin),South Sulawesi,Sulawesi Selatan,1.777777777777778,7.5,43.37876177505563,2023,1,12,1,12,0.49999999999999994,0.8660254037844387,0.20496611396949532,0.9787690698649216,Rainy Season,1,7,6,5.0
2023-01-13,97180,SN,Sulawesi Selatan,23.0,32.2,27.1,74.0,0.0,6.0,,1009.6,,Makassar (Sultan Hasanuddin),South Sulawesi,Sulawesi Selatan,1.6666666666666665,9.200000000000003,42.56398867239123,2023,1,13,1,13,0.49999999999999994,0.8660254037844387,0.22177215755648186,0.975098513039961,Rainy Season,1,7,6,0.0
2023-01-14,97180,SN,Sulawesi Selatan,23.4,31.6,27.4,76.0,2.4,6.7,,1008.4,,Makassar (Sultan Hasanuddin),South Sulawesi,Sulawesi Selatan,1.8611111111111112,8.200000000000003,41.39445066291547,2023,1,14,1,14,0.49999999999999994,0.8660254037844387,0.23851257519407648,0.9711394088771653,Rainy Season,1,7,6,2.4
2023-01-15,97180,SN,Sulawesi Selatan,25.0,32.0,27.7,80.0,19.2,8.2,,1008.0,,Makassar (Sultan Hasanuddin),South Sulawesi,Sulawesi Selatan,2.2777777777777777,7.0,44.36864808177802,2023,1,15,1,15,0.49999999999999994,0.8660254037844387,0.2551824131233728,0.9668929289391521,Rainy Season,1,7,6,19.2
2023-01-16,97180,SN,Sulawesi Selatan,24.0,32.6,28.8,76.0,18.6,6.1,,1008.7,,Makassar (Sultan Hasanuddin),South Sulawesi,Sulawesi Selatan,1.6944444444444442,8.600000000000001,44.764310698115665,2023,1,16,1,16,0.49999999999999994,0.8660254037844387,0.2717767384711357,0.9623603298276545,Rainy Season,1,7,6,18.6
2023-01-17,97180,SN,Sulawesi Selatan,24.0,33.0,27.8,78.0,14.5,7.0,,1009.9,,Makassar (Sultan Hasanuddin),South Sulawesi,Sulawesi Selatan,1.9444444444444444,9.0,47.1517806737779,2023,1,17,1,17,0.49999999999999994,0.8660254037844387,0.2882906407095177,0.9575429528116719,Rainy Season,1,7,6,14.5
2023-01-18,97180,SN,Sulawesi Selatan,24.0,30.2,25.7,84.0,1.5,7.9,,1010.6,,Makassar (Sultan Hasanuddin),South Sulawesi,Sulawesi Selatan,2.1944444444444446,6.199999999999999,39.512754881191334,2023,1,18,1,18,0.49999999999999994,0.8660254037844387,0.3047192331091634,0.9524422234305676,Rainy Season,1,7,6,1.5
2023-01-19,97180,SN,Sulawesi Selatan,23.0,29.0,25.1,86.0,15.0,8.4,,1010.5,,Makassar (Sultan Hasanuddin),South Sulawesi,Sulawesi Selatan,2.3333333333333335,6.0,36.10349490044448,2023,1,19,1,19,0.49999999999999994,0.8660254037844387,0.321057654185271,0.9470596510722283,Rainy Season,1,7,6,15.0
2023-01-20,97180,SN,Sulawesi Selatan,22.9,32.0,26.1,83.0,11.1,5.4,,1009.6,,Makassar (Sultan Hasanuddin),South Sulawesi,Sulawesi Selatan,1.5,9.100000000000001,45.67821544711137,2023,1,20,1,20,0.49999999999999994,0.8660254037844387,0.3373010691361842,0.9413968285264122,Rainy Season,1,7,6,11.1
2023-01-21,97180,SN,Sulawesi Selatan,23.6,31.8,26.9,77.0,10.6,7.0,,1008.5,,Makassar (Sultan Hasanuddin),South Sulawesi,Sulawesi Selatan,1.9444444444444444,8.2,42.43790635852447,2023,1,21,1,21,0.49999999999999994,0.8660254037844387,0.3534446712740877,0.9354554315134164,Rainy Season,1,7,6,10.6
2023-01-22,97180,SN,Sulawesi Selatan,24.0,30.8,26.1,81.0,14.9,8.1,,1007.5,,Makassar (Sultan Hasanuddin),South Sulawesi,Sulawesi Selatan,2.25,6.800000000000001,40.55388729388446,2023,1,22,1,22,0.49999999999999994,0.8660254037844387,0.3694836834473831,0.9292372181882051,Rainy Season,1,7,6,14.9
2023-01-23,97180,SN,Sulawesi Selatan,24.0,29.3,25.8,85.0,19.6,8.0,,1007.0,,Makassar (Sultan Hasanuddin),South Sulawesi,Sulawesi Selatan,2.2222222222222223,5.300000000000001,36.81852130779576,2023,1,23,1,23,0.49999999999999994,0.8660254037844387,0.38541335945432564,0.9227440286201427,Rainy Season,1,7,6,19.6
2023-01-24,97180,SN,Sulawesi Selatan,23.0,30.3,25.4,88.0,7.9,7.5,,1006.8,,Makassar (Sultan Hasanuddin),South Sulawesi,Sulawesi Selatan,2.0833333333333335,7.300000000000001,41.182629370815526,2023,1,24,1,24,0.49999999999999994,0.8660254037844387,0.4012289854475009,0.9159777842484877,Rainy Season,1,7,6,7.9
2023-01-25,97180,SN,Sulawesi Selatan,23.0,31.0,26.7,84.0,6.3,9.1,,1006.3,,Makassar (Sultan Hasanuddin),South Sulawesi,Sulawesi Selatan,2.5277777777777777,8.0,42.33395740311135,2023,1,25,1,25,0.49999999999999994,0.8660254037844387,0.4169258813287287,0.908940487313808,Rainy Season,1,7,6,6.3
2023-01-26,97180,SN,Sulawesi Selatan,23.0,29.9,25.4,86.0,26.9,9.2,,1007.4,,Makassar (Sultan Hasanuddin),South Sulawesi,Sulawesi Selatan,2.5555555555555554,6.899999999999999,39.099477815304574,2023,1,26,1,26,0.49999999999999994,0.8660254037844387,0.4324994021339788,0.901634220265486,Rainy Season,1,7,6,26.9
2023-01-27,97180,SN,Sulawesi Selatan,23.0,29.9,25.8,89.0,28.9,10.0,,1007.5,,Makassar (Sultan Hasanuddin),South Sulawesi,Sulawesi Selatan,2.7777777777777777,6.899999999999999,40.02408948409792,2023,1,27,1,27,0.49999999999999994,0.8660254037844387,0.44794493940789115,0.8940611451454876,Rainy Season,1,7,6,28.9
2023-01-28,97180,SN,Sulawesi Selatan,23.8,28.7,24.8,92.0,27.9,6.8,,1007.5,,Makassar (Sultan Hasanuddin),South Sulawesi,Sulawesi Selatan,1.8888888888888888,4.899999999999999,36.50384433149127,2023,1,28,1,28,0.49999999999999994,0.8660254037844387,0.4632579225674917,0.88622350294858,Rainy Season,1,7,6,27.9
2023-01-29,97180,SN,Sulawesi Selatan,23.6,27.4,24.9,94.0,19.4,6.6,,1008.4,,Makassar (Sultan Hasanuddin),South Sulawesi,Sulawesi Selatan,1.8333333333333333,3.799999999999997,32.446046096675566,2023,1,29,1,29,0.49999999999999994,0.8660254037844387,0.4784338202547012,0.8781236129591848,Rainy Season,1,7,6,19.4
2023-01-30,97180,SN,Sulawesi Selatan,23.0,28.1,24.2,96.0,25.5,5.6,,1009.4,,Makassar (Sultan Hasanuddin),South Sulawesi,Sulawesi Selatan,1.5555555555555554,5.100000000000001,35.20436062303803,2023,1,30,1,30,0.49999999999999994,0.8660254037844387,0.49346814167723735,0.8697638720650646,Rainy Season,1,7,6,25.5
2023-01-31,97180,SN,Sulawesi Selatan,23.0,30.4,25.6,86.0,8.9,6.4,,1008.3,,Makassar (Sultan Hasanuddin),South Sulawesi,Sulawesi Selatan,1.777777777777778,7.399999999999999,40.869898638204496,2023,1,31,1,31,0.49999999999999994,0.8660254037844387,0.5083564379375122,0.8611467540480452,Rainy Season,1,7,6,8.9
2023-02-01,97180,SN,Sulawesi Selatan,23.0,31.8,26.1,83.0,35.1,7.6,,1007.9,,Makassar (Sultan Hasanuddin),South Sulawesi,Sulawesi Selatan,2.111111111111111,8.8,44.911445258471005,2023,2,32,1,1,0.8660254037844386,0.5000000000000001,0.5230943033491326,0.8522748088519838,Rainy Season,1,7,6,35.1
2023-02-02,97180,SN,Sulawesi Selatan,23.8,27.0,25.4,91.0,24.6,7.8,,1009.7,,Makassar (Sultan Hasanuddin),South Sulawesi,Sulawesi Selatan,2.1666666666666665,3.1999999999999993,30.84067739955555,2023,2,33,1,2,0.8660254037844386,0.5000000000000001,0.5376773767406141,0.8431506618282,Rainy Season,1,7,6,24.6
2023-02-03,97180,SN,Sulawesi Selatan,23.0,29.6,25.2,87.0,16.1,8.5,,1009.2,,Makassar (Sultan Hasanuddin),South Sulawesi,Sulawesi Selatan,2.361111111111111,6.600000000000001,38.35540447889791,2023,2,34,1,3,0.8660254037844386,0.5000000000000001,0.5521013427459208,0.8337770129585915,Rainy Season,1,7,6,16.1
2023-02-04,97180,SN,Sulawesi Selatan,23.0,31.5,26.9,76.0,3.9,8.0,,1008.2,,Makassar (Sultan Hasanuddin),South Sulawesi,Sulawesi Selatan,2.2222222222222223,8.5,41.072324989055566,2023,2,35,1,4,0.8660254037844386,0.5000000000000001,0.5663619330814524,0.8241566360566663,Rainy Season,1,7,6,3.9
2023-02-05,97180,SN,Sulawesi Selatan,22.5,32.3,27.3,79.0,4.1,8.5,,1007.5,,Makassar (Sultan Hasanuddin),South Sulawesi,Sulawesi Selatan,2.361111111111111,9.799999999999997,45.02518430443548,2023,2,36,1,5,0.8660254037844386,0.5000000000000001,0.580454927809098,0.8142923779467267,Rainy Season,1,7,6,4.1
2023-02-06,97180,SN,Sulawesi Selatan,24.0,31.8,26.2,79.0,3.0,8.6,,1008.0,,Makassar (Sultan Hasanuddin),South Sulawesi,Sulawesi Selatan,2.388888888888889,7.800000000000001,43.23823901683544,2023,2,37,1,6,0.8660254037844386,0.5000000000000001,0.5943761565849831,0.804187157621448,Rainy Season,1,7,6,3.0
2023-02-07,97180,SN,Sulawesi Selatan,23.2,32.1,27.6,72.0,1.5,8.7,,1008.4,,Makassar (Sultan Hasanuddin),South Sulawesi,Sulawesi Selatan,2.4166666666666665,8.900000000000002,41.459215903464624,2023,2,38,1,7,0.8660254037844386,0.5000000000000001,0.6081214998935418,0.7938439653781019,Rainy Season,1,7,6,1.5
2023-02-08,97180,SN,Sulawesi Selatan,24.0,31.4,26.1,79.0,13.4,6.1,,1009.1,,Makassar (Sultan Hasanuddin),South Sulawesi,Sulawesi Selatan,1.6944444444444442,7.399999999999999,41.85910563667566,2023,2,39,1,8,0.8660254037844386,0.5000000000000001,0.6216868902665479,0.7832658619336791,Rainy Season,1,7,6,13.4
2023-02-09,97180,SN,Sulawesi Selatan,23.6,29.4,26.0,84.0,18.8,6.9,,1009.0,,Makassar (Sultan Hasanuddin),South Sulawesi,Sulawesi Selatan,1.9166666666666667,5.799999999999997,36.881251945831146,2023,2,40,1,9,0.8660254037844386,0.5000000000000001,0.6350683134867438,0.7724559775191742,Rainy Season,1,7,6,18.8
2023-02-10,97180,SN,Sulawesi Selatan,24.0,30.4,25.2,83.0,3.0,7.1,,1008.8,,Makassar (Sultan Hasanuddin),South Sulawesi,Sulawesi Selatan,1.972222222222222,6.399999999999999,39.872413889351044,2023,2,41,1,10,0.8660254037844386,0.5000000000000001,0.6482618097757122,0.7614175109532997,Rainy Season,1,7,6,3.0
2023-02-11,97180,SN,Sulawesi Selatan,23.0,32.3,25.9,80.0,2.5,8.0,,1009.0,,Makassar (Sultan Hasanuddin),South Sulawesi,Sulawesi Selatan,2.2222222222222223,9.299999999999997,45.471666611917755,2023,2,42,1,11,0.8660254037844386,0.5000000000000001,0.6612634749656386,0.7501537286959042,Rainy Season,1,7,6,2.5
2023-02-12,97180,SN,Sulawesi Selatan,23.0,31.5,25.3,86.0,19.7,6.2,,1009.7,,Makassar (Sultan Hasanuddin),South Sulawesi,Sulawesi Selatan,1.7222222222222223,8.5,45.031303207944504,2023,2,43,1,12,0.8660254037844386,0.5000000000000001,0.6740694616546161,0.7386679638813748,Rainy Season,1,7,6,19.7
2023-02-13,97180,SN,Sulawesi Selatan,23.0,26.0,24.1,95.0,73.2,7.7,,1009.5,,Makassar (Sultan Hasanuddin),South Sulawesi,Sulawesi Selatan,2.138888888888889,3.0,27.136111111111116,2023,2,44,1,13,0.8660254037844386,0.5000000000000001,0.6866759803451553,0.726963615332308,Rainy Season,1,7,6,73.2
2023-02-14,97180,SN,Sulawesi Selatan,24.0,28.0,26.1,88.0,45.4,10.9,,1008.0,,Makassar (Sultan Hasanuddin),South Sulawesi,Sulawesi Selatan,3.0277777777777777,4.0,33.4006535315556,2023,2,45,1,14,0.8660254037844386,0.5000000000000001,0.6990793005655562,0.7150441465537444,Rainy Season,1,7,6,45.4
2023-02-15,97180,SN,Sulawesi Selatan,23.0,29.0,24.7,90.0,32.3,9.0,,1008.6,,Makassar (Sultan Hasanuddin),South Sulawesi,Sulawesi Selatan,2.5,6.0,37.07563426044432,2023,2,46,1,15,0.8660254037844386,0.5000000000000001,0.7112757519738152,0.7029130847082615,Rainy Season,1,7,6,32.3
2023-02-16,97180,SN,Sulawesi Selatan,23.6,25.5,24.2,97.0,16.2,6.1,,1009.5,,Makassar (Sultan Hasanuddin),South Sulawesi,Sulawesi Selatan,1.6944444444444442,1.8999999999999986,26.638333333333332,2023,2,47,1,16,0.8660254037844386,0.5000000000000001,0.7232617254437388,0.6905740195722293,Rainy Season,1,7,6,16.2
2023-02-17,97180,SN,Sulawesi Selatan,23.6,28.6,25.4,91.0,16.2,7.1,,1009.4,,Makassar (Sultan Hasanuddin),South Sulawesi,Sulawesi Selatan,1.972222222222222,5.0,35.927524896515585,2023,2,48,1,17,0.8660254037844386,0.5000000000000001,0.7350336741329413,0.6780306024735382,Rainy Season,1,7,6,16.2
2023-02-18,97180,SN,Sulawesi Selatan,24.0,30.2,26.3,89.0,2.0,6.3,,1009.1,,Makassar (Sultan Hasanuddin),South Sulawesi,Sulawesi Selatan,1.75,6.199999999999999,41.14573924705801,2023,2,49,1,18,0.8660254037844386,0.5000000000000001,0.746588114532413,0.6652865452111116,Rainy Season,1,7,6,2.0
2023-02-19,97180,SN,Sulawesi Selatan,24.0,31.0,26.8,87.0,6.3,6.9,,1009.1,,Makassar (Sultan Hasanuddin),South Sulawesi,Sulawesi Selatan,1.9166666666666667,7.0,43.48238742977792,2023,2,50,1,19,0.8660254037844386,0.5000000000000001,0.7579216274973472,0.6523456189565257,Rainy Season,1,7,6,6.3
2023-02-20,97180,SN,Sulawesi Selatan,24.0,30.6,27.2,83.0,29.3,9.5,,1009.0,,Makassar (Sultan Hasanuddin),South Sulawesi,Sulawesi Selatan,2.638888888888889,6.600000000000001,40.557094090151104,2023,2,51,1,20,0.8660254037844386,0.5000000000000001,0.7690308592589181,0.6392116531380588,Rainy Season,1,7,6,29.3
2023-02-21,97180,SN,Sulawesi Selatan,24.0,28.2,25.6,88.0,25.9,6.8,,1010.1,,Makassar (Sultan Hasanuddin),South Sulawesi,Sulawesi Selatan,1.8888888888888888,4.199999999999999,34.01242125091559,2023,2,52,1,21,0.8660254037844386,0.5000000000000001,0.7799125224167177,0.6258885343075018,Rainy Season,1,7,6,25.9
2023-02-22,97180,SN,Sulawesi Selatan,24.0,30.3,25.4,84.0,26.7,6.4,,1009.6,,Makassar (Sultan Hasanuddin),South Sulawesi,Sulawesi Selatan,1.777777777777778,6.300000000000001,39.85503100029116,2023,2,53,1,22,0.8660254037844386,0.5000000000000001,0.7905633969115482,0.612380204990065,Rainy Season,1,7,6,26.7
2023-02-23,97180,SN,Sulawesi Selatan,22.2,31.3,26.3,80.0,0.0,7.5,,1008.7,,Makassar (Sultan Hasanuddin),South Sulawesi,Sulawesi Selatan,2.0833333333333335,9.100000000000001,41.89413214431783,2023,2,54,1,23,0.8660254037844386,0.5000000000000001,0.8009803309782905,0.5986906625177214,Rainy Season,1,7,6,0.0
2023-02-24,97180,SN,Sulawesi Selatan,22.2,31.6,27.4,80.0,9.4,7.2,,1008.9,,Makassar (Sultan Hasanuddin),South Sulawesi,Sulawesi Selatan,2.0,9.400000000000002,42.937634294737755,2023,2,55,1,24,0.8660254037844386,0.5000000000000001,0.8111602420785621,0.5848239578463322,Rainy Season,1,7,6,9.4
2023-02-25,97180,SN,Sulawesi Selatan,24.0,31.8,26.6,86.0,45.9,9.3,,1010.1,,Makassar (Sultan Hasanuddin),South Sulawesi,Sulawesi Selatan,2.5833333333333335,7.800000000000001,46.22982324908429,2023,2,56,1,25,0.8660254037844386,0.5000000000000001,0.8211001178128892,0.5707841943569036,Rainy Season,1,7,6,45.9
2023-02-26,97180,SN,Sulawesi Selatan,23.0,28.0,25.3,88.0,65.0,7.4,,1010.9,,Makassar (Sultan Hasanuddin),South Sulawesi,Sulawesi Selatan,2.055555555555556,5.0,33.4006535315556,2023,2,57,1,26,0.8660254037844386,0.5000000000000001,0.8307970168121247,0.5565755266413303,Rainy Season,1,7,6,65.0
2023-02-27,97180,SN,Sulawesi Selatan,23.0,31.4,27.2,82.0,18.1,6.5,,1010.7,,Makassar (Sultan Hasanuddin),South Sulawesi,Sulawesi Selatan,1.8055555555555556,8.399999999999999,43.01612241507569,2023,2,58,1,27,0.8660254037844386,0.5000000000000001,0.8402480696078469,0.5422021592729844,Rainy Season,1,7,6,18.1
2023-02-28,97180,SN,Sulawesi Selatan,24.0,31.4,26.4,83.0,18.3,8.7,,1011.2,,Makassar (Sultan Hasanuddin),South Sulawesi,Sulawesi Selatan,2.4166666666666665,7.399999999999999,43.413086304551115,2023,2,59,1,28,0.8660254037844386,0.5000000000000001,0.8494504794814806,0.527668345562516,Rainy Season,1,7,6,18.3
2023-03-01,97180,SN,Sulawesi Selatan,23.0,28.1,24.7,90.0,29.2,11.1,,1011.9,,Makassar (Sultan Hasanuddin),South Sulawesi,Sulawesi Selatan,3.083333333333333,5.100000000000001,34.066247226904615,2023,3,60,1,1,1.0,6.123233995736766e-17,0.8584015232918917,0.512978386299228,Rainy Season,1,7,6,29.2
2023-03-02,97180,SN,Sulawesi Selatan,23.0,30.0,25.4,83.0,28.0,8.3,,1012.2,,Makassar (Sultan Hasanuddin),South Sulawesi,Sulawesi Selatan,2.305555555555556,7.0,38.538234911111054,2023,3,61,1,2,1.0,6.123233995736766e-17,0.8670985522812081,0.4981366284784055,Rainy Season,1,7,6,28.0
2023-03-03,97180,SN,Sulawesi Selatan,23.0,30.8,26.3,83.0,10.9,6.2,,1013.0,,Makassar (Sultan Hasanuddin),South Sulawesi,Sulawesi Selatan,1.7222222222222223,7.800000000000001,41.25350143207113,2023,3,62,1,3,1.0,6.123233995736766e-17,0.8755389928586302,0.4831474640149687,Rainy Season,1,7,6,10.9
2023-03-04,97180,SN,Sulawesi Selatan,24.0,31.2,26.3,79.0,1.8,6.1,,1013.1,,Makassar (Sultan Hasanuddin),South Sulawesi,Sulawesi Selatan,1.6944444444444442,7.199999999999999,41.186346563235716,2023,3,63,1,4,1.0,6.123233995736766e-17,0.8837203473619977,0.4680153284438345,Rainy Season,1,7,6,1.8
2023-03-05,97180,SN,Sulawesi Selatan,24.0,31.0,25.9,84.0,24.0,10.2,,1012.7,,Makassar (Sultan Hasanuddin),South Sulawesi,Sulawesi Selatan,2.833333333333333,7.0,42.33395740311135,2023,3,64,1,5,1.0,6.123233995736766e-17,0.8916401947968874,0.45274469960737107,Rainy Season,1,7,6,24.0
2023-03-06,97180,SN,Sulawesi Selatan,24.0,27.6,24.5,90.0,15.0,7.0,,1012.4,,Makassar (Sultan Hasanuddin),South Sulawesi,Sulawesi Selatan,1.9444444444444444,3.6000000000000014,32.50477905180454,2023,3,65,1,6,1.0,6.123233995736766e-17,0.8992961915530253,0.4373400963303323,Rainy Season,1,7,6,15.0
2023-03-07,97180,SN,Sulawesi Selatan,22.8,30.4,26.0,82.0,16.3,6.7,,1011.8,,Makassar (Sultan Hasanuddin),South Sulawesi,Sulawesi Selatan,1.8611111111111112,7.599999999999998,39.549194233475625,2023,3,66,1,7,1.0,6.123233995736766e-17,0.9066860720977985,0.4218060770826634,Rainy Season,1,7,6,16.3
2023-03-08,97180,SN,Sulawesi Selatan,24.0,32.0,27.1,80.0,3.4,7.0,,1012.1,,Makassar (Sultan Hasanuddin),South Sulawesi,Sulawesi Selatan,1.9444444444444444,8.0,44.36864808177802,2023,3,67,1,8,1.0,6.123233995736766e-17,0.9138076496466615,0.4061472386305789,Rainy Season,1,7,6,3.4
2023-03-09,97180,SN,Sulawesi Selatan,23.0,31.3,27.3,76.0,2.1,6.3,,1010.9,,Makassar (Sultan Hasanuddin),South Sulawesi,Sulawesi Selatan,1.75,8.3,40.43617927569566,2023,3,68,1,9,1.0,6.123233995736766e-17,0.9206588168102428,0.3903682146763026,Rainy Season,1,7,6,2.1
2023-03-10,97180,SN,Sulawesi Selatan,23.3,32.0,27.6,79.0,2.7,6.4,,1009.9,,Makassar (Sultan Hasanuddin),South Sulawesi,Sulawesi Selatan,1.777777777777778,8.7,43.94461332355576,2023,3,69,1,10,1.0,6.123233995736766e-17,0.9272375462179537,0.374473674486883,Rainy Season,1,7,6,2.7
2023-03-11,97180,SN,Sulawesi Selatan,24.0,32.9,27.6,81.0,2.8,6.4,,1010.1,,Makassar (Sultan Hasanuddin),South Sulawesi,Sulawesi Selatan,1.777777777777778,8.899999999999999,48.2536201498045,2023,3,70,1,11,1.0,6.123233995736766e-17,0.9335418911179212,0.35846832151248087,Rainy Season,1,7,6,2.8
2023-03-12,97180,SN,Sulawesi Selatan,24.0,32.0,27.2,80.0,2.5,7.3,,1009.9,,Makassar (Sultan Hasanuddin),South Sulawesi,Sulawesi Selatan,2.0277777777777777,8.0,44.36864808177802,2023,3,71,1,12,1.0,6.123233995736766e-17,0.9395699859530622,0.342356891994542,Rainy Season,1,7,6,2.5
2023-03-13,97180,SN,Sulawesi Selatan,23.0,31.4,26.6,78.0,13.8,7.3,,1009.4,,Makassar (Sultan Hasanuddin),South Sulawesi,Sulawesi Selatan,2.0277777777777777,8.399999999999999,41.48472500721787,2023,3,72,1,13,1.0,6.123233995736766e-17,0.945320046913132,0.3261441535642696,Rainy Season,1,7,6,13.8
2023-03-14,97180,SN,Sulawesi Selatan,24.0,31.2,26.1,82.0,30.1,6.4,,1009.4,,Makassar (Sultan Hasanuddin),South Sulawesi,Sulawesi Selatan,1.777777777777778,7.199999999999999,42.29954180883569,2023,3,73,1,14,1.0,6.123233995736766e-17,0.9507903724625832,0.3098349038318025,Rainy Season,1,7,6,30.1
2023-03-15,97180,SN,Sulawesi Selatan,24.0,31.3,26.3,81.0,7.1,7.5,,1010.3,,Makassar (Sultan Hasanuddin),South Sulawesi,Sulawesi Selatan,2.0833333333333335,7.300000000000001,42.27248446468439,2023,3,74,1,15,1.0,6.123233995736766e-17,0.9559793438440766,0.2934339689665273,Rainy Season,1,7,6,7.1
2023-03-16,97180,SN,Sulawesi Selatan,23.2,32.3,27.7,80.0,4.5,7.0,,1010.4,,Makassar (Sultan Hasanuddin),South Sulawesi,Sulawesi Selatan,1.9444444444444444,9.099999999999998,45.471666611917755,2023,3,75,1,16,1.0,6.123233995736766e-17,0.9608854255574977,0.27694620226893646,Rainy Season,1,7,6,4.5
2023-03-17,97180,SN,Sulawesi Selatan,24.0,32.4,27.5,78.0,6.3,7.9,,1010.4,,Makassar (Sultan Hasanuddin),South Sulawesi,Sulawesi Selatan,2.1944444444444446,8.399999999999999,44.9435863304179,2023,3,76,1,17,1.0,6.123233995736766e-17,0.9655071658143364,0.2603764827344581,Rainy Season,1,7,6,6.3
2023-03-18,97180,SN,Sulawesi Selatan,24.0,32.0,27.2,78.0,11.2,7.6,,1009.6,,Makassar (Sultan Hasanuddin),South Sulawesi,Sulawesi Selatan,2.111111111111111,8.0,43.52682241377802,2023,3,77,1,18,1.0,6.123233995736766e-17,0.969843196967294,0.24372971360968387,Rainy Season,1,7,6,11.2
2023-03-19,97180,SN,Sulawesi Selatan,24.0,32.5,27.6,82.0,13.2,5.4,,1008.6,,Makassar (Sultan Hasanuddin),South Sulawesi,Sulawesi Selatan,1.5,8.5,47.164620793055605,2023,3,78,1,19,1.0,6.123233995736766e-17,0.9738922359149924,0.22701082094141847,Rainy Season,1,7,6,13.2
2023-03-20,97180,SN,Sulawesi Selatan,24.0,32.2,26.3,85.0,10.9,6.6,,1008.2,,Makassar (Sultan Hasanuddin),South Sulawesi,Sulawesi Selatan,1.8333333333333333,8.200000000000003,47.39262509139572,2023,3,79,1,20,1.0,6.123233995736766e-17,0.9776530844816641,0.2102247521189836,Rainy Season,1,7,6,10.9
2023-03-21,97180,SN,Sulawesi Selatan,24.0,31.0,26.7,84.0,4.8,8.2,,1008.8,,Makassar (Sultan Hasanuddin),South Sulawesi,Sulawesi Selatan,2.2777777777777777,7.0,42.33395740311135,2023,3,80,1,21,1.0,6.123233995736766e-17,0.981124629771712,0.19337647441020586,Rainy Season,1,7,6,4.8
2023-03-22,97180,SN,Sulawesi Selatan,24.0,32.2,27.1,80.0,1.3,7.3,,1008.3,,Makassar (Sultan Hasanuddin),South Sulawesi,Sulawesi Selatan,2.0277777777777777,8.200000000000003,45.10115965521799,2023,3,81,1,22,1.0,6.123233995736766e-17,0.984305844499033,0.17647097349152166,Rainy Season,1,7,6,1.3
2023-03-23,97180,SN,Sulawesi Selatan,23.9,33.2,28.0,73.0,3.3,6.3,,1008.2,,Makassar (Sultan Hasanuddin),South Sulawesi,Sulawesi Selatan,1.75,9.300000000000004,45.480487910915734,2023,3,82,1,23,1.0,6.123233995736766e-17,0.9871957872910085,0.15951325197263655,Rainy Season,1,7,6,3.3
2023-03-24,97180,SN,Sulawesi Selatan,24.0,33.2,26.5,81.0,9.9,6.5,,1008.7,,Makassar (Sultan Hasanuddin),South Sulawesi,Sulawesi Selatan,1.8055555555555556,9.200000000000003,49.45678728748458,2023,3,83,1,24,1.0,6.123233995736766e-17,0.9897936029670716,0.14250832791617088,Rainy Season,1,7,6,9.9
2023-03-25,97180,SN,Sulawesi Selatan,24.0,32.0,25.7,83.0,12.1,6.5,,1009.0,,Makassar (Sultan Hasanuddin),South Sulawesi,Sulawesi Selatan,1.8055555555555556,8.0,45.67821544711137,2023,3,84,1,25,1.0,6.123233995736766e-17,0.992098522791769,0.12546123335273648,Rainy Season,1,7,6,12.1
2023-03-26,97180,SN,Sulawesi Selatan,23.0,31.4,26.0,85.0,32.7,8.6,,1009.2,,Makassar (Sultan Hasanuddin),South Sulawesi,Sulawesi Selatan,2.388888888888889,8.399999999999999,44.223951528515556,2023,3,85,1,26,1.0,6.123233995736766e-17,0.9941098647022418,0.10837701279187609,Rainy Season,1,7,6,32.7
2023-03-27,97180,SN,Sulawesi Selatan,23.0,32.2,27.7,80.0,16.4,6.2,,1009.2,,Makassar (Sultan Hasanuddin),South Sulawesi,Sulawesi Selatan,1.7222222222222223,9.200000000000003,45.10115965521799,2023,3,86,1,27,1.0,6.123233995736766e-17,0.9958270335100595,0.09126072172931188,Rainy Season,1,7,6,16.4
2023-03-28,97180,SN,Sulawesi Selatan,23.4,29.0,25.7,87.0,13.4,6.2,,1010.0,,Makassar (Sultan Hasanuddin),South Sulawesi,Sulawesi Selatan,1.7222222222222223,5.600000000000001,36.34172658977766,2023,3,87,1,28,1.0,6.123233995736766e-17,0.9972495210773451,0.07411742515094437,Rainy Season,1,7,6,13.4
2023-03-29,97180,SN,Sulawesi Selatan,24.0,30.7,25.7,84.0,9.9,4.9,,1009.5,,Makassar (Sultan Hasanuddin),South Sulawesi,Sulawesi Selatan,1.3611111111111112,6.699999999999999,41.25377603709121,2023,3,88,1,29,1.0,6.123233995736766e-17,0.998376906467142,0.056952196034039754,Rainy Season,1,7,6,9.9
2023-03-30,97180,SN,Sulawesi Selatan,24.0,31.0,26.5,84.0,21.1,7.0,,1008.5,,Makassar (Sultan Hasanuddin),South Sulawesi,Sulawesi Selatan,1.9444444444444444,7.0,42.33395740311135,2023,3,89,1,30,1.0,6.123233995736766e-17,0.9992088560679753,0.03977011384605572,Rainy Season,1,7,6,21.1
2023-03-31,97180,SN,Sulawesi Selatan,23.0,31.0,25.6,91.0,18.8,6.9,,1009.5,,Makassar (Sultan Hasanuddin),South Sulawesi,Sulawesi Selatan,1.9166666666666667,8.0,45.08704711155577,2023,3,90,1,31,1.0,6.123233995736766e-17,0.9997451236925734,0.022576263041545485,Rainy Season,1,7,6,18.8
2023-04-01,97180,SN,Sulawesi Selatan,23.0,30.8,24.8,89.0,15.0,5.7,,1009.3,,Makassar (Sultan Hasanuddin),South Sulawesi,Sulawesi Selatan,1.5833333333333333,7.800000000000001,43.47336681025783,2023,4,91,2,1,0.8660254037844387,-0.4999999999999998,0.9999855506507186,0.005375731557583884,Transition,2,7,6,15.0
2023-04-02,97180,SN,Sulawesi Selatan,23.0,30.0,26.4,83.0,16.9,7.5,,1008.7,,Makassar (Sultan Hasanuddin),South Sulawesi,Sulawesi Selatan,2.0833333333333335,7.0,38.538234911111054,2023,4,92,2,2,0.8660254037844387,-0.4999999999999998,0.9999300657962057,-0.011826390691832589,Transition,2,7,6,16.9
2023-04-03,97180,SN,Sulawesi Selatan,23.2,31.6,26.6,82.0,15.0,7.6,,1008.8,,Makassar (Sultan Hasanuddin),South Sulawesi,Sulawesi Selatan,2.111111111111111,8.400000000000002,43.74430050627558,2023,4,93,2,3,0.8660254037844387,-0.4999999999999998,0.9995786855478958,-0.029025013321975237,Transition,2,7,6,15.0
2023-04-04,97180,SN,Sulawesi Selatan,24.0,29.7,25.8,84.0,31.8,7.2,,1009.9,,Makassar (Sultan Hasanuddin),South Sulawesi,Sulawesi Selatan,2.0,5.699999999999999,37.84583512629129,2023,4,94,2,4,0.8660254037844387,-0.4999999999999998,0.9989315138848577,-0.046215046983708354,Transition,2,7,6,31.8
2023-04-05,97180,SN,Sulawesi Selatan,23.0,30.0,25.7,80.0,0.5,5.2,,1009.4,,Makassar (Sultan Hasanuddin),South Sulawesi,Sulawesi Selatan,1.4444444444444444,7.0,37.6670372777777,2023,4,95,2,5,0.8660254037844387,-0.4999999999999998,0.9979887423155984,-0.06339140486951038,Transition,2,7,6,0.5
2023-04-06,97180,SN,Sulawesi Selatan,22.9,32.6,27.4,75.0,3.8,6.4,,1009.2,,Makassar (Sultan Hasanuddin),South Sulawesi,Sulawesi Selatan,1.777777777777778,9.700000000000003,44.32243214167122,2023,4,96,2,6,0.8660254037844387,-0.4999999999999998,0.9967506498213929,-0.08054900421874167,Transition,2,7,6,3.8
2023-04-07,97180,SN,Sulawesi Selatan,23.0,31.0,24.8,83.0,17.0,7.3,,1010.4,,Makassar (Sultan Hasanuddin),South Sulawesi,Sulawesi Selatan,2.0277777777777777,8.0,41.961635915111245,2023,4,97,2,7,0.8660254037844387,-0.4999999999999998,0.9952176027737294,-0.09768276782171598,Transition,2,7,6,17.0
2023-04-08,97180,SN,Sulawesi Selatan,23.0,31.3,26.1,84.0,21.4,6.6,,1010.7,,Makassar (Sultan Hasanuddin),South Sulawesi,Sulawesi Selatan,1.8333333333333333,8.3,43.440815273491076,2023,4,98,2,8,0.8660254037844387,-0.4999999999999998,0.9933900548258936,-0.11478762552212701,Transition,2,7,6,21.4
2023-04-09,97180,SN,Sulawesi Selatan,23.0,30.0,25.3,86.0,27.3,8.2,,1010.3,,Makassar (Sultan Hasanuddin),South Sulawesi,Sulawesi Selatan,2.2777777777777777,7.0,39.447505644444455,2023,4,99,2,9,0.8660254037844387,-0.4999999999999998,0.9912685467787256,-0.13185851571739118,Transition,2,7,6,27.3
2023-04-10,97180,SN,Sulawesi Selatan,23.0,29.2,25.4,89.0,60.2,7.3,,1009.8,,Makassar (Sultan Hasanuddin),South Sulawesi,Sulawesi Selatan,2.0277777777777777,6.199999999999999,37.51622082625797,2023,4,100,2,10,0.8660254037844387,-0.4999999999999998,0.9888537064205885,-0.1488903868564548,Transition,2,7,6,60.2
2023-04-11,97180,SN,Sulawesi Selatan,23.6,30.8,26.6,86.0,35.5,8.6,,1009.4,,Makassar (Sultan Hasanuddin),South Sulawesi,Sulawesi Selatan,2.388888888888889,7.199999999999999,42.340742315484526,2023,4,101,2,11,0.8660254037844387,-0.4999999999999998,0.986146248341595,-0.16587819893463143,Transition,2,7,6,35.5
2023-04-12,97180,SN,Sulawesi Selatan,24.7,31.6,26.9,83.0,3.5,7.1,,1008.9,,Makassar (Sultan Hasanuddin),South Sulawesi,Sulawesi Selatan,1.972222222222222,6.900000000000002,44.156402210951136,2023,4,102,2,12,0.8660254037844387,-0.4999999999999998,0.9831469737221499,-0.1828169249850199,Transition,2,7,6,3.5
2023-04-13,97180,SN,Sulawesi Selatan,24.1,32.7,28.1,74.0,13.4,7.9,,1009.0,,Makassar (Sultan Hasanuddin),South Sulawesi,Sulawesi Selatan,2.1944444444444446,8.600000000000001,44.224827970291095,2023,4,103,2,13,0.8660254037844387,-0.4999999999999998,0.9798567700958665,-0.1997015525660636,Transition,2,7,6,13.4
2023-04-14,97180,SN,Sulawesi Selatan,25.0,31.4,27.7,76.0,14.6,10.7,,1009.3,,Makassar (Sultan Hasanuddin),South Sulawesi,Sulawesi Selatan,2.972222222222222,6.399999999999999,40.75290119331558,2023,4,104,2,14,0.8660254037844387,-0.4999999999999998,0.9762766110869321,-0.21652708524481437,Transition,2,7,6,14.6
2023-04-15,97180,SN,Sulawesi Selatan,24.0,33.2,28.2,74.0,16.7,6.8,,1008.5,,Makassar (Sultan Hasanuddin),South Sulawesi,Sulawesi Selatan,1.8888888888888888,9.200000000000003,45.95153978919117,2023,4,105,2,15,0.8660254037844387,-0.4999999999999998,0.9724075561219968,-0.23328854407545518,Transition,2,7,6,16.7
2023-04-16,97180,SN,Sulawesi Selatan,24.8,31.8,27.3,78.0,5.7,5.7,,1008.6,,Makassar (Sultan Hasanuddin),South Sulawesi,Sulawesi Selatan,1.5833333333333333,7.0,42.835050149137736,2023,4,106,2,16,0.8660254037844387,-0.4999999999999998,0.9682507501166718,-0.2499809690726521,Transition,2,7,6,5.7
2023-04-17,97180,SN,Sulawesi Selatan,25.0,33.0,27.2,78.0,18.8,5.7,,1010.4,,Makassar (Sultan Hasanuddin),South Sulawesi,Sulawesi Selatan,1.5833333333333333,8.0,47.1517806737779,2023,4,107,2,17,0.8660254037844387,-0.4999999999999998,0.9638074231367307,-0.26659942067929354,Transition,2,7,6,18.8
2023-04-18,97180,SN,Sulawesi Selatan,24.0,33.8,27.9,77.0,3.1,5.9,,1010.7,,Makassar (Sultan Hasanuddin),South Sulawesi,Sulawesi Selatan,1.6388888888888888,9.799999999999997,49.7039236289247,2023,4,108,2,18,0.8660254037844387,-0.4999999999999998,0.9590788900341131,-0.28313898122818354,Transition,2,7,6,3.1
2023-04-19,97180,SN,Sulawesi Selatan,24.0,33.3,28.2,78.0,3.2,6.1,,1007.8,,Makassar (Sultan Hasanuddin),South Sulawesi,Sulawesi Selatan,1.6944444444444442,9.299999999999997,48.293249656237826,2023,4,109,2,19,0.8660254037844387,-0.4999999999999998,0.9540665500578387,-0.2995947563972602,Transition,2,7,6,3.2
2023-04-20,97180,SN,Sulawesi Selatan,24.0,32.7,28.1,75.0,3.3,7.4,,1006.5,,Makassar (Sultan Hasanuddin),South Sulawesi,Sulawesi Selatan,2.055555555555556,8.700000000000003,44.667024983351176,2023,4,110,2,20,0.8660254037844387,-0.4999999999999998,0.9487718864399473,-0.31596187665790293,Transition,2,7,6,3.3
2023-04-21,97180,SN,Sulawesi Selatan,24.0,33.6,27.8,77.0,5.4,6.3,,1007.7,,Makassar (Sultan Hasanuddin),South Sulawesi,Sulawesi Selatan,1.75,9.600000000000001,48.92808916876442,2023,4,111,2,21,0.8660254037844387,-0.4999999999999998,0.9431964659565866,-0.33223549871590435,Transition,2,7,6,5.4
2023-04-22,97180,SN,Sulawesi Selatan,24.0,33.7,28.1,75.0,10.5,6.3,,1008.0,,Makassar (Sultan Hasanuddin),South Sulawesi,Sulawesi Selatan,1.75,9.700000000000003,48.25971876175112,2023,4,112,2,22,0.8660254037844387,-0.4999999999999998,0.9373419384643772,-0.3484108069446808,Transition,2,7,6,10.5
2023-04-23,97180,SN,Sulawesi Selatan,24.2,34.1,29.1,77.0,3.1,7.0,,1008.2,,Makassar (Sultan Hasanuddin),South Sulawesi,Sulawesi Selatan,1.9444444444444444,9.900000000000002,50.888188957964566,2023,4,113,2,23,0.8660254037844387,-0.4999999999999998,0.9312100364121947,-0.3644830148102912,Transition,2,7,6,3.1
2023-04-24,97180,SN,Sulawesi Selatan,24.3,33.2,28.1,77.0,1.2,7.4,,1007.7,,Makassar (Sultan Hasanuddin),South Sulawesi,Sulawesi Selatan,2.055555555555556,8.900000000000002,47.40924207052457,2023,4,114,2,24,0.8660254037844387,-0.4999999999999998,0.9248025743285089,-0.38044736628785164,Transition,2,7,6,1.2
2023-04-25,97180,SN,Sulawesi Selatan,23.0,33.2,27.4,77.0,8.4,7.4,,1008.0,,Makassar (Sultan Hasanuddin),South Sulawesi,Sulawesi Selatan,2.055555555555556,10.200000000000003,47.40924207052457,2023,4,115,2,25,0.8660254037844387,-0.4999999999999998,0.9181214482844364,-0.39629913726891813,Transition,2,7,6,8.4
2023-04-26,97180,SN,Sulawesi Selatan,24.0,32.8,26.9,82.0,7.3,6.9,,1007.5,,Makassar (Sultan Hasanuddin),South Sulawesi,Sulawesi Selatan,1.9166666666666667,8.799999999999997,48.35691623763557,2023,4,116,2,26,0.8660254037844387,-0.4999999999999998,0.9111686353326631,-0.41203363695942635,Transition,2,7,6,7.3
2023-04-27,97180,SN,Sulawesi Selatan,24.0,32.2,26.7,84.0,0.3,5.8,,1008.3,,Makassar (Sultan Hasanuddin),South Sulawesi,Sulawesi Selatan,1.611111111111111,8.200000000000003,46.921447910791194,2023,4,117,2,27,0.8660254037844387,-0.4999999999999998,0.9039461929224011,-0.42764620926777464,Transition,2,7,6,0.3
2023-04-28,97180,SN,Sulawesi Selatan,24.7,32.8,27.4,89.0,4.4,6.0,,1008.1,,Makassar (Sultan Hasanuddin),South Sulawesi,Sulawesi Selatan,1.6666666666666665,8.099999999999998,52.04417312065772,2023,4,118,2,28,0.8660254037844387,-0.4999999999999998,0.8964562582905575,-0.44313223418263453,Transition,2,7,6,4.4
2023-04-29,97180,SN,Sulawesi Selatan,25.0,30.1,26.5,92.0,23.6,5.7,,1007.8,,Makassar (Sultan Hasanuddin),South Sulawesi,Sulawesi Selatan,1.5833333333333333,5.100000000000001,41.77789525013126,2023,4,119,2,29,0.8660254037844387,-0.4999999999999998,0.8887010478292915,-0.45848712914008766,Transition,2,7,6,23.6
2023-04-30,97180,SN,Sulawesi Selatan,23.4,32.4,26.7,81.0,9.2,6.5,,1007.3,,Makassar (Sultan Hasanuddin),South Sulawesi,Sulawesi Selatan,1.8055555555555556,9.0,46.3056778654046,2023,4,120,2,30,0.8660254037844387,-0.4999999999999998,0.8806828564301475,-0.47370635037968,Transition,2,7,6,9.2
2023-05-01,97180,SN,Sulawesi Selatan,24.2,33.2,28.6,75.0,0.7,7.4,,1007.3,,Makassar (Sultan Hasanuddin),South Sulawesi,Sulawesi Selatan,2.055555555555556,9.000000000000004,46.43001610855118,2023,5,121,2,1,0.49999999999999994,-0.8660254037844387,0.8724040568049612,-0.48878539428899265,Transition,2,7,6,0.7
2023-05-02,97180,SN,Sulawesi Selatan,26.0,34.0,27.7,79.0,1.7,6.8,,1008.9,,Makassar (Sultan Hasanuddin),South Sulawesi,Sulawesi Selatan,1.8888888888888888,8.0,51.624635667555665,2023,5,122,2,2,0.49999999999999994,-0.8660254037844387,0.8638670987837349,-0.503719798736334,Transition,2,7,6,1.7
2023-05-03,97180,SN,Sulawesi Selatan,23.9,34.9,28.4,75.0,4.1,7.2,,1008.3,,Makassar (Sultan Hasanuddin),South Sulawesi,Sulawesi Selatan,2.0,11.0,52.92318816367099,2023,5,123,2,3,0.49999999999999994,-0.8660254037844387,0.8550745085896932,-0.518505144391157,Transition,2,7,6,4.1
2023-05-04,97180,SN,Sulawesi Selatan,25.0,29.0,26.5,93.0,16.5,4.5,,1008.0,,Makassar (Sultan Hasanuddin),South Sulawesi,Sulawesi Selatan,1.25,4.0,37.83836083511114,2023,5,124,2,4,0.49999999999999994,-0.8660254037844387,0.8460288880917339,-0.533137056031809,Transition,2,7,6,16.5
2023-05-05,97180,SN,Sulawesi Selatan,25.0,33.4,27.9,78.0,7.8,5.6,,1006.4,,Makassar (Sultan Hasanuddin),South Sulawesi,Sulawesi Selatan,1.5555555555555554,8.399999999999999,48.67927588161772,2023,5,125,2,5,0.49999999999999994,-0.8660254037844387,0.8367329140344921,-0.5476112038402312,Transition,2,7,6,7.8
2023-05-06,97180,SN,Sulawesi Selatan,24.0,34.0,28.1,78.0,2.4,6.0,,1006.1,,Makassar (Sultan Hasanuddin),South Sulawesi,Sulawesi Selatan,1.6666666666666665,10.0,51.053567161777806,2023,5,126,2,6,0.49999999999999994,-0.8660254037844387,0.8271893372462497,-0.5619233046832195,Transition,2,7,6,2.4
2023-05-07,97180,SN,Sulawesi Selatan,24.5,34.0,28.0,79.0,1.2,6.3,,1006.8,,Makassar (Sultan Hasanuddin),South Sulawesi,Sulawesi Selatan,1.75,9.5,51.624635667555665,2023,5,127,2,7,0.49999999999999994,-0.8660254037844387,0.8174009818249189,-0.5760691233798758,Transition,2,7,6,1.2
2023-05-08,97180,SN,Sulawesi Selatan,25.0,31.1,26.4,90.0,11.1,5.0,,1007.5,,Makassar (Sultan Hasanuddin),South Sulawesi,Sulawesi Selatan,1.3888888888888888,6.100000000000001,45.09125893050452,2023,5,128,2,8,0.49999999999999994,-0.8660254037844387,0.8073707443023492,-0.5900444739548627,Transition,2,7,6,11.1
2023-05-09,97180,SN,Sulawesi Selatan,25.0,31.3,27.3,87.0,21.2,4.5,,1008.8,,Makassar (Sultan Hasanuddin),South Sulawesi,Sulawesi Selatan,1.25,6.300000000000001,44.65905685385787,2023,5,129,2,9,0.49999999999999994,-0.8660254037844387,0.7971015927871943,-0.6038452208771035,Transition,2,7,6,21.2
2023-05-10,97180,SN,Sulawesi Selatan,24.5,32.4,26.8,82.0,12.7,8.2,,1010.3,,Makassar (Sultan Hasanuddin),South Sulawesi,Sulawesi Selatan,2.2777777777777777,7.899999999999999,46.772987720675786,2023,5,130,2,10,0.49999999999999994,-0.8660254037844387,0.7865965660866021,-0.6174672802835514,Transition,2,7,6,12.7
2023-05-11,97180,SN,Sulawesi Selatan,24.8,32.0,27.2,82.0,21.1,6.1,,1010.4,,Makassar (Sultan Hasanuddin),South Sulawesi,Sulawesi Selatan,1.6944444444444442,7.199999999999999,45.23544914355571,2023,5,131,2,11,0.49999999999999994,-0.8660254037844387,0.7758587728069828,-0.6309066211876704,Transition,2,7,6,21.1
2023-05-12,97180,SN,Sulawesi Selatan,24.0,34.2,28.2,77.0,2.0,6.6,,1010.5,,Makassar (Sultan Hasanuddin),South Sulawesi,Sulawesi Selatan,1.8333333333333333,10.200000000000003,51.288414371324656,2023,5,132,2,12,0.49999999999999994,-0.8660254037844387,0.7648913904341225,-0.6441592666722685,Transition,2,7,6,2.0
2023-05-13,97180,SN,Sulawesi Selatan,22.7,32.6,27.6,72.0,0.9,6.1,,1010.1,,Makassar (Sultan Hasanuddin),South Sulawesi,Sulawesi Selatan,1.6944444444444442,9.900000000000002,43.03781681516444,2023,5,133,2,13,0.49999999999999994,-0.8660254037844387,0.753697664392914,-0.6572212950663319,Transition,2,7,6,0.9
2023-05-14,97180,SN,Sulawesi Selatan,23.2,32.8,27.2,74.0,0.4,7.0,,1010.8,,Makassar (Sultan Hasanuddin),South Sulawesi,Sulawesi Selatan,1.9444444444444444,9.599999999999998,44.564900532391036,2023,5,134,2,14,0.49999999999999994,-0.8660254037844387,0.742280907086982,-0.6700888411055113,Transition,2,7,6,0.4
2023-05-15,97180,SN,Sulawesi Selatan,24.0,32.4,27.5,80.0,1.2,5.4,,1011.3,,Makassar (Sultan Hasanuddin),South Sulawesi,Sulawesi Selatan,1.5,8.399999999999999,45.84500768193783,2023,5,135,2,15,0.49999999999999994,-0.8660254037844387,0.7306444969184916,-0.6827580970759147,Transition,2,7,6,1.2
2023-05-16,97180,SN,Sulawesi Selatan,24.0,31.0,27.3,84.0,1.4,5.4,,1012.0,,Makassar (Sultan Hasanuddin),South Sulawesi,Sulawesi Selatan,1.5,7.0,42.33395740311135,2023,5,136,2,16,0.49999999999999994,-0.8660254037844387,0.7187918772884232,-0.6952253139408722,Transition,2,7,6,1.4
2023-05-17,97180,SN,Sulawesi Selatan,24.0,33.2,27.3,81.0,0.3,5.4,,1012.3,,Makassar (Sultan Hasanuddin),South Sulawesi,Sulawesi Selatan,1.5,9.200000000000003,49.45678728748458,2023,5,137,2,17,0.49999999999999994,-0.8660254037844387,0.7067265555776158,-0.7074868024503348,Transition,2,7,6,0.3
2023-05-18,97180,SN,Sulawesi Selatan,23.0,33.6,27.7,75.0,1.6,7.1,,1011.7,,Makassar (Sultan Hasanuddin),South Sulawesi,Sulawesi Selatan,1.972222222222222,10.600000000000001,47.88844130887099,2023,5,138,2,18,0.49999999999999994,-0.8660254037844387,0.6944521021088763,-0.719538934232584,Transition,2,7,6,1.6
2023-05-19,97180,SN,Sulawesi Selatan,23.0,33.8,27.5,73.0,1.0,6.4,,1011.2,,Makassar (Sultan Hasanuddin),South Sulawesi,Sulawesi Selatan,1.777777777777778,10.799999999999997,47.59543372371569,2023,5,139,2,19,0.49999999999999994,-0.8660254037844387,0.6819721490904629,-0.7313781428679254,Transition,2,7,6,1.0
2023-05-20,97180,SN,Sulawesi Selatan,23.0,33.7,27.4,72.0,0.7,6.1,,1010.7,,Makassar (Sultan Hasanuddin),South Sulawesi,Sulawesi Selatan,1.6944444444444442,10.700000000000003,46.73666565962451,2023,5,140,2,20,0.49999999999999994,-0.8660254037844387,0.6692903895412567,-0.7430009249440493,Transition,2,7,6,0.7
2023-05-21,97180,SN,Sulawesi Selatan,23.0,33.7,27.1,73.0,3.6,6.2,,1011.3,,Makassar (Sultan Hasanuddin),South Sulawesi,Sulawesi Selatan,1.7222222222222223,10.700000000000003,47.23643976171547,2023,5,141,2,21,0.49999999999999994,-0.8660254037844387,0.6564105761979381,-0.7544038410927472,Transition,2,7,6,3.6
2023-05-22,97180,SN,Sulawesi Selatan,23.0,32.8,28.2,76.0,2.4,5.7,,1011.9,,Makassar (Sultan Hasanuddin),South Sulawesi,Sulawesi Selatan,1.5833333333333333,9.799999999999997,45.47070524259562,2023,5,142,2,22,0.49999999999999994,-0.8660254037844387,0.6433365204044917,-0.765583517007675,Transition,2,7,6,2.4
2023-05-23,97180,SN,Sulawesi Selatan,23.7,29.3,26.3,79.0,1.9,4.8,,1011.9,,Makassar (Sultan Hasanuddin),South Sulawesi,Sulawesi Selatan,1.3333333333333333,5.600000000000001,35.353988618835636,2023,5,143,2,23,0.49999999999999994,-0.8660254037844387,0.6300720909843687,-0.7765366444428655,Transition,2,7,6,1.9
2023-05-24,97180,SN,Sulawesi Selatan,23.2,34.0,27.9,76.0,9.6,5.9,,1012.1,,Makassar (Sultan Hasanuddin),South Sulawesi,Sulawesi Selatan,1.6388888888888888,10.8,49.936030271555666,2023,5,144,2,24,0.49999999999999994,-0.8660254037844387,0.6166212130956382,-0.7872599821916922,Transition,2,7,6,9.6
2023-05-25,97180,SN,Sulawesi Selatan,24.8,33.4,27.6,72.0,2.5,6.0,,1011.6,,Makassar (Sultan Hasanuddin),South Sulawesi,Sulawesi Selatan,1.6666666666666665,8.599999999999998,45.69708049676439,2023,5,145,2,25,0.49999999999999994,-0.8660254037844387,0.6029878670694714,-0.7977503570459932,Transition,2,7,6,2.5
2023-05-26,97180,SN,Sulawesi Selatan,25.0,33.2,27.9,70.0,0.7,6.7,,1011.0,,Makassar (Sultan Hasanuddin),South Sulawesi,Sulawesi Selatan,1.8611111111111112,8.200000000000003,44.111878922595714,2023,5,146,2,26,0.49999999999999994,-0.8660254037844387,0.5891760872322963,-0.8080046647350754,Transition,2,7,6,0.7
2023-05-27,97180,SN,Sulawesi Selatan,23.0,33.8,27.2,71.0,0.4,7.1,,1009.3,,Makassar (Sultan Hasanuddin),South Sulawesi,Sulawesi Selatan,1.972222222222222,10.799999999999997,46.58923077281781,2023,5,147,2,27,0.49999999999999994,-0.8660254037844387,0.5751899607119775,-0.8180198708443174,Transition,2,7,6,0.4
2023-05-28,97180,SN,Sulawesi Selatan,23.0,34.4,27.1,71.0,1.2,7.3,,1009.0,,Makassar (Sultan Hasanuddin),South Sulawesi,Sulawesi Selatan,2.0277777777777777,11.399999999999999,48.709005039537786,2023,5,148,2,28,0.49999999999999994,-0.8660254037844387,0.5610336262283677,-0.8277930117131022,Transition,2,7,6,1.2
2023-05-29,97180,SN,Sulawesi Selatan,21.0,34.2,27.6,69.0,0.4,5.3,,1009.6,,Makassar (Sultan Hasanuddin),South Sulawesi,Sulawesi Selatan,1.472222222222222,13.200000000000003,46.96070883745785,2023,5,149,2,29,0.49999999999999994,-0.8660254037844387,0.5467112728685939,-0.8373211953118121,Transition,2,7,6,0.4
2023-05-30,97180,SN,Sulawesi Selatan,22.0,35.0,28.0,70.0,0.0,7.0,,1010.0,,Makassar (Sultan Hasanuddin),South Sulawesi,Sulawesi Selatan,1.9444444444444444,13.0,50.340578055555646,2023,5,150,2,30,0.49999999999999994,-0.8660254037844387,0.5322271388474397,-0.8466016020976267,Transition,2,7,6,0.0
2023-05-31,97180,SN,Sulawesi Selatan,25.0,33.6,27.9,74.0,3.7,5.0,,1010.0,,Makassar (Sultan Hasanuddin),South Sulawesi,Sulawesi Selatan,1.3888888888888888,8.600000000000001,47.380337459431054,2023,5,151,2,31,0.49999999999999994,-0.8660254037844387,0.5175855102531889,-0.8556314858488706,Transition,2,7,6,3.7
2023-06-01,97180,SN,Sulawesi Selatan,25.0,33.2,28.6,69.0,7.3,6.4,,1009.2,,Makassar (Sultan Hasanuddin),South Sulawesi,Sulawesi Selatan,1.777777777777778,8.200000000000003,43.670524808657866,2023,6,152,2,1,1.2246467991473532e-16,-1.0,0.5027907197793043,-0.8644081744776648,Dry Season,0,7,6,7.3
2023-06-02,97180,SN,Sulawesi Selatan,24.4,33.2,28.1,81.0,9.6,7.2,,1009.8,,Makassar (Sultan Hasanuddin),South Sulawesi,Sulawesi Selatan,2.0,8.800000000000004,49.45678728748458,2023,6,153,2,2,1.2246467991473532e-16,-1.0,0.4878471454423119,-0.8729290708206411,Dry Season,0,7,6,9.6
2023-06-03,97180,SN,Sulawesi Selatan,25.0,33.2,27.8,75.0,12.2,5.6,,1009.9,,Makassar (Sultan Hasanuddin),South Sulawesi,Sulawesi Selatan,1.5555555555555554,8.200000000000003,46.43001610855118,2023,6,154,2,3,1.2246467991473532e-16,-1.0,0.47275920928627757,-0.881191653407483,Dry Season,0,7,6,12.2
2023-06-04,97180,SN,Sulawesi Selatan,24.0,32.6,26.9,82.0,23.7,6.5,,1009.2,,Makassar (Sultan Hasanuddin),South Sulawesi,Sulawesi Selatan,1.8055555555555556,8.600000000000001,47.559153236675634,2023,6,155,2,4,1.2246467991473532e-16,-1.0,0.4575313760742512,-0.8891934772070711,Dry Season,0,7,6,23.7
2023-06-05,97180,SN,Sulawesi Selatan,24.0,33.6,27.8,80.0,22.2,6.0,,1008.7,,Makassar (Sultan Hasanuddin),South Sulawesi,Sulawesi Selatan,1.6666666666666665,9.600000000000001,50.5461613611376,2023,6,156,2,5,1.2246467991473532e-16,-1.0,0.44216815196707204,-0.8969321743510065,Dry Season,0,7,6,22.2
2023-06-06,97180,SN,Sulawesi Selatan,23.0,34.4,27.3,74.0,1.5,6.1,,1009.3,,Makassar (Sultan Hasanuddin),South Sulawesi,Sulawesi Selatan,1.6944444444444442,11.399999999999999,50.36440804023117,2023,6,157,2,6,1.2246467991473532e-16,-1.0,0.42667408318992467,-0.9044054548343001,Dry Season,0,7,6,1.5
2023-06-07,97180,SN,Sulawesi Selatan,21.0,34.8,26.2,66.0,0.0,5.5,,1010.6,,Makassar (Sultan Hasanuddin),South Sulawesi,Sulawesi Selatan,1.5277777777777777,13.799999999999997,47.44080805415105,2023,6,158,2,7,1.2246467991473532e-16,-1.0,0.4110537546870351,-0.9116111071930239,Dry Season,0,7,6,0.0
2023-06-08,97180,SN,Sulawesi Selatan,20.0,32.3,26.4,72.0,0.0,7.2,,1010.3,,Makassar (Sultan Hasanuddin),South Sulawesi,Sulawesi Selatan,2.0,12.299999999999997,42.082954216824376,2023,6,159,2,8,1.2246467991473532e-16,-1.0,0.3953117887649151,-0.9185469991587165,Dry Season,0,7,6,0.0
2023-06-09,97180,SN,Sulawesi Selatan,22.0,32.0,26.2,86.0,6.0,5.7,,1009.6,,Makassar (Sultan Hasanuddin),South Sulawesi,Sulawesi Selatan,1.5833333333333333,10.0,47.04397744844471,2023,6,160,2,9,1.2246467991473532e-16,-1.0,0.37945284372454435,-0.925211078289358,Dry Season,0,7,6,6.0
2023-06-10,97180,SN,Sulawesi Selatan,24.0,31.4,26.8,84.0,7.4,5.5,,1008.8,,Makassar (Sultan Hasanuddin),South Sulawesi,Sulawesi Selatan,1.5277777777777777,7.399999999999999,43.81569600903108,2023,6,161,2,10,1.2246467991473532e-16,-1.0,0.36348161248290634,-0.9316013725767187,Dry Season,0,7,6,7.4
2023-06-11,97180,SN,Sulawesi Selatan,24.0,30.5,27.2,77.0,13.6,5.2,,1008.8,,Makassar (Sultan Hasanuddin),South Sulawesi,Sulawesi Selatan,1.4444444444444444,6.5,38.30168520244441,2023,6,162,2,11,1.2246467991473532e-16,-1.0,0.3474028211842774,-0.9377159910299093,Dry Season,0,7,6,13.6
2023-06-12,97180,SN,Sulawesi Selatan,22.8,32.4,27.1,79.0,4.3,6.1,,1009.7,,Makassar (Sultan Hasanuddin),South Sulawesi,Sulawesi Selatan,1.6944444444444442,9.599999999999998,45.39097717027559,2023,6,163,2,12,1.2246467991473532e-16,-1.0,0.3312212278016865,-0.9435531242349544,Dry Season,0,7,6,4.3
2023-06-13,97180,SN,Sulawesi Selatan,24.0,31.9,27.4,78.0,3.9,5.9,,1009.6,,Makassar (Sultan Hasanuddin),South Sulawesi,Sulawesi Selatan,1.6388888888888888,7.899999999999999,43.17955214031782,2023,6,164,2,13,1.2246467991473532e-16,-1.0,0.31494162072895193,-0.9491110448902284,Dry Season,0,7,6,3.9
2023-06-14,97180,SN,Sulawesi Selatan,24.0,32.5,27.8,78.0,4.5,6.6,,1009.9,,Makassar (Sultan Hasanuddin),South Sulawesi,Sulawesi Selatan,1.8333333333333333,8.5,45.304698015277886,2023,6,165,2,14,1.2246467991473532e-16,-1.0,0.2985688173637202,-0.9543881083175908,Dry Season,0,7,6,4.5
2023-06-15,97180,SN,Sulawesi Selatan,25.0,33.2,26.8,76.0,1.0,6.8,,1010.1,,Makassar (Sultan Hasanuddin),South Sulawesi,Sulawesi Selatan,1.8888888888888888,8.200000000000003,46.915916868995645,2023,6,166,2,15,1.2246467991473532e-16,-1.0,0.2821076626819194,-0.9593827529490743,Dry Season,0,7,6,1.0
2023-06-16,97180,SN,Sulawesi Selatan,22.0,33.4,26.6,70.0,0.0,7.1,,1009.8,,Makassar (Sultan Hasanuddin),South Sulawesi,Sulawesi Selatan,1.972222222222222,11.399999999999999,44.763968973315535,2023,6,167,2,16,1.2246467991473532e-16,-1.0,0.26556302780405594,-0.9640935007889755,Dry Season,0,7,6,0.0
2023-06-17,97180,SN,Sulawesi Selatan,22.3,33.2,27.3,71.0,1.4,6.8,,1010.7,,Makassar (Sultan Hasanuddin),South Sulawesi,Sulawesi Selatan,1.8888888888888888,10.900000000000002,44.560657477617816,2023,6,168,2,17,1.2246467991473532e-16,-1.0,0.24893980855376657,-0.9685189578512204,Dry Season,0,7,6,1.4
2023-06-18,97180,SN,Sulawesi Selatan,24.0,32.9,26.7,77.0,6.6,6.8,,1010.4,,Makassar (Sultan Hasanuddin),South Sulawesi,Sulawesi Selatan,1.8888888888888888,8.899999999999999,46.298825841164636,2023,6,169,2,18,1.2246467991473532e-16,-1.0,0.23224292400907015,-0.9726578145718654,Dry Season,0,7,6,6.6
2023-06-19,97180,SN,Sulawesi Selatan,23.0,34.0,26.8,73.0,7.9,6.6,,1010.1,,Makassar (Sultan Hasanuddin),South Sulawesi,Sulawesi Selatan,1.8333333333333333,11.0,48.321225239555645,2023,6,170,2,19,1.2246467991473532e-16,-1.0,0.21547731504673012,-0.976508846196619,Dry Season,0,7,6,7.9
2023-06-20,97180,SN,Sulawesi Selatan,23.0,32.0,26.4,79.0,2.6,5.8,,1011.1,,Makassar (Sultan Hasanuddin),South Sulawesi,Sulawesi Selatan,1.611111111111111,9.0,43.94461332355576,2023,6,171,2,20,1.2246467991473532e-16,-1.0,0.19864794288017112,-0.9800709131432666,Dry Season,0,7,6,2.6
2023-06-21,97180,SN,Sulawesi Selatan,23.0,34.6,27.3,70.0,0.0,5.0,,1010.8,,Makassar (Sultan Hasanuddin),South Sulawesi,Sulawesi Selatan,1.3888888888888888,11.600000000000001,48.88644433891559,2023,6,172,2,21,1.2246467991473532e-16,-1.0,0.18175978759137534,-0.9833429613388902,Dry Season,0,7,6,0.0
2023-06-22,97180,SN,Sulawesi Selatan,22.5,32.5,27.1,74.0,0.0,6.6,,1009.9,,Makassar (Sultan Hasanuddin),South Sulawesi,Sulawesi Selatan,1.8333333333333333,10.0,43.552587548611285,2023,6,173,2,22,1.2246467991473532e-16,-1.0,0.16481784665719793,-0.9863240225317866,Dry Season,0,7,6,0.0
2023-06-23,97180,SN,Sulawesi Selatan,23.0,32.4,26.9,76.0,0.5,5.3,,1009.2,,Makassar (Sultan Hasanuddin),South Sulawesi,Sulawesi Selatan,1.472222222222222,9.399999999999999,44.068723666115645,2023,6,174,2,23,1.2246467991473532e-16,-1.0,0.14782713347053048,-0.9890132145779883,Dry Season,0,7,6,0.5
2023-06-24,97180,SN,Sulawesi Selatan,23.0,33.2,27.4,73.0,4.1,6.8,,1008.8,,Makassar (Sultan Hasanuddin),South Sulawesi,Sulawesi Selatan,1.8888888888888888,10.200000000000003,45.480487910915734,2023,6,175,2,24,1.2246467991473532e-16,-1.0,0.13079267585675922,-0.9914097417023038,Dry Season,0,7,6,4.1
2023-06-25,97180,SN,Sulawesi Selatan,23.0,33.2,27.3,77.0,9.4,4.7,,1008.3,,Makassar (Sultan Hasanuddin),South Sulawesi,Sulawesi Selatan,1.3055555555555556,10.200000000000003,47.40924207052457,2023,6,176,2,25,1.2246467991473532e-16,-1.0,0.11371951458594969,-0.9935128947338007,Dry Season,0,7,6,9.4
2023-06-26,97180,SN,Sulawesi Selatan,23.0,33.8,26.1,84.0,9.2,5.4,,1009.0,,Makassar (Sultan Hasanuddin),South Sulawesi,Sulawesi Selatan,1.5,10.799999999999997,53.70205047399129,2023,6,177,2,26,1.2246467991473532e-16,-1.0,0.0966127018812031,-0.9953220513156602,Dry Season,0,7,6,9.2
2023-06-27,97180,SN,Sulawesi Selatan,23.0,33.0,26.2,86.0,22.9,5.4,,1010.4,,Makassar (Sultan Hasanuddin),South Sulawesi,Sulawesi Selatan,1.5,10.0,51.29643850844445,2023,6,178,2,27,1.2246467991473532e-16,-1.0,0.07947729992362097,-0.9968366760893436,Dry Season,0,7,6,22.9
2023-06-28,97180,SN,Sulawesi Selatan,23.0,30.6,25.8,86.0,2.9,4.8,,1011.4,,Makassar (Sultan Hasanuddin),South Sulawesi,Sulawesi Selatan,1.3333333333333333,7.600000000000001,41.599264141404454,2023,6,179,2,28,1.2246467991473532e-16,-1.0,0.062318379354325076,-0.998056320853012,Dry Season,0,7,6,2.9
2023-06-29,97180,SN,Sulawesi Selatan,23.4,32.3,27.3,81.0,2.7,6.9,,1010.1,,Makassar (Sultan Hasanuddin),South Sulawesi,Sulawesi Selatan,1.9166666666666667,8.899999999999999,45.924689850284416,2023,6,180,2,29,1.2246467991473532e-16,-1.0,0.04514101777397193,-0.9989806246941579,Dry Season,0,7,6,2.7
2023-06-30,97180,SN,Sulawesi Selatan,24.0,32.9,27.6,82.0,14.8,5.6,,1009.9,,Makassar (Sultan Hasanuddin),South Sulawesi,Sulawesi Selatan,1.5555555555555554,8.899999999999999,48.76014679497564,2023,6,181,2,30,1.2246467991473532e-16,-1.0,0.02795029824021032,-0.999609314096404,Dry Season,0,7,6,14.8
2023-07-01,97180,SN,Sulawesi Selatan,25.0,33.0,26.8,85.0,13.2,5.7,,1010.5,,Makassar (Sultan Hasanuddin),South Sulawesi,Sulawesi Selatan,1.5833333333333333,8.0,50.753054399555715,2023,7,182,3,1,-0.4999999999999997,-0.8660254037844388,0.01075130776352193,-0.9999422030204416,Dry Season,0,7,6,13.2
2023-07-02,97180,SN,Sulawesi Selatan,24.0,32.6,26.5,88.0,6.4,6.5,,1011.0,,Makassar (Sultan Hasanuddin),South Sulawesi,Sulawesi Selatan,1.8055555555555556,8.600000000000001,50.60011783219564,2023,7,183,3,2,-0.4999999999999997,-0.8660254037844388,-0.00645086419810515,-0.9999791929590823,Dry Season,0,7,6,6.4
2023-07-03,97180,SN,Sulawesi Selatan,24.0,32.8,25.6,93.0,38.3,5.4,,1010.9,,Makassar (Sultan Hasanuddin),South Sulawesi,Sulawesi Selatan,1.5,8.799999999999997,54.305907512871016,2023,7,184,3,3,-0.4999999999999997,-0.8660254037844388,-0.023651127245231586,-0.9997202729664083,Dry Season,0,7,6,38.3
2023-07-04,97180,SN,Sulawesi Selatan,24.0,31.0,25.9,86.0,5.6,5.7,,1010.7,,Makassar (Sultan Hasanuddin),South Sulawesi,Sulawesi Selatan,1.5833333333333333,7.0,43.094333160444656,2023,7,185,3,4,-0.4999999999999997,-0.8660254037844388,-0.04084439154329611,-0.9991655196610109,Dry Season,0,7,6,5.6
2023-07-05,97180,SN,Sulawesi Selatan,23.5,32.6,26.9,81.0,5.5,6.7,,1009.4,,Makassar (Sultan Hasanuddin),South Sulawesi,Sulawesi Selatan,1.8611111111111112,9.100000000000001,47.07625433740455,2023,7,186,3,5,-0.4999999999999997,-0.8660254037844388,-0.05802556932878035,-0.9983150972033183,Dry Season,0,7,6,5.5
2023-07-06,97180,SN,Sulawesi Selatan,24.0,34.2,28.1,76.0,15.3,5.5,,1009.8,,Makassar (Sultan Hasanuddin),South Sulawesi,Sulawesi Selatan,1.5277777777777777,10.200000000000003,50.718077403395576,2023,7,187,3,6,-0.4999999999999997,-0.8660254037844388,-0.07518957641475855,-0.9971692572470178,Dry Season,0,7,6,15.3
2023-07-07,97180,SN,Sulawesi Selatan,24.7,32.9,28.4,75.0,15.3,6.1,,1010.6,,Makassar (Sultan Hasanuddin),South Sulawesi,Sulawesi Selatan,1.6944444444444442,8.2,45.364216050071185,2023,7,188,3,7,-0.4999999999999997,-0.8660254037844388,-0.09233133369539122,-0.9957283388645872,Dry Season,0,7,6,15.3
2023-07-08,97180,SN,Sulawesi Selatan,25.0,34.2,27.0,73.0,0.6,6.3,,1011.4,,Makassar (Sultan Hasanuddin),South Sulawesi,Sulawesi Selatan,1.75,9.200000000000003,49.05742154451568,2023,7,189,3,8,-0.4999999999999997,-0.8660254037844388,-0.10944576864891556,-0.993992768446958,Dry Season,0,7,6,0.6
2023-07-09,97180,SN,Sulawesi Selatan,22.0,33.8,27.1,75.0,2.0,5.8,,1010.5,,Makassar (Sultan Hasanuddin),South Sulawesi,Sulawesi Selatan,1.611111111111111,11.799999999999997,48.63366467575118,2023,7,190,3,9,-0.4999999999999997,-0.8660254037844388,-0.12652781683868314,-0.9919630595773397,Dry Season,0,7,6,2.0
2023-07-10,97180,SN,Sulawesi Selatan,22.0,32.8,26.4,70.0,0.0,6.6,,1009.9,,Makassar (Sultan Hasanuddin),South Sulawesi,Sulawesi Selatan,1.8333333333333333,10.799999999999997,42.837689544195605,2023,7,191,3,10,-0.4999999999999997,-0.8660254037844388,-0.1435724234118113,-0.9896398128792412,Dry Season,0,7,6,0.0
2023-07-11,97180,SN,Sulawesi Selatan,21.6,33.0,27.0,69.0,0.0,5.7,,1010.6,,Makassar (Sultan Hasanuddin),South Sulawesi,Sulawesi Selatan,1.5833333333333333,11.399999999999999,43.04206740577781,2023,7,192,3,11,-0.4999999999999997,-0.8660254037844388,-0.16057454459499376,-0.9870237158387383,Dry Season,0,7,6,0.0
2023-07-12,97180,SN,Sulawesi Selatan,22.8,31.9,26.5,78.0,3.0,5.2,,1009.9,,Makassar (Sultan Hasanuddin),South Sulawesi,Sulawesi Selatan,1.4444444444444444,9.099999999999998,43.17955214031782,2023,7,193,3,12,-0.4999999999999997,-0.8660254037844388,-0.17752914918703497,-0.984115542601034,Dry Season,0,7,6,3.0
2023-07-13,97180,SN,Sulawesi Selatan,24.0,29.9,25.6,87.0,3.4,4.9,,1010.7,,Makassar (Sultan Hasanuddin),South Sulawesi,Sulawesi Selatan,1.3611111111111112,5.899999999999999,39.40355354009788,2023,7,194,3,13,-0.4999999999999997,-0.8660254037844388,-0.19443122004766195,-0.9809161537413774,Dry Season,0,7,6,3.4
2023-07-14,97180,SN,Sulawesi Selatan,23.0,30.4,26.0,83.0,6.4,4.8,,1010.5,,Makassar (Sultan Hasanuddin),South Sulawesi,Sulawesi Selatan,1.3333333333333333,7.399999999999999,39.872413889351044,2023,7,195,3,14,-0.4999999999999997,-0.8660254037844388,-0.2112757555821793,-0.9774264960104055,Dry Season,0,7,6,6.4
2023-07-15,97180,SN,Sulawesi Selatan,22.0,32.6,26.3,77.0,0.0,6.2,,1010.0,,Makassar (Sultan Hasanuddin),South Sulawesi,Sulawesi Selatan,1.7222222222222223,10.600000000000001,45.21302597836463,2023,7,196,3,15,-0.4999999999999997,-0.8660254037844388,-0.2280577712215198,-0.9736476020539838,Dry Season,0,7,6,0.0
2023-07-16,97180,SN,Sulawesi Selatan,21.0,32.4,24.9,82.0,0.9,6.4,,1010.7,,Makassar (Sultan Hasanuddin),South Sulawesi,Sulawesi Selatan,1.777777777777778,11.399999999999999,46.772987720675786,2023,7,197,3,16,-0.4999999999999997,-0.8660254037844388,-0.24477230089725957,-0.9695805901076308,Dry Season,0,7,6,0.9
2023-07-17,97180,SN,Sulawesi Selatan,19.9,32.5,26.7,74.0,0.0,5.9,,1010.3,,Makassar (Sultan Hasanuddin),South Sulawesi,Sulawesi Selatan,1.6388888888888888,12.600000000000001,43.552587548611285,2023,7,198,3,17,-0.4999999999999997,-0.8660254037844388,-0.2614143985111562,-0.965226663665613,Dry Season,0,7,6,0.0
2023-07-18,97180,SN,Sulawesi Selatan,23.0,32.0,27.2,73.0,2.4,5.3,,1010.1,,Makassar (Sultan Hasanuddin),South Sulawesi,Sulawesi Selatan,1.472222222222222,9.0,41.531525591555706,2023,7,199,3,18,-0.4999999999999997,-0.8660254037844388,-0.2779791393987801,-0.9605871111248129,Dry Season,0,7,6,2.4
2023-07-19,97180,SN,Sulawesi Selatan,23.0,32.9,27.0,74.0,2.2,5.8,,1009.6,,Makassar (Sultan Hasanuddin),South Sulawesi,Sulawesi Selatan,1.611111111111111,9.899999999999999,44.90760799533115,2023,7,200,3,19,-0.4999999999999997,-0.8660254037844388,-0.2944616217868012,-0.9556633054034704,Dry Season,0,7,6,2.2
2023-07-20,97180,SN,Sulawesi Selatan,22.6,33.6,27.3,73.0,0.1,6.9,,1009.2,,Makassar (Sultan Hasanuddin),South Sulawesi,Sulawesi Selatan,1.9166666666666667,11.0,46.88004699699547,2023,7,201,3,20,-0.4999999999999997,-0.8660254037844388,-0.3108569682435036,-0.9504567035349151,Dry Season,0,7,6,0.1
2023-07-21,97180,SN,Sulawesi Selatan,23.0,33.6,26.9,78.0,1.6,5.7,,1011.1,,Makassar (Sultan Hasanuddin),South Sulawesi,Sulawesi Selatan,1.5833333333333333,10.600000000000001,49.45963317921776,2023,7,202,3,21,-0.4999999999999997,-0.8660254037844388,-0.3271603271220951,-0.9449688462364056,Dry Season,0,7,6,1.6
2023-07-22,97180,SN,Sulawesi Selatan,23.0,32.0,26.6,75.0,0.2,6.3,,1011.8,,Makassar (Sultan Hasanuddin),South Sulawesi,Sulawesi Selatan,1.75,9.0,42.310912775111326,2023,7,203,3,22,-0.4999999999999997,-0.8660254037844388,-0.34336687399638804,-0.939201357453208,Dry Season,0,7,6,0.2
2023-07-23,97180,SN,Sulawesi Selatan,21.0,33.0,26.4,72.0,0.3,6.6,,1011.6,,Makassar (Sultan Hasanuddin),South Sulawesi,Sulawesi Selatan,1.8333333333333333,12.0,44.346909852444576,2023,7,204,3,23,-0.4999999999999997,-0.8660254037844388,-0.3594718130884232,-0.9331559438780432,Dry Season,0,7,6,0.3
2023-07-24,97180,SN,Sulawesi Selatan,21.0,33.0,26.3,71.0,0.0,5.9,,1010.9,,Makassar (Sultan Hasanuddin),South Sulawesi,Sulawesi Selatan,1.6388888888888888,12.0,43.90473326177779,2023,7,205,3,24,-0.4999999999999997,-0.8660254037844388,-0.3754703786876202,-0.9268343944460494,Dry Season,0,7,6,0.0
2023-07-25,97180,SN,Sulawesi Selatan,21.0,32.8,26.1,71.0,0.0,6.4,,1011.6,,Makassar (Sultan Hasanuddin),South Sulawesi,Sulawesi Selatan,1.777777777777778,11.799999999999997,43.258942487217745,2023,7,206,3,25,-0.4999999999999997,-0.8660254037844388,-0.3913578365610259,-0.9202385798054075,Dry Season,0,7,6,0.0
2023-07-26,97180,SN,Sulawesi Selatan,20.0,32.4,26.4,74.0,0.0,7.3,,1011.8,,Makassar (Sultan Hasanuddin),South Sulawesi,Sulawesi Selatan,2.0277777777777777,12.399999999999999,43.22041968903128,2023,7,207,3,26,-0.4999999999999997,-0.8660254037844388,-0.4071294853542516,-0.9133704517637858,Dry Season,0,7,6,0.0
2023-07-27,97180,SN,Sulawesi Selatan,21.0,33.4,26.5,72.0,0.0,8.2,,1012.0,,Makassar (Sultan Hasanuddin),South Sulawesi,Sulawesi Selatan,2.2777777777777777,12.399999999999999,45.69708049676439,2023,7,208,3,27,-0.4999999999999997,-0.8660254037844388,-0.4227806579826773,-0.9062320427107697,Dry Season,0,7,6,0.0
2023-07-28,97180,SN,Sulawesi Selatan,20.0,33.2,26.2,67.0,0.0,6.3,,1011.2,,Makassar (Sultan Hasanuddin),South Sulawesi,Sulawesi Selatan,1.75,13.200000000000003,42.810089904035664,2023,7,209,3,28,-0.4999999999999997,-0.8660254037844388,-0.4383067230125192,-0.898825465016444,Dry Season,0,7,6,0.0
2023-07-29,97180,SN,Sulawesi Selatan,20.0,33.2,25.9,70.0,0.0,6.4,,1011.4,,Makassar (Sultan Hasanuddin),South Sulawesi,Sulawesi Selatan,1.777777777777778,13.200000000000003,44.111878922595714,2023,7,210,3,29,-0.4999999999999997,-0.8660254037844388,-0.45370308603134424,-0.8911529104063088,Dry Season,0,7,6,0.0
2023-07-30,97180,SN,Sulawesi Selatan,20.0,32.7,26.7,70.0,0.2,7.2,,1011.1,,Makassar (Sultan Hasanuddin),South Sulawesi,Sulawesi Selatan,2.0,12.700000000000003,42.52539026689558,2023,7,211,3,30,-0.4999999999999997,-0.8660254037844388,-0.46896519100763184,-0.8832166493127127,Dry Season,0,7,6,0.2
2023-07-31,97180,SN,Sulawesi Selatan,21.8,33.6,26.9,70.0,0.6,6.1,,1010.8,,Makassar (Sultan Hasanuddin),South Sulawesi,Sulawesi Selatan,1.6944444444444442,11.8,45.426055931715474,2023,7,212,3,31,-0.4999999999999997,-0.8660254037844388,-0.48408852163897587,-0.8750190302029955,Dry Season,0,7,6,0.6
2023-08-01,97180,SN,Sulawesi Selatan,22.0,33.0,27.4,70.0,1.0,7.1,,1011.2,,Makassar (Sultan Hasanuddin),South Sulawesi,Sulawesi Selatan,1.972222222222222,11.0,43.469785779555686,2023,8,213,3,1,-0.8660254037844385,-0.5000000000000004,-0.4990686026885319,-0.8665624788845385,Dry Season,0,7,6,1.0
2023-08-02,97180,SN,Sulawesi Selatan,21.0,32.5,26.6,70.0,0.0,7.7,,1011.9,,Makassar (Sultan Hasanuddin),South Sulawesi,Sulawesi Selatan,2.138888888888889,11.5,41.908289393055696,2023,8,214,3,2,-0.8660254037844385,-0.5000000000000004,-0.5139010013093103,-0.8578494977869301,Dry Season,0,7,6,0.0
2023-08-03,97180,SN,Sulawesi Selatan,21.0,33.8,26.6,73.0,0.1,5.3,,1012.7,,Makassar (Sultan Hasanuddin),South Sulawesi,Sulawesi Selatan,1.472222222222222,12.799999999999997,47.59543372371569,2023,8,215,3,3,-0.8660254037844385,-0.5000000000000004,-0.5285813283559292,-0.8488826652214553,Dry Season,0,7,6,0.1
2023-08-04,97180,SN,Sulawesi Selatan,21.0,32.2,26.8,78.0,5.2,6.7,,1014.1,,Makassar (Sultan Hasanuddin),South Sulawesi,Sulawesi Selatan,1.8611111111111112,11.200000000000003,44.22966780753791,2023,8,216,3,4,-0.8660254037844385,-0.5000000000000004,-0.5431052396834317,-0.8396646346181327,Dry Season,0,7,6,5.2
2023-08-05,97180,SN,Sulawesi Selatan,23.0,33.5,27.1,70.0,2.4,6.7,,1013.2,,Makassar (Sultan Hasanuddin),South Sulawesi,Sulawesi Selatan,1.8611111111111112,10.5,45.09376283905562,2023,8,217,3,5,-0.8660254037844385,-0.5000000000000004,-0.5574684374327892,-0.8301981337405212,Dry Season,0,7,6,2.4
2023-08-06,97180,SN,Sulawesi Selatan,22.0,34.2,27.2,66.0,1.0,6.7,,1012.0,,Makassar (Sultan Hasanuddin),South Sulawesi,Sulawesi Selatan,1.8611111111111112,12.200000000000003,45.47629563575119,2023,8,218,3,6,-0.8660254037844385,-0.5000000000000004,-0.5716666713027052,-0.8204859638785327,Dry Season,0,7,6,1.0
2023-08-07,97180,SN,Sulawesi Selatan,21.0,33.2,26.6,60.0,0.0,9.0,,1011.7,,Makassar (Sultan Hasanuddin),South Sulawesi,Sulawesi Selatan,2.5,12.200000000000003,40.03243763201788,2023,8,219,3,7,-0.8660254037844385,-0.5000000000000004,-0.5856957398073508,-0.8105309990194823,Dry Season,0,7,6,0.0
2023-08-08,97180,SN,Sulawesi Selatan,20.0,33.0,26.2,60.0,0.0,7.9,,1011.9,,Makassar (Sultan Hasanuddin),South Sulawesi,Sulawesi Selatan,2.1944444444444446,13.0,39.51791192177781,2023,8,220,3,8,-0.8660254037844385,-0.5000000000000004,-0.5995514915196489,-0.8003361849976323,Dry Season,0,7,6,0.0
2023-08-09,97180,SN,Sulawesi Selatan,20.0,33.6,26.8,66.0,0.9,8.0,,1012.6,,Makassar (Sultan Hasanuddin),South Sulawesi,Sulawesi Selatan,2.2222222222222223,13.600000000000001,43.59678859607108,2023,8,221,3,9,-0.8660254037844385,-0.5000000000000004,-0.6132298262997502,-0.7899045386224707,Dry Season,0,7,6,0.9
2023-08-10,97180,SN,Sulawesi Selatan,20.0,32.6,26.7,68.0,0.8,8.9,,1012.3,,Makassar (Sultan Hasanuddin),South Sulawesi,Sulawesi Selatan,2.4722222222222223,12.600000000000001,41.42071051308451,2023,8,222,3,10,-0.8660254037844385,-0.5000000000000004,-0.6267266965083301,-0.7792391467859886,Dry Season,0,7,6,0.8
2023-08-11,97180,SN,Sulawesi Selatan,20.0,33.5,26.3,64.0,0.0,7.3,,1012.0,,Makassar (Sultan Hasanuddin),South Sulawesi,Sulawesi Selatan,2.0277777777777777,13.5,42.43711952505572,2023,8,223,3,11,-0.8660254037844385,-0.5000000000000004,-0.6400381082043503,-0.7683431655492202,Dry Season,0,7,6,0.0
2023-08-12,97180,SN,Sulawesi Selatan,20.0,32.0,26.1,68.0,0.0,7.4,,1011.3,,Makassar (Sultan Hasanuddin),South Sulawesi,Sulawesi Selatan,2.055555555555556,12.0,39.692324980444624,2023,8,224,3,12,-0.8660254037844385,-0.5000000000000004,-0.65316012232693,-0.7572198192083127,Dry Season,0,7,6,0.0
2023-08-13,97180,SN,Sulawesi Selatan,19.0,33.1,26.2,66.0,0.0,6.9,,1011.4,,Makassar (Sultan Hasanuddin),South Sulawesi,Sulawesi Selatan,1.9166666666666667,14.100000000000001,42.09546739397117,2023,8,225,3,13,-0.8660254037844385,-0.5000000000000004,-0.666088855860977,-0.7458723993404063,Dry Season,0,7,6,0.0
2023-08-14,97180,SN,Sulawesi Selatan,21.0,33.0,26.8,68.0,0.0,6.0,,1011.2,,Makassar (Sultan Hasanuddin),South Sulawesi,Sulawesi Selatan,1.6666666666666665,12.0,42.62157814044463,2023,8,226,3,14,-0.8660254037844385,-0.5000000000000004,-0.6788204829862355,-0.734304263829602,Dry Season,0,7,6,0.0
2023-08-15,97180,SN,Sulawesi Selatan,21.0,32.8,27.0,65.0,0.0,8.6,,1011.8,,Makassar (Sultan Hasanuddin),South Sulawesi,Sulawesi Selatan,2.388888888888889,11.799999999999997,40.83692286935104,2023,8,227,3,15,-0.8660254037844385,-0.5000000000000004,-0.6913512362094071,-0.722518835873311,Dry Season,0,7,6,0.0
2023-08-16,97180,SN,Sulawesi Selatan,21.0,33.4,26.8,66.0,0.0,7.8,,1012.1,,Makassar (Sultan Hasanuddin),South Sulawesi,Sulawesi Selatan,2.1666666666666665,12.399999999999999,42.989176333671146,2023,8,228,3,16,-0.8660254037844385,-0.5000000000000004,-0.7036774074790128,-0.7105196029692745,Dry Season,0,7,6,0.0
2023-08-17,97180,SN,Sulawesi Selatan,21.0,34.0,27.3,66.0,0.0,8.0,,1011.4,,Makassar (Sultan Hasanuddin),South Sulawesi,Sulawesi Selatan,2.2222222222222223,13.0,44.840348247111166,2023,8,229,3,17,-0.8660254037844385,-0.5000000000000004,-0.7157953492826642,-0.6983101158835584,Dry Season,0,7,6,0.0
2023-08-18,97180,SN,Sulawesi Selatan,21.0,33.5,27.1,63.0,0.0,8.6,,1011.0,,Makassar (Sultan Hasanuddin),South Sulawesi,Sulawesi Selatan,2.388888888888889,12.5,42.02135291844456,2023,8,230,3,18,-0.8660254037844385,-0.5000000000000004,-0.7277014757264236,-0.6858939875998223,Dry Season,0,7,6,0.0
2023-08-19,97180,SN,Sulawesi Selatan,21.5,34.7,28.6,58.0,0.0,7.6,,1010.7,,Makassar (Sultan Hasanuddin),South Sulawesi,Sulawesi Selatan,2.111111111111111,13.200000000000003,43.25581669281563,2023,8,231,3,19,-0.8660254037844385,-0.5000000000000004,-0.7393922635959241,-0.673274892250183,Dry Season,0,7,6,0.0
2023-08-20,97180,SN,Sulawesi Selatan,22.0,34.0,27.3,48.0,0.0,10.4,,1010.4,,Makassar (Sultan Hasanuddin),South Sulawesi,Sulawesi Selatan,2.888888888888889,12.0,37.73453079511117,2023,8,232,3,20,-0.8660254037844385,-0.5000000000000004,-0.7508642533989489,-0.6604565640279754,Dry Season,0,7,6,0.0
2023-08-21,97180,SN,Sulawesi Selatan,21.0,34.5,27.2,52.0,0.0,9.8,,1010.4,,Makassar (Sultan Hasanuddin),South Sulawesi,Sulawesi Selatan,2.7222222222222223,13.5,40.25730817105568,2023,8,233,3,21,-0.8660254037844385,-0.5000000000000004,-0.7621140503891487,-0.6474427960827475,Dry Season,0,7,6,0.0
2023-08-22,97180,SN,Sulawesi Selatan,20.3,34.4,27.6,56.0,0.0,8.1,,1010.5,,Makassar (Sultan Hasanuddin),South Sulawesi,Sulawesi Selatan,2.25,14.099999999999998,41.59088422567115,2023,8,234,3,22,-0.8660254037844385,-0.5000000000000004,-0.7731383255706026,-0.6342374393978054,Dry Season,0,7,6,0.0
2023-08-23,97180,SN,Sulawesi Selatan,23.0,35.6,28.7,60.0,0.0,9.3,,1010.5,,Makassar (Sultan Hasanuddin),South Sulawesi,Sulawesi Selatan,2.5833333333333335,12.600000000000001,46.87755006113774,2023,8,235,3,23,-0.8660254037844385,-0.5000000000000004,-0.7839338166829201,-0.620844401650647,Dry Season,0,7,6,0.0
2023-08-24,97180,SN,Sulawesi Selatan,23.0,34.6,28.1,64.0,2.2,7.3,,1010.5,,Makassar (Sultan Hasanuddin),South Sulawesi,Sulawesi Selatan,2.0277777777777777,11.600000000000001,45.77422047267561,2023,8,236,3,24,-0.8660254037844385,-0.5000000000000004,-0.7944973291665992,-0.6072676460566135,Dry Season,0,7,6,2.2
2023-08-25,97180,SN,Sulawesi Selatan,22.0,34.2,28.1,54.0,0.0,10.0,,1009.8,,Makassar (Sultan Hasanuddin),South Sulawesi,Sulawesi Selatan,2.7777777777777777,12.200000000000003,40.29396850252446,2023,8,237,3,25,-0.8660254037844385,-0.5000000000000004,-0.8048257371083452,-0.593511190196115,Dry Season,0,7,6,0.0
2023-08-26,97180,SN,Sulawesi Selatan,22.0,35.4,27.0,55.0,0.0,8.9,,1009.7,,Makassar (Sultan Hasanuddin),South Sulawesi,Sulawesi Selatan,2.4722222222222223,13.399999999999999,43.829958706115626,2023,8,238,3,26,-0.8660254037844385,-0.5000000000000004,-0.8149159841660791,-0.5795791048257612,Dry Season,0,7,6,0.0
2023-08-27,97180,SN,Sulawesi Selatan,20.0,34.2,26.6,60.0,0.5,8.2,,1009.8,,Makassar (Sultan Hasanuddin),South Sulawesi,Sulawesi Selatan,2.2777777777777777,14.200000000000003,42.73406693441792,2023,8,239,3,27,-0.8660254037844385,-0.5000000000000004,-0.8247650844733614,-0.5654755126737576,Dry Season,0,7,6,0.5
2023-08-28,97180,SN,Sulawesi Selatan,20.0,34.0,26.6,58.0,0.0,7.6,,1010.1,,Makassar (Sultan Hasanuddin),South Sulawesi,Sulawesi Selatan,2.111111111111111,14.0,41.35420553955563,2023,8,240,3,28,-0.8660254037844385,-0.5000000000000004,-0.8343701235229538,-0.5512045872199277,Dry Season,0,7,6,0.0
2023-08-29,97180,SN,Sulawesi Selatan,20.2,35.0,26.8,64.0,0.0,8.2,,1009.7,,Makassar (Sultan Hasanuddin),South Sulawesi,Sulawesi Selatan,2.2777777777777777,14.8,47.056454255555614,2023,8,241,3,29,-0.8660254037844385,-0.5000000000000004,-0.8437282590292712,-0.5367705514607103,Dry Season,0,7,6,0.0
2023-08-30,97180,SN,Sulawesi Selatan,21.0,35.9,26.8,59.0,0.0,9.3,,1009.9,,Makassar (Sultan Hasanuddin),South Sulawesi,Sulawesi Selatan,2.5833333333333335,14.899999999999999,47.28146207156465,2023,8,242,3,30,-0.8660254037844385,-0.5000000000000004,-0.8528367217694595,-0.522177676659508,Dry Season,0,7,6,0.0
2023-08-31,97180,SN,Sulawesi Selatan,20.6,34.7,27.6,60.0,0.0,8.6,,1010.9,,Makassar (Sultan Hasanuddin),South Sulawesi,Sulawesi Selatan,2.388888888888889,14.100000000000001,44.1655070551178,2023,8,243,3,31,-0.8660254037844385,-0.5000000000000004,-0.8616928164028522,-0.5074302810827518,Dry Season,0,7,6,0.0
2023-09-01,97180,SN,Sulawesi Selatan,21.0,33.3,27.2,52.0,0.0,10.2,,1010.7,,Makassar (Sultan Hasanuddin),South Sulawesi,Sulawesi Selatan,2.833333333333333,12.299999999999997,37.51950270193562,2023,9,244,3,1,-1.0,-1.8369701987210297e-16,-0.8702939222685674,-0.49253272872205434,Dry Season,0,7,6,0.0
2023-09-02,97180,SN,Sulawesi Selatan,20.0,33.6,27.2,57.0,0.0,9.4,,1009.8,,Makassar (Sultan Hasanuddin),South Sulawesi,Sulawesi Selatan,2.611111111111111,13.600000000000001,39.938020230631125,2023,9,245,3,2,-1.0,-1.8369701987210297e-16,-0.8786374941610001,-0.4774894280028391,Dry Season,0,7,6,0.0
2023-09-03,97180,SN,Sulawesi Selatan,20.0,33.0,27.2,53.0,0.0,10.4,,1009.9,,Makassar (Sultan Hasanuddin),South Sulawesi,Sulawesi Selatan,2.888888888888889,13.0,37.18173217377785,2023,9,246,3,3,-1.0,-1.8369701987210297e-16,-0.886721063082993,-0.46230483047981086,Dry Season,0,7,6,0.0
2023-09-04,97180,SN,Sulawesi Selatan,21.0,36.0,27.8,58.0,0.0,9.4,,1008.9,,Makassar (Sultan Hasanuddin),South Sulawesi,Sulawesi Selatan,2.611111111111111,15.0,47.057578799555586,2023,9,247,3,4,-1.0,-1.8369701987210297e-16,-0.8945422369764496,-0.4469834295196741,Dry Season,0,7,6,0.0
2023-09-05,97180,SN,Sulawesi Selatan,22.0,35.6,27.7,67.0,0.2,8.2,,1009.9,,Makassar (Sultan Hasanuddin),South Sulawesi,Sulawesi Selatan,2.2777777777777777,13.600000000000001,50.778894666275626,2023,9,248,3,5,-1.0,-1.8369701987210297e-16,-0.9020987014301837,-0.43152975897147144,Dry Season,0,7,6,0.2
2023-09-06,97180,SN,Sulawesi Selatan,21.0,35.3,28.2,60.0,0.0,8.3,,1010.6,,Makassar (Sultan Hasanuddin),South Sulawesi,Sulawesi Selatan,2.305555555555556,14.299999999999997,45.95418561311776,2023,9,249,3,6,-1.0,-1.8369701987210297e-16,-0.9093882203647925,-0.4159483918249421,Dry Season,0,7,6,0.0
2023-09-07,97180,SN,Sulawesi Selatan,21.0,34.1,28.0,56.0,0.0,8.0,,1010.9,,Makassar (Sultan Hasanuddin),South Sulawesi,Sulawesi Selatan,2.2222222222222223,13.100000000000001,40.81821428437104,2023,9,250,3,7,-1.0,-1.8369701987210297e-16,-0.9164086366943458,-0.4002439388573056,Dry Season,0,7,6,0.0
2023-09-08,97180,SN,Sulawesi Selatan,20.0,33.8,27.4,57.0,0.0,7.8,,1011.3,,Makassar (Sultan Hasanuddin),South Sulawesi,Sulawesi Selatan,2.1666666666666665,13.799999999999997,40.44259414839131,2023,9,251,3,8,-1.0,-1.8369701987210297e-16,-0.9231578729647039,-0.38442104726885545,Dry Season,0,7,6,0.0
2023-09-09,97180,SN,Sulawesi Selatan,22.0,33.6,27.8,57.0,0.0,7.7,,1010.7,,Makassar (Sultan Hasanuddin),South Sulawesi,Sulawesi Selatan,2.138888888888889,11.600000000000001,39.938020230631125,2023,9,252,3,9,-1.0,-1.8369701987210297e-16,-0.9296339319682695,-0.3684843993077793,Dry Season,0,7,6,0.0
2023-09-10,97180,SN,Sulawesi Selatan,22.8,34.8,29.2,63.0,0.8,8.6,,1010.5,,Makassar (Sultan Hasanuddin),South Sulawesi,Sulawesi Selatan,2.388888888888889,11.999999999999996,45.90917747100448,2023,9,253,3,10,-1.0,-1.8369701987210297e-16,-0.9358348973349941,-0.35243871088460327,Dry Season,0,7,6,0.8
2023-09-11,97180,SN,Sulawesi Selatan,25.7,37.2,31.5,50.0,0.0,18.4,,1010.0,,Makassar (Sultan Hasanuddin),South Sulawesi,Sulawesi Selatan,5.111111111111111,11.500000000000004,46.32590617948439,2023,9,254,3,11,-1.0,-1.8369701987210297e-16,-0.9417589340994617,-0.33628873017668287,Dry Season,0,7,6,0.0
2023-09-12,97180,SN,Sulawesi Selatan,26.0,37.0,28.1,50.0,0.0,14.2,,1011.1,,Makassar (Sultan Hasanuddin),South Sulawesi,Sulawesi Selatan,3.944444444444444,11.0,45.77649702844445,2023,9,255,3,12,-1.0,-1.8369701987210297e-16,-0.9474042892438845,-0.32003923622313857,Dry Season,0,7,6,0.0
2023-09-13,97180,SN,Sulawesi Selatan,22.0,36.0,28.7,54.0,0.0,9.7,,1011.2,,Makassar (Sultan Hasanuddin),South Sulawesi,Sulawesi Selatan,2.694444444444444,14.0,45.01631777644456,2023,9,256,3,13,-1.0,-1.8369701987210297e-16,-0.9527692922168511,-0.30369503751065885,Dry Season,0,7,6,0.0
2023-09-14,97180,SN,Sulawesi Selatan,23.0,36.9,28.7,54.0,0.0,9.5,,1011.2,,Makassar (Sultan Hasanuddin),South Sulawesi,Sulawesi Selatan,2.638888888888889,13.899999999999999,47.61242559586446,2023,9,257,3,14,-1.0,-1.8369701987210297e-16,-0.9578523554276669,-0.28726097055059635,Dry Season,0,7,6,0.0
2023-09-15,97180,SN,Sulawesi Selatan,22.2,36.2,28.8,56.0,0.1,7.5,,1011.2,,Makassar (Sultan Hasanuddin),South Sulawesi,Sulawesi Selatan,2.0833333333333335,14.000000000000004,46.60609739335107,2023,9,258,3,15,-1.0,-1.8369701987210297e-16,-0.9626519747161487,-0.2707418984477642,Dry Season,0,7,6,0.1
2023-09-16,97180,SN,Sulawesi Selatan,24.0,36.4,28.7,57.0,0.0,10.6,,1010.6,,Makassar (Sultan Hasanuddin),South Sulawesi,Sulawesi Selatan,2.944444444444444,12.399999999999999,47.745508422631055,2023,9,259,3,16,-1.0,-1.8369701987210297e-16,-0.9671667297977312,-0.2541427094613622,Dry Season,0,7,6,0.0
2023-09-17,97180,SN,Sulawesi Selatan,23.0,35.2,28.5,60.0,1.5,8.2,,1010.2,,Makassar (Sultan Hasanuddin),South Sulawesi,Sulawesi Selatan,2.2777777777777777,12.200000000000003,45.650697488817904,2023,9,260,3,17,-1.0,-1.8369701987210297e-16,-0.97139528468375,-0.23746831555846842,Dry Season,0,7,6,1.5
2023-09-18,97180,SN,Sulawesi Selatan,23.0,34.6,28.4,55.0,0.0,7.5,,1009.7,,Makassar (Sultan Hasanuddin),South Sulawesi,Sulawesi Selatan,2.0833333333333335,11.600000000000001,41.69824592211556,2023,9,261,3,18,-1.0,-1.8369701987210297e-16,-0.9753363880767837,-0.2207236509605022,Dry Season,0,7,6,0.0
2023-09-19,97180,SN,Sulawesi Selatan,23.4,34.8,31.3,59.0,0.0,8.8,,1010.0,,Makassar (Sultan Hasanuddin),South Sulawesi,Sulawesi Selatan,2.4444444444444446,11.399999999999999,43.99253393852448,2023,9,262,3,19,-1.0,-1.8369701987210297e-16,-0.9789888737409319,-0.20391367068311472,Dry Season,0,7,6,0.0
2023-09-20,97180,SN,Sulawesi Selatan,24.0,35.0,28.5,56.0,0.2,9.6,,1010.1,,Makassar (Sultan Hasanuddin),South Sulawesi,Sulawesi Selatan,2.6666666666666665,11.0,43.190394611111124,2023,9,263,3,20,-1.0,-1.8369701987210297e-16,-0.9823516608469237,-0.18704334906991657,Dry Season,0,7,6,0.2
2023-09-21,97180,SN,Sulawesi Selatan,22.0,35.3,28.2,49.0,0.0,9.3,,1010.2,,Makassar (Sultan Hasanuddin),South Sulawesi,Sulawesi Selatan,2.5833333333333335,13.299999999999997,40.99104359883556,2023,9,264,3,21,-1.0,-1.8369701987210297e-16,-0.9854237542919524,-0.17011767832049052,Dry Season,0,7,6,0.0
2023-09-22,97180,SN,Sulawesi Selatan,21.0,35.1,28.3,50.0,0.0,8.3,,1009.8,,Makassar (Sultan Hasanuddin),South Sulawesi,Sulawesi Selatan,2.305555555555556,14.100000000000001,40.91351088250454,2023,9,265,3,22,-1.0,-1.8369701987210297e-16,-0.9882042449941422,-0.15314166701312007,Dry Season,0,7,6,0.0
2023-09-23,97180,SN,Sulawesi Selatan,20.0,34.6,27.8,60.0,0.0,7.8,,1009.8,,Makassar (Sultan Hasanuddin),South Sulawesi,Sulawesi Selatan,2.1666666666666665,14.600000000000001,43.87491900593778,2023,9,266,3,23,-1.0,-1.8369701987210297e-16,-0.9906923101615609,-0.13612033862266704,Dry Season,0,7,6,0.0
2023-09-24,97180,SN,Sulawesi Selatan,22.0,35.3,27.9,57.0,0.0,8.0,,1009.6,,Makassar (Sultan Hasanuddin),South Sulawesi,Sulawesi Selatan,2.2222222222222223,13.299999999999997,44.487311447191175,2023,9,267,3,24,-1.0,-1.8369701987210297e-16,-0.9928872135356962,-0.11905873003404988,Dry Season,0,7,6,0.0
2023-09-25,97180,SN,Sulawesi Selatan,20.0,35.0,27.7,50.0,0.0,7.9,,1009.8,,Makassar (Sultan Hasanuddin),South Sulawesi,Sulawesi Selatan,2.1944444444444446,15.0,40.675428944444484,2023,9,268,3,25,-1.0,-1.8369701987210297e-16,-0.994788305609327,-0.10196189005174576,Dry Season,0,7,6,0.0
2023-09-26,97180,SN,Sulawesi Selatan,20.6,36.0,28.3,46.0,0.0,8.9,,1009.6,,Makassar (Sultan Hasanuddin),South Sulawesi,Sulawesi Selatan,2.4722222222222223,15.399999999999999,41.41854391155563,2023,9,269,3,26,-1.0,-1.8369701987210297e-16,-0.9963950238187231,-0.08483487790576538,Dry Season,0,7,6,0.0
2023-09-27,97180,SN,Sulawesi Selatan,21.0,36.4,28.5,49.0,0.0,8.1,,1010.1,,Makassar (Sultan Hasanuddin),South Sulawesi,Sulawesi Selatan,2.25,15.399999999999999,43.7024087678755,2023,9,270,3,27,-1.0,-1.8369701987210297e-16,-0.9977068927101168,-0.06768276175455162,Dry Season,0,7,6,0.0
2023-09-28,97180,SN,Sulawesi Selatan,20.0,36.2,28.8,50.0,0.0,9.2,,1010.0,,Makassar (Sultan Hasanuddin),South Sulawesi,Sulawesi Selatan,2.5555555555555554,16.200000000000003,43.65031922908434,2023,9,271,3,28,-1.0,-1.8369701987210297e-16,-0.9987235240803972,-0.050510617185222886,Dry Season,0,7,6,0.0
2023-09-29,97180,SN,Sulawesi Selatan,18.0,36.0,27.4,56.0,0.0,8.5,,1011.3,,Makassar (Sultan Hasanuddin),South Sulawesi,Sulawesi Selatan,2.361111111111111,18.0,46.01675044711124,2023,9,272,3,29,-1.0,-1.8369701987210297e-16,-0.9994446170919858,-0.033323525711631344,Dry Season,0,7,6,0.0
2023-09-30,97180,SN,Sulawesi Selatan,20.6,34.4,27.8,61.0,0.0,8.8,,1011.0,,Makassar (Sultan Hasanuddin),South Sulawesi,Sulawesi Selatan,2.4444444444444446,13.799999999999997,43.7489811285156,2023,9,273,3,30,-1.0,-1.8369701987210297e-16,-0.9998699583618592,-0.016126573270657762,Dry Season,0,7,6,0.0
2023-10-01,97180,SN,Sulawesi Selatan,21.0,34.9,27.6,55.0,0.0,8.3,,1010.8,,Makassar (Sultan Hasanuddin),South Sulawesi,Sulawesi Selatan,2.305555555555556,13.899999999999999,42.48286297371548,2023,10,274,4,1,-0.8660254037844386,0.5000000000000001,-0.9999994220246925,0.001075151282798226,Transition,2,7,6,0.0
2023-10-02,97180,SN,Sulawesi Selatan,21.7,35.6,28.6,61.0,0.0,7.8,,1011.3,,Makassar (Sultan Hasanuddin),South Sulawesi,Sulawesi Selatan,2.1666666666666665,13.900000000000002,47.40571381651552,2023,10,275,4,2,-0.8660254037844386,0.5000000000000001,-0.999832969770105,0.018276557681691223,Transition,2,7,6,0.0
2023-10-03,97180,SN,Sulawesi Selatan,23.0,35.4,29.2,63.0,0.0,9.0,,1012.0,,Makassar (Sultan Hasanuddin),South Sulawesi,Sulawesi Selatan,2.5,12.399999999999999,47.83216606668442,2023,10,276,4,3,-0.8660254037844386,0.5000000000000001,-0.9993706508539969,0.03547255575312556,Transition,2,7,6,0.0
2023-10-04,97180,SN,Sulawesi Selatan,24.0,36.0,29.3,63.0,0.0,8.7,,1011.8,,Makassar (Sultan Hasanuddin),South Sulawesi,Sulawesi Selatan,2.4166666666666665,12.0,49.836380788444565,2023,10,277,4,4,-0.8660254037844386,0.5000000000000001,-0.9986126020839734,0.052658056924614005,Transition,2,7,6,0.0
2023-10-05,97180,SN,Sulawesi Selatan,24.0,35.4,28.8,69.0,0.2,9.2,,1010.8,,Makassar (Sultan Hasanuddin),South Sulawesi,Sulawesi Selatan,2.5555555555555554,11.399999999999999,51.234303103697776,2023,10,278,4,5,-0.8660254037844386,0.5000000000000001,-0.9975590477788613,0.06982797572987089,Transition,2,7,6,0.2
2023-10-06,97180,SN,Sulawesi Selatan,21.0,34.8,28.6,65.0,0.0,7.8,,1010.5,,Makassar (Sultan Hasanuddin),South Sulawesi,Sulawesi Selatan,2.1666666666666665,13.799999999999997,46.92129805655115,2023,10,279,4,6,-0.8660254037844386,0.5000000000000001,-0.9962102997023297,0.0869772313136861,Transition,2,7,6,0.0
2023-10-07,97180,SN,Sulawesi Selatan,23.0,37.8,29.7,49.0,0.0,10.3,,1010.0,,Makassar (Sultan Hasanuddin),South Sulawesi,Sulawesi Selatan,2.861111111111111,14.799999999999997,47.4593695368356,2023,10,280,4,7,-0.8660254037844386,0.5000000000000001,-0.9945667569706337,0.1041007489354256,Transition,2,7,6,0.0
2023-10-08,97180,SN,Sulawesi Selatan,23.0,35.4,28.1,64.0,1.1,8.0,,1011.2,,Makassar (Sultan Hasanuddin),South Sulawesi,Sulawesi Selatan,2.2222222222222223,12.399999999999999,48.37535072067553,2023,10,281,4,8,-0.8660254037844386,0.5000000000000001,-0.9926289059345095,0.121193461470736,Transition,2,7,6,1.1
2023-10-09,97180,SN,Sulawesi Selatan,22.0,35.9,28.3,66.0,0.0,7.5,,1011.0,,Makassar (Sultan Hasanuddin),South Sulawesi,Sulawesi Selatan,2.0833333333333335,13.899999999999999,51.26319201317116,2023,10,282,4,9,-0.8660254037844386,0.5000000000000001,-0.9903973200352558,0.1382503109109819,Transition,2,7,6,0.0
2023-10-10,97180,SN,Sulawesi Selatan,21.0,35.8,28.9,60.0,0.0,8.3,,1010.8,,Makassar (Sultan Hasanuddin),South Sulawesi,Sulawesi Selatan,2.305555555555556,14.799999999999997,47.503876422417925,2023,10,283,4,10,-0.8660254037844386,0.5000000000000001,-0.9878726596350429,0.15526624985999563,Transition,2,7,6,0.0
2023-10-11,97180,SN,Sulawesi Selatan,22.0,36.0,28.3,60.0,0.0,8.5,,1010.3,,Makassar (Sultan Hasanuddin),South Sulawesi,Sulawesi Selatan,2.361111111111111,14.0,48.138802833777845,2023,10,284,4,11,-0.8660254037844386,0.5000000000000001,-0.9850556718215013,0.172236243027682,Transition,2,7,6,0.0
2023-10-12,97180,SN,Sulawesi Selatan,21.8,36.0,28.2,62.0,0.0,8.9,,1011.4,,Makassar (Sultan Hasanuddin),South Sulawesi,Sulawesi Selatan,2.4722222222222223,14.2,49.26042254977786,2023,10,285,4,12,-0.8660254037844386,0.5000000000000001,-0.981947190186646,0.18915526872004093,Transition,2,7,6,0.0
2023-10-13,97180,SN,Sulawesi Selatan,22.0,36.0,28.9,63.0,0.5,8.3,,1011.0,,Makassar (Sultan Hasanuddin),South Sulawesi,Sulawesi Selatan,2.305555555555556,14.0,49.836380788444565,2023,10,286,4,13,-0.8660254037844386,0.5000000000000001,-0.9785481345802031,0.20601832032517084,Transition,2,7,6,0.5
2023-10-14,97180,SN,Sulawesi Selatan,23.0,37.6,30.2,58.0,1.8,7.7,,1010.2,,Makassar (Sultan Hasanuddin),South Sulawesi,Sulawesi Selatan,2.138888888888889,14.600000000000001,52.21887108819558,2023,10,287,4,14,-0.8660254037844386,0.5000000000000001,-0.9748595108374125,0.22282040779479959,Transition,2,7,6,1.8
2023-10-15,97180,SN,Sulawesi Selatan,23.0,36.0,29.4,60.0,0.2,8.7,,1009.8,,Makassar (Sultan Hasanuddin),South Sulawesi,Sulawesi Selatan,2.4166666666666665,13.0,48.138802833777845,2023,10,288,4,15,-0.8660254037844386,0.5000000000000001,-0.9708824104813836,0.23955655912092708,Transition,2,7,6,0.2
2023-10-16,97180,SN,Sulawesi Selatan,23.0,36.9,28.6,62.0,0.0,8.4,,1009.9,,Makassar (Sultan Hasanuddin),South Sulawesi,Sulawesi Selatan,2.3333333333333335,13.899999999999999,52.35319895479797,2023,10,289,4,16,-0.8660254037844386,0.5000000000000001,-0.9666180104000972,0.2562218218071163,Transition,2,7,6,0.0
2023-10-17,97180,SN,Sulawesi Selatan,22.0,34.8,28.6,66.0,0.4,8.1,,1010.5,,Makassar (Sultan Hasanuddin),South Sulawesi,Sulawesi Selatan,2.25,12.799999999999997,47.44080805415105,2023,10,290,4,17,-0.8660254037844386,0.5000000000000001,-0.9620675724981452,0.27281126433401914,Transition,2,7,6,0.4
2023-10-18,97180,SN,Sulawesi Selatan,23.2,36.0,29.7,66.0,0.1,8.9,,1010.6,,Makassar (Sultan Hasanuddin),South Sulawesi,Sulawesi Selatan,2.4722222222222223,12.8,51.62484902711131,2023,10,291,4,18,-0.8660254037844386,0.5000000000000001,-0.957232443323312,0.28931997761869527,Transition,2,7,6,0.1
2023-10-19,97180,SN,Sulawesi Selatan,25.0,35.6,28.8,66.0,1.2,7.8,,1010.8,,Makassar (Sultan Hasanuddin),South Sulawesi,Sulawesi Selatan,2.1666666666666665,10.600000000000001,50.19238853447115,2023,10,292,4,19,-0.8660254037844386,0.5000000000000001,-0.9521140536681102,0.3057430764672831,Transition,2,7,6,1.2
2023-10-20,97180,SN,Sulawesi Selatan,23.0,35.3,28.1,68.0,0.0,7.9,,1011.0,,Makassar (Sultan Hasanuddin),South Sulawesi,Sulawesi Selatan,2.1944444444444446,12.299999999999997,50.28124664970456,2023,10,293,4,20,-0.8660254037844386,0.5000000000000001,-0.9467139181463862,0.3220757010206104,Transition,2,7,6,0.0
2023-10-21,97180,SN,Sulawesi Selatan,21.0,35.8,28.1,67.0,0.0,8.4,,1011.0,,Makassar (Sultan Hasanuddin),South Sulawesi,Sulawesi Selatan,2.3333333333333335,14.799999999999997,51.50525687283566,2023,10,294,4,21,-0.8660254037844386,0.5000000000000001,-0.9410336347451197,0.3383130181923076,Transition,2,7,6,0.0
2023-10-22,97180,SN,Sulawesi Selatan,23.0,35.6,28.9,65.0,2.4,8.7,,1011.5,,Makassar (Sultan Hasanuddin),South Sulawesi,Sulawesi Selatan,2.4166666666666665,12.600000000000001,49.61560613207121,2023,10,295,4,22,-0.8660254037844386,0.5000000000000001,-0.9350748843515574,0.3544502230989869,Transition,2,7,6,2.4
2023-10-23,97180,SN,Sulawesi Selatan,24.0,35.8,26.7,78.0,1.6,7.2,,1011.7,,Makassar (Sultan Hasanuddin),South Sulawesi,Sulawesi Selatan,2.0,11.799999999999997,58.77438997473799,2023,10,296,4,23,-0.8660254037844386,0.5000000000000001,-0.9288394302558068,0.3704825404820963,Transition,2,7,6,1.6
2023-10-24,97180,SN,Sulawesi Selatan,22.0,35.6,28.2,71.0,1.1,7.5,,1011.1,,Makassar (Sultan Hasanuddin),South Sulawesi,Sulawesi Selatan,2.0833333333333335,13.600000000000001,53.22215648753772,2023,10,297,4,24,-0.8660254037844386,0.5000000000000001,-0.9223291176290545,0.3864052261209853,Transition,2,7,6,1.1
2023-10-25,97180,SN,Sulawesi Selatan,22.0,36.0,27.7,71.0,0.0,8.2,,1011.3,,Makassar (Sultan Hasanuddin),South Sulawesi,Sulawesi Selatan,2.2777777777777777,14.0,54.80760783377783,2023,10,298,4,25,-0.8660254037844386,0.5000000000000001,-0.9155458729775467,0.40221356823680365,Transition,2,7,6,0.0
2023-10-26,97180,SN,Sulawesi Selatan,21.6,35.6,27.7,68.0,0.0,7.7,,1010.9,,Makassar (Sultan Hasanuddin),South Sulawesi,Sulawesi Selatan,2.138888888888889,14.0,51.375124527484566,2023,10,299,4,26,-0.8660254037844386,0.5000000000000001,-0.9084917035725082,0.41790288888678667,Transition,2,7,6,0.0
2023-10-27,97180,SN,Sulawesi Selatan,22.0,34.4,27.4,69.0,0.0,8.0,,1011.1,,Makassar (Sultan Hasanuddin),South Sulawesi,Sulawesi Selatan,2.2222222222222223,12.399999999999999,47.64832504609786,2023,10,300,4,27,-0.8660254037844386,0.5000000000000001,-0.9011686968561569,0.4334685453485363,Transition,2,7,6,0.0
2023-10-28,97180,SN,Sulawesi Selatan,21.9,37.2,29.1,66.0,0.0,7.6,,1010.0,,Makassar (Sultan Hasanuddin),South Sulawesi,Sulawesi Selatan,2.111111111111111,15.300000000000004,56.148911514951166,2023,10,301,4,28,-0.8660254037844386,0.5000000000000001,-0.8935790198239952,0.4489059314938798,Transition,2,7,6,0.0
2023-10-29,97180,SN,Sulawesi Selatan,22.9,37.2,29.2,64.0,0.0,9.1,,1009.3,,Makassar (Sultan Hasanuddin),South Sulawesi,Sulawesi Selatan,2.5277777777777777,14.300000000000004,54.76408550643558,2023,10,302,4,29,-0.8660254037844386,0.5000000000000001,-0.8857249183835637,0.4642104791518923,Transition,2,7,6,0.0
2023-10-30,97180,SN,Sulawesi Selatan,23.2,36.4,29.9,63.0,0.0,9.0,,1008.8,,Makassar (Sultan Hasanuddin),South Sulawesi,Sulawesi Selatan,2.5,13.2,51.217649561884365,2023,10,303,4,30,-0.8660254037844386,0.5000000000000001,-0.8776087166898392,0.4793776594606945,Transition,2,7,6,0.0
2023-10-31,97180,SN,Sulawesi Selatan,25.0,35.9,28.2,70.0,0.2,9.0,,1009.3,,Makassar (Sultan Hasanuddin),South Sulawesi,Sulawesi Selatan,2.5,10.899999999999999,53.758583692815634,2023,10,304,4,31,-0.8660254037844386,0.5000000000000001,-0.8692328164574792,0.49440298420761813,Transition,2,7,6,0.2
2023-11-01,97180,SN,Sulawesi Selatan,22.8,36.6,30.2,65.0,2.3,8.0,,1009.2,,Makassar (Sultan Hasanuddin),South Sulawesi,Sulawesi Selatan,2.2222222222222223,13.8,53.1928681912712,2023,11,305,4,1,-0.5000000000000004,0.8660254037844384,-0.8605996962501181,0.5092820071573356,Rainy Season,1,7,6,2.3
2023-11-02,97180,SN,Sulawesi Selatan,25.0,34.8,27.1,79.0,7.0,7.9,,1009.3,,Makassar (Sultan Hasanuddin),South Sulawesi,Sulawesi Selatan,2.1944444444444446,9.799999999999997,55.01038678243562,2023,11,306,4,2,-0.5000000000000004,0.8660254037844384,-0.8517119107469189,0.5240103253675756,Rainy Season,1,7,6,7.0
2023-11-03,97180,SN,Sulawesi Selatan,24.0,34.8,27.3,83.0,15.5,7.5,,1008.9,,Makassar (Sultan Hasanuddin),South Sulawesi,Sulawesi Selatan,2.0833333333333335,10.799999999999997,57.64434790567111,2023,11,307,4,3,-0.5000000000000004,0.8660254037844384,-0.8425720899866032,0.5385835804920232,Rainy Season,1,7,6,15.5
2023-11-04,97180,SN,Sulawesi Selatan,23.0,33.2,25.6,86.0,3.6,8.0,,1009.7,,Makassar (Sultan Hasanuddin),South Sulawesi,Sulawesi Selatan,2.2222222222222223,10.200000000000003,52.18326873308451,2023,11,308,4,4,-0.5000000000000004,0.8660254037844384,-0.8331829385891785,0.5529974600700271,Rainy Season,1,7,6,3.6
2023-11-05,97180,SN,Sulawesi Selatan,22.0,34.4,28.3,76.0,0.0,8.3,,1009.6,,Makassar (Sultan Hasanuddin),South Sulawesi,Sulawesi Selatan,2.305555555555556,12.399999999999999,51.51093204771552,2023,11,309,4,5,-0.5000000000000004,0.8660254037844384,-0.8235472349556007,0.5672476988027229,Rainy Season,1,7,6,0.0
2023-11-06,97180,SN,Sulawesi Selatan,23.0,34.5,29.7,66.0,0.0,8.9,,1009.7,,Makassar (Sultan Hasanuddin),South Sulawesi,Sulawesi Selatan,2.4722222222222223,11.5,46.447926172611226,2023,11,310,4,6,-0.5000000000000004,0.8660254037844384,-0.8136678304455991,0.5813300798152042,Rainy Season,1,7,6,0.0
2023-11-07,97180,SN,Sulawesi Selatan,23.0,34.8,28.3,70.0,0.0,8.4,,1009.4,,Makassar (Sultan Hasanuddin),South Sulawesi,Sulawesi Selatan,2.3333333333333335,11.799999999999997,49.60851274339558,2023,11,311,4,7,-0.5000000000000004,0.8660254037844384,-0.8035476485339116,0.5952404359043674,Rainy Season,1,7,6,0.0
2023-11-08,97180,SN,Sulawesi Selatan,23.8,35.2,28.9,70.0,0.9,7.9,,1009.0,,Makassar (Sultan Hasanuddin),South Sulawesi,Sulawesi Selatan,2.1944444444444446,11.400000000000002,51.08264027539569,2023,11,312,4,8,-0.5000000000000004,0.8660254037844384,-0.7931896839451843,0.6089746507720486,Rainy Season,1,7,6,0.9
2023-11-09,97180,SN,Sulawesi Selatan,23.9,35.0,29.3,69.0,0.2,8.6,,1009.7,,Makassar (Sultan Hasanuddin),South Sulawesi,Sulawesi Selatan,2.388888888888889,11.100000000000001,49.77033247777789,2023,11,313,4,9,-0.5000000000000004,0.8660254037844384,-0.7825970017677834,0.6225286602431057,Rainy Season,1,7,6,0.2
2023-11-10,97180,SN,Sulawesi Selatan,25.0,34.4,29.4,71.0,0.3,8.2,,1010.2,,Makassar (Sultan Hasanuddin),South Sulawesi,Sulawesi Selatan,2.2777777777777777,9.399999999999999,48.709005039537786,2023,11,314,4,10,-0.5000000000000004,0.8660254037844384,-0.7717727365467836,0.6358984534680745,Rainy Season,1,7,6,0.3
2023-11-11,97180,SN,Sulawesi Selatan,25.0,34.9,29.2,68.0,2.7,8.5,,1011.0,,Makassar (Sultan Hasanuddin),South Sulawesi,Sulawesi Selatan,2.361111111111111,9.899999999999999,48.856770236584445,2023,11,315,4,11,-0.5000000000000004,0.8660254037844384,-0.7607200913564104,0.6490800741100398,Rainy Season,1,7,6,2.7
2023-11-12,97180,SN,Sulawesi Selatan,24.0,34.8,29.4,69.0,0.7,7.9,,1010.9,,Makassar (Sultan Hasanuddin),South Sulawesi,Sulawesi Selatan,2.1944444444444446,10.799999999999997,49.05313686625778,2023,11,316,4,12,-0.5000000000000004,0.8660254037844384,-0.7494423368521954,0.6620696215153815,Rainy Season,1,7,6,0.7
2023-11-13,97180,SN,Sulawesi Selatan,24.8,35.0,28.2,73.0,0.0,7.5,,1010.6,,Makassar (Sultan Hasanuddin),South Sulawesi,Sulawesi Selatan,2.0833333333333335,10.2,52.10625465555563,2023,11,317,4,13,-0.5000000000000004,0.8660254037844384,-0.7379428103031386,0.6748632518680403,Rainy Season,1,7,6,0.0
2023-11-14,97180,SN,Sulawesi Selatan,25.0,34.2,26.9,83.0,3.1,7.3,,1010.6,,Makassar (Sultan Hasanuddin),South Sulawesi,Sulawesi Selatan,2.0277777777777777,9.200000000000003,54.88667883607118,2023,11,318,4,14,-0.5000000000000004,0.8660254037844384,-0.7262249146041543,0.6874571793269664,Rainy Season,1,7,6,3.1
2023-11-15,97180,SN,Sulawesi Selatan,24.0,34.5,28.7,76.0,4.1,6.7,,1010.4,,Makassar (Sultan Hasanuddin),South Sulawesi,Sulawesi Selatan,1.8611111111111112,10.5,51.91141218705564,2023,11,319,4,15,-0.5000000000000004,0.8660254037844384,-0.7142921172691032,0.699847677146407,Rainy Season,1,7,6,4.1
2023-11-16,97180,SN,Sulawesi Selatan,24.0,34.5,27.6,83.0,6.7,7.1,,1010.8,,Makassar (Sultan Hasanuddin),South Sulawesi,Sulawesi Selatan,1.972222222222222,10.5,56.2523203371113,2023,11,320,4,16,-0.5000000000000004,0.8660254037844384,-0.7021479494046978,0.7120310787787131,Rainy Season,1,7,6,6.7
2023-11-17,97180,SN,Sulawesi Selatan,24.0,33.4,27.3,85.0,7.6,7.3,,1010.9,,Makassar (Sultan Hasanuddin),South Sulawesi,Sulawesi Selatan,2.0277777777777777,9.399999999999999,52.50517745811557,2023,11,321,4,17,-0.5000000000000004,0.8660254037844384,-0.6897960046655887,0.7240037789593305,Rainy Season,1,7,6,7.6
2023-11-18,97180,SN,Sulawesi Selatan,24.0,31.5,26.7,87.0,22.3,5.7,,1010.0,,Makassar (Sultan Hasanuddin),South Sulawesi,Sulawesi Selatan,1.5833333333333333,7.5,45.45880317977797,2023,11,322,4,18,-0.5000000000000004,0.8660254037844384,-0.6772399381909491,0.7357622347736527,Rainy Season,1,7,6,22.3
2023-11-19,97180,SN,Sulawesi Selatan,24.0,33.2,27.0,83.0,2.1,6.3,,1009.5,,Makassar (Sultan Hasanuddin),South Sulawesi,Sulawesi Selatan,1.75,9.200000000000003,50.52510654247124,2023,11,323,4,19,-0.5000000000000004,0.8660254037844384,-0.6644834655228552,0.7473029667054296,Rainy Season,1,7,6,2.1
2023-11-20,97180,SN,Sulawesi Selatan,23.6,33.9,28.9,79.0,0.9,7.4,,1009.3,,Makassar (Sultan Hasanuddin),South Sulawesi,Sulawesi Selatan,2.055555555555556,10.299999999999997,51.21402249067554,2023,11,324,4,20,-0.5000000000000004,0.8660254037844384,-0.6515303615068021,0.75862255966641,Rainy Season,1,7,6,0.9
2023-11-21,97180,SN,Sulawesi Selatan,25.7,35.4,30.8,72.0,3.2,7.9,,1008.5,,Makassar (Sultan Hasanuddin),South Sulawesi,Sulawesi Selatan,2.1944444444444446,9.7,53.06409782396444,2023,11,325,4,21,-0.5000000000000004,0.8660254037844384,-0.6383844591746642,0.7697176640069211,Rainy Season,1,7,6,3.2
2023-11-22,97180,SN,Sulawesi Selatan,25.8,35.8,29.0,73.0,2.2,7.8,,1007.5,,Makassar (Sultan Hasanuddin),South Sulawesi,Sulawesi Selatan,2.1666666666666665,9.999999999999996,55.32156439251575,2023,11,326,4,22,-0.5000000000000004,0.8660254037844384,-0.6250496486104377,0.7805849965070866,Rainy Season,1,7,6,2.2
2023-11-23,97180,SN,Sulawesi Selatan,25.0,35.0,28.2,81.0,6.7,7.9,,1006.9,,Makassar (Sultan Hasanuddin),South Sulawesi,Sulawesi Selatan,2.1944444444444446,10.0,57.21761794444455,2023,11,327,4,23,-0.5000000000000004,0.8660254037844384,-0.6115298757991053,0.7912213413483807,Rainy Season,1,7,6,6.7
2023-11-24,97180,SN,Sulawesi Selatan,25.0,32.6,26.9,87.0,19.1,7.3,,1008.2,,Makassar (Sultan Hasanuddin),South Sulawesi,Sulawesi Selatan,2.0277777777777777,7.600000000000001,50.07619859009788,2023,11,328,4,24,-0.5000000000000004,0.8660254037844384,-0.5978291414589552,0.801623551065242,Rainy Season,1,7,6,19.1
2023-11-25,97180,SN,Sulawesi Selatan,23.0,32.1,26.3,91.0,13.9,7.3,,1008.4,,Makassar (Sultan Hasanuddin),South Sulawesi,Sulawesi Selatan,2.0277777777777777,9.100000000000001,49.89845481771561,2023,11,329,4,25,-0.5000000000000004,0.8660254037844384,-0.5839514998576998,0.8117885474764613,Rainy Season,1,7,6,13.9
2023-11-26,97180,SN,Sulawesi Selatan,23.2,32.6,26.3,92.0,9.7,6.8,,1008.6,,Makassar (Sultan Hasanuddin),South Sulawesi,Sulawesi Selatan,1.8888888888888888,9.400000000000002,52.76416203863115,2023,11,330,4,26,-0.5000000000000004,0.8660254037844384,-0.5699010576127624,0.8217133225960589,Rainy Season,1,7,6,9.7
2023-11-27,97180,SN,Sulawesi Selatan,23.0,32.8,25.7,90.0,16.0,6.6,,1008.7,,Makassar (Sultan Hasanuddin),South Sulawesi,Sulawesi Selatan,1.8333333333333333,9.799999999999997,52.59905691468443,2023,11,331,4,27,-0.5000000000000004,0.8660254037844384,-0.5556819724760489,0.8313949395234058,Rainy Season,1,7,6,16.0
2023-11-28,97180,SN,Sulawesi Selatan,23.5,32.8,26.3,89.0,14.9,6.0,,1009.1,,Makassar (Sultan Hasanuddin),South Sulawesi,Sulawesi Selatan,1.6666666666666665,9.299999999999997,52.04417312065772,2023,11,332,4,28,-0.5000000000000004,0.8660254037844384,-0.5412984521036173,0.8408305333122887,Rainy Season,1,7,6,14.9
2023-11-29,97180,SN,Sulawesi Selatan,24.0,32.8,27.3,86.0,5.1,6.8,,1008.9,,Makassar (Sultan Hasanuddin),South Sulawesi,Sulawesi Selatan,1.8888888888888888,8.799999999999997,50.42172095468452,2023,11,333,4,29,-0.5000000000000004,0.8660254037844384,-0.5267547528105542,0.8500173118187018,Rainy Season,1,7,6,5.1
2023-11-30,97180,SN,Sulawesi Selatan,24.0,32.6,26.8,87.0,14.8,6.6,,1009.2,,Makassar (Sultan Hasanuddin),South Sulawesi,Sulawesi Selatan,1.8333333333333333,8.600000000000001,50.07619859009788,2023,11,334,4,30,-0.5000000000000004,0.8660254037844384,-0.5120551783114646,0.8589525565270845,Rainy Season,1,7,6,14.8
2023-12-01,97180,SN,Sulawesi Selatan,24.0,33.0,27.5,87.0,12.0,6.0,,1008.2,,Makassar (Sultan Hasanuddin),South Sulawesi,Sulawesi Selatan,1.6666666666666665,9.0,51.84705172577783,2023,12,335,4,1,-2.4492935982947064e-16,1.0,-0.4972040784469378,0.8676336233547726,Rainy Season,1,7,6,12.0
2023-12-02,97180,SN,Sulawesi Selatan,24.0,32.6,26.3,90.0,7.7,7.7,,1008.9,,Makassar (Sultan Hasanuddin),South Sulawesi,Sulawesi Selatan,2.138888888888889,8.600000000000001,51.66846648780459,2023,12,336,4,2,-2.4492935982947064e-16,1.0,-0.4822058478963526,0.8760579434344281,Rainy Season,1,7,6,7.7
2023-12-03,97180,SN,Sulawesi Selatan,24.0,32.0,26.7,89.0,9.5,5.3,,1009.2,,Makassar (Sultan Hasanuddin),South Sulawesi,Sulawesi Selatan,1.472222222222222,8.0,48.4659340857778,2023,12,337,4,3,-2.4492935982947064e-16,1.0,-0.46706492487743034,0.8842230238742036,Rainy Season,1,7,6,9.5
2023-12-04,97180,SN,Sulawesi Selatan,23.0,31.9,26.2,90.0,6.2,7.5,,1009.6,,Makassar (Sultan Hasanuddin),South Sulawesi,Sulawesi Selatan,2.0833333333333335,8.899999999999999,48.51077215290456,2023,12,338,4,4,-2.4492935982947064e-16,1.0,-0.451785789832884,0.8921264484954345,Rainy Season,1,7,6,6.2
2023-12-05,97180,SN,Sulawesi Selatan,24.1,31.5,26.8,90.0,16.2,5.4,,1009.2,,Makassar (Sultan Hasanuddin),South Sulawesi,Sulawesi Selatan,1.5,7.399999999999999,46.775778167944445,2023,12,339,4,5,-2.4492935982947064e-16,1.0,-0.4363729641045924,0.8997658785476209,Rainy Season,1,7,6,16.2
2023-12-06,97180,SN,Sulawesi Selatan,25.0,32.2,26.2,92.0,11.9,6.2,,1009.4,,Makassar (Sultan Hasanuddin),South Sulawesi,Sulawesi Selatan,1.7222222222222223,7.200000000000003,50.87124266279136,2023,12,340,4,6,-2.4492935982947064e-16,1.0,-0.42083100859565564,0.9071390534005044,Rainy Season,1,7,6,11.9
2023-12-07,97180,SN,Sulawesi Selatan,24.0,31.1,27.0,88.0,20.1,6.8,,1009.5,,Makassar (Sultan Hasanuddin),South Sulawesi,Sulawesi Selatan,1.8888888888888888,7.100000000000001,44.27277515449574,2023,12,341,4,7,-2.4492935982947064e-16,1.0,-0.4051645224207563,0.9142437912130223,Rainy Season,1,7,6,20.1
2023-12-08,97180,SN,Sulawesi Selatan,24.0,33.0,28.4,84.0,13.8,7.9,,1009.7,,Makassar (Sultan Hasanuddin),South Sulawesi,Sulawesi Selatan,2.1944444444444446,9.0,50.21689939911124,2023,12,342,4,8,-2.4492935982947064e-16,1.0,-0.3893781415452015,0.9210779895789526,Rainy Season,1,7,6,13.8
2023-12-09,97180,SN,Sulawesi Selatan,25.0,29.4,26.5,88.0,6.9,5.7,,1009.5,,Makassar (Sultan Hasanuddin),South Sulawesi,Sulawesi Selatan,1.5833333333333333,4.399999999999999,37.94273089459566,2023,12,343,4,9,-2.4492935982947064e-16,1.0,-0.37347653741307074,0.9276396261490467,Rainy Season,1,7,6,6.9
2023-12-10,97180,SN,Sulawesi Selatan,24.0,32.2,26.6,89.0,25.7,7.6,,1008.7,,Makassar (Sultan Hasanuddin),South Sulawesi,Sulawesi Selatan,2.111111111111111,8.200000000000003,49.34175428065807,2023,12,344,4,10,-2.4492935982947064e-16,1.0,-0.3574644155648614,0.9339267592294762,Rainy Season,1,7,6,25.7
2023-12-11,97180,SN,Sulawesi Selatan,24.3,32.0,27.8,86.0,2.2,8.0,,1008.3,,Makassar (Sultan Hasanuddin),South Sulawesi,Sulawesi Selatan,2.2222222222222223,7.699999999999999,47.04397744844471,2023,12,345,4,11,-2.4492935982947064e-16,1.0,-0.34134651424503615,0.9399375283564133,Rainy Season,1,7,6,2.2
2023-12-12,97180,SN,Sulawesi Selatan,25.0,30.0,26.6,93.0,10.0,7.9,,1008.4,,Makassar (Sultan Hasanuddin),South Sulawesi,Sulawesi Selatan,2.1944444444444446,5.0,41.717199411111075,2023,12,346,4,12,-2.4492935982947064e-16,1.0,-0.3251276029999093,0.9456701548465688,Rainy Season,1,7,6,10.0
2023-12-13,97180,SN,Sulawesi Selatan,24.2,31.5,27.5,88.0,22.4,9.0,,1009.2,,Makassar (Sultan Hasanuddin),South Sulawesi,Sulawesi Selatan,2.5,7.300000000000001,45.892048997055795,2023,12,347,4,13,-2.4492935982947064e-16,1.0,-0.30881248126625377,0.9511229423235357,Rainy Season,1,7,6,22.4
2023-12-14,97180,SN,Sulawesi Selatan,25.0,32.5,28.3,84.0,13.7,7.7,,1009.8,,Makassar (Sultan Hasanuddin),South Sulawesi,Sulawesi Selatan,2.138888888888889,7.5,48.135011798611224,2023,12,348,4,14,-2.4492935982947064e-16,1.0,-0.29240597695107734,0.9562942772197719,Rainy Season,1,7,6,13.7
2023-12-15,97180,SN,Sulawesi Selatan,25.0,32.6,28.1,82.0,7.2,7.5,,1009.6,,Makassar (Sultan Hasanuddin),South Sulawesi,Sulawesi Selatan,2.0833333333333335,7.600000000000001,47.559153236675634,2023,12,349,4,15,-2.4492935982947064e-16,1.0,-0.27591294500296043,0.9611826292540837,Rainy Season,1,7,6,7.2
2023-12-16,97180,SN,Sulawesi Selatan,25.0,32.2,28.4,83.0,2.6,7.1,,1009.3,,Makassar (Sultan Hasanuddin),South Sulawesi,Sulawesi Selatan,1.972222222222222,7.200000000000003,46.456712776871406,2023,12,350,4,16,-2.4492935982947064e-16,1.0,-0.2593382659754056,0.9657865518844574,Rainy Season,1,7,6,2.6
2023-12-17,97180,SN,Sulawesi Selatan,25.0,32.0,26.9,88.0,22.6,7.1,,1009.9,,Makassar (Sultan Hasanuddin),South Sulawesi,Sulawesi Selatan,1.972222222222222,7.0,47.98570469155576,2023,12,351,4,17,-2.4492935982947064e-16,1.0,-0.2426868445825954,0.9701046827361175,Rainy Season,1,7,6,22.6
2023-12-18,97180,SN,Sulawesi Selatan,25.0,32.8,27.4,83.0,3.7,6.8,,1009.8,,Makassar (Sultan Hasanuddin),South Sulawesi,Sulawesi Selatan,1.8888888888888888,7.799999999999997,48.86256761287125,2023,12,352,4,18,-2.4492935982947064e-16,1.0,-0.22596360824801906,0.974135744004672,Rainy Season,1,7,6,3.7
2023-12-19,97180,SN,Sulawesi Selatan,24.0,31.6,26.9,83.0,4.1,7.1,,1009.6,,Makassar (Sultan Hasanuddin),South Sulawesi,Sulawesi Selatan,1.972222222222222,7.600000000000001,44.156402210951136,2023,12,353,4,19,-2.4492935982947064e-16,1.0,-0.20917350564635637,0.9778785428342386,Rainy Season,1,7,6,4.1
2023-12-20,97180,SN,Sulawesi Selatan,23.0,33.0,27.7,78.0,1.0,7.3,,1009.6,,Makassar (Sultan Hasanuddin),South Sulawesi,Sulawesi Selatan,2.0277777777777777,10.0,47.1517806737779,2023,12,354,4,20,-2.4492935982947064e-16,1.0,-0.19232150523909483,0.9813319716704275,Rainy Season,1,7,6,1.0
2023-12-21,97180,SN,Sulawesi Selatan,23.0,33.6,28.2,72.0,0.0,6.7,,1009.7,,Makassar (Sultan Hasanuddin),South Sulawesi,Sulawesi Selatan,1.8611111111111112,10.600000000000001,46.38756992156445,2023,12,355,4,21,-2.4492935982947064e-16,1.0,-0.17541259380427843,0.9844950085880858,Rainy Season,1,7,6,0.0
2023-12-22,97180,SN,Sulawesi Selatan,24.0,33.2,28.3,79.0,0.9,6.8,,1010.5,,Makassar (Sultan Hasanuddin),South Sulawesi,Sulawesi Selatan,1.8888888888888888,9.200000000000003,48.41816579683557,2023,12,356,4,22,-2.4492935982947064e-16,1.0,-0.15845177496083632,0.9873667175937016,Rainy Season,1,7,6,0.9
2023-12-23,97180,SN,Sulawesi Selatan,25.0,32.6,27.3,88.0,8.6,5.8,,1011.2,,Makassar (Sultan Hasanuddin),South Sulawesi,Sulawesi Selatan,1.611111111111111,7.600000000000001,50.60011783219564,2023,12,357,4,23,-2.4492935982947064e-16,1.0,-0.14144406768794202,0.9899462489023779,Rainy Season,1,7,6,8.6
2023-12-24,97180,SN,Sulawesi Selatan,25.0,31.6,27.1,84.0,0.0,5.5,,1011.5,,Makassar (Sultan Hasanuddin),South Sulawesi,Sulawesi Selatan,1.5277777777777777,6.600000000000001,44.57434964823116,2023,12,358,4,24,-2.4492935982947064e-16,1.0,-0.12439450483979998,0.9922328391893008,Rainy Season,1,7,6,0.0
2023-12-25,97180,SN,Sulawesi Selatan,24.0,33.0,28.1,80.0,18.4,8.3,,1010.9,,Makassar (Sultan Hasanuddin),South Sulawesi,Sulawesi Selatan,2.305555555555556,9.0,48.14457048177787,2023,12,359,4,25,-2.4492935982947064e-16,1.0,-0.10730813165636247,0.9942258118156161,Rainy Season,1,7,6,18.4
2023-12-26,97180,SN,Sulawesi Selatan,25.0,31.7,27.8,84.0,2.7,8.5,,1011.9,,Makassar (Sultan Hasanuddin),South Sulawesi,Sulawesi Selatan,2.361111111111111,6.699999999999999,44.958122551891115,2023,12,360,4,26,-2.4492935982947064e-16,1.0,-0.09019000427034513,0.9959245770286599,Rainy Season,1,7,6,2.7
2023-12-27,97180,SN,Sulawesi Selatan,25.0,33.0,28.2,82.0,0.0,8.1,,1012.5,,Makassar (Sultan Hasanuddin),South Sulawesi,Sulawesi Selatan,2.25,8.0,49.166276723555654,2023,12,361,4,27,-2.4492935982947064e-16,1.0,-0.07304518821104743,0.9973286321364752,Rainy Season,1,7,6,0.0
2023-12-28,97180,SN,Sulawesi Selatan,25.0,33.3,27.3,83.0,2.2,6.4,,1011.6,,Makassar (Sultan Hasanuddin),South Sulawesi,Sulawesi Selatan,1.777777777777778,8.299999999999997,50.948070738071074,2023,12,362,4,28,-2.4492935982947064e-16,1.0,-0.05587875690537313,0.9984375616565666,Rainy Season,1,7,6,2.2
2023-12-29,97180,SN,Sulawesi Selatan,24.2,33.8,28.2,82.0,6.1,7.1,,1009.7,,Makassar (Sultan Hasanuddin),South Sulawesi,Sulawesi Selatan,1.972222222222222,9.599999999999998,52.51969351683567,2023,12,363,4,29,-2.4492935982947064e-16,1.0,-0.03869579017652689,0.9992510374388481,Rainy Season,1,7,6,6.1
2023-12-30,97180,SN,Sulawesi Selatan,25.0,32.6,27.3,91.0,3.6,5.9,,1009.2,,Makassar (Sultan Hasanuddin),South Sulawesi,Sulawesi Selatan,1.6388888888888888,7.600000000000001,52.21289590131552,2023,12,364,4,30,-2.4492935982947064e-16,1.0,-0.021501372740813793,0.999768818762748,Rainy Season,1,7,6,3.6
2023-12-31,97180,SN,Sulawesi Selatan,24.6,32.0,27.9,88.0,6.1,5.7,,1009.3,,Makassar (Sultan Hasanuddin),South Sulawesi,Sulawesi Selatan,1.5833333333333333,7.399999999999999,47.98570469155576,2023,12,365,4,31,-2.4492935982947064e-16,1.0,-0.004300592702981974,0.9999907524084426,Rainy Season,1,7,6,6.1
2023-01-01,96839,JT,Jawa Tengah,23.9,30.0,26.5,84.0,18.9,13.9,,1010.4,,Semarang (Ahmad Yani),Central Java,Jawa Tengah,3.861111111111111,6.100000000000001,38.837094811111115,2023,1,1,1,1,0.49999999999999994,0.8660254037844387,0.017201575418260506,0.9998520419557735,Rainy Season,1,5,2,18.9
2023-01-02,96839,JT,Jawa Tengah,23.0,31.0,27.1,82.0,3.7,15.7,,1010.1,,Semarang (Ahmad Yani),Central Java,Jawa Tengah,4.361111111111111,8.0,41.594558687555924,2023,1,2,1,2,0.49999999999999994,0.8660254037844387,0.03439806061360801,0.9994082116062598,Rainy Season,1,5,2,3.7
2023-01-03,96839,JT,Jawa Tengah,23.0,31.0,26.9,85.0,8.8,10.7,,1009.9,,Semarang (Ahmad Yani),Central Java,Jawa Tengah,2.972222222222222,8.0,42.711523151555696,2023,1,3,1,3,0.49999999999999994,0.8660254037844387,0.051584366869408364,0.9986686402879997,Rainy Season,1,5,2,8.8
2023-01-04,96839,JT,Jawa Tengah,25.0,32.0,27.8,79.0,6.0,13.1,,1009.7,,Semarang (Ahmad Yani),Central Java,Jawa Tengah,3.638888888888889,7.0,43.94461332355576,2023,1,4,1,4,0.49999999999999994,0.8660254037844387,0.06875540848113941,0.9976335468520451,Rainy Season,1,5,2,6.0
2023-01-05,96839,JT,Jawa Tengah,24.0,32.0,27.1,84.0,1.7,11.0,,1010.3,,Semarang (Ahmad Yani),Central Java,Jawa Tengah,3.0555555555555554,8.0,46.12722559911136,2023,1,5,1,5,0.49999999999999994,0.8660254037844387,0.08590610426133272,0.9963032375991965,Rainy Season,1,5,2,1.7
2023-01-06,96839,JT,Jawa Tengah,24.0,30.6,26.2,91.0,11.6,6.8,,1010.1,,Semarang (Ahmad Yani),Central Java,Jawa Tengah,1.8888888888888888,6.600000000000001,43.43302249491565,2023,1,6,1,6,0.49999999999999994,0.8660254037844387,0.10303137904317879,0.9946781061893646,Rainy Season,1,5,2,11.6
2023-01-07,96839,JT,Jawa Tengah,24.0,30.6,27.1,86.0,14.5,6.3,,1009.0,,Semarang (Ahmad Yani),Central Java,Jawa Tengah,1.75,6.600000000000001,41.599264141404454,2023,1,7,1,7,0.49999999999999994,0.8660254037844387,0.1201261651823505,0.9927586335250793,Rainy Season,1,5,2,14.5
2023-01-08,96839,JT,Jawa Tengah,24.4,30.2,27.3,85.0,4.8,7.9,,1010.1,,Semarang (Ahmad Yani),Central Java,Jawa Tengah,2.1944444444444446,5.800000000000001,39.83048320659559,2023,1,8,1,8,0.49999999999999994,0.8660254037844387,0.13718540405660057,0.9905453876091833,Rainy Season,1,5,2,4.8
2023-01-09,96839,JT,Jawa Tengah,25.0,31.0,27.7,83.0,14.4,7.0,,1011.4,,Semarang (Ahmad Yani),Central Java,Jawa Tengah,1.9444444444444444,6.0,41.961635915111245,2023,1,9,1,9,0.49999999999999994,0.8660254037844387,0.1542040475626894,0.988039023376751,Rainy Season,1,5,2,14.4
2023-01-10,96839,JT,Jawa Tengah,25.0,31.0,27.9,84.0,5.3,6.1,,1011.2,,Semarang (Ahmad Yani),Central Java,Jawa Tengah,1.6944444444444442,6.0,42.33395740311135,2023,1,10,1,10,0.49999999999999994,0.8660254037844387,0.17117705961019986,0.985240282501282,Rainy Season,1,5,2,5.3
2023-01-11,96839,JT,Jawa Tengah,25.0,31.4,28.6,80.0,3.1,6.9,,1010.2,,Semarang (Ahmad Yani),Central Java,Jawa Tengah,1.9166666666666667,6.399999999999999,42.239132081137804,2023,1,11,1,11,0.49999999999999994,0.8660254037844387,0.18809941761179758,0.9821499931752291,Rainy Season,1,5,2,3.1
2023-01-12,96839,JT,Jawa Tengah,25.0,31.1,28.6,77.0,2.7,8.1,,1010.2,,Semarang (Ahmad Yani),Central Java,Jawa Tengah,2.25,6.100000000000001,40.15327216276468,2023,1,12,1,12,0.49999999999999994,0.8660254037844387,0.20496611396949532,0.9787690698649216,Rainy Season,1,5,2,2.7
2023-01-13,96839,JT,Jawa Tengah,25.0,31.0,27.7,83.0,2.0,8.1,,1010.0,,Semarang (Ahmad Yani),Central Java,Jawa Tengah,2.25,6.0,41.961635915111245,2023,1,13,1,13,0.49999999999999994,0.8660254037844387,0.22177215755648186,0.975098513039961,Rainy Season,1,5,2,2.0
2023-01-14,96839,JT,Jawa Tengah,24.0,32.0,28.2,77.0,1.4,9.1,,1009.0,,Semarang (Ahmad Yani),Central Java,Jawa Tengah,2.5277777777777777,8.0,43.11527535244464,2023,1,14,1,14,0.49999999999999994,0.8660254037844387,0.23851257519407648,0.9711394088771653,Rainy Season,1,5,2,1.4
2023-01-15,96839,JT,Jawa Tengah,25.0,31.4,28.2,82.0,6.5,9.7,,1008.0,,Semarang (Ahmad Yani),Central Java,Jawa Tengah,2.694444444444444,6.399999999999999,43.01612241507569,2023,1,15,1,15,0.49999999999999994,0.8660254037844387,0.2551824131233728,0.9668929289391521,Rainy Season,1,5,2,6.5
2023-01-16,96839,JT,Jawa Tengah,24.0,32.0,28.3,82.0,9.5,12.7,,1008.7,,Semarang (Ahmad Yani),Central Java,Jawa Tengah,3.5277777777777777,8.0,45.23544914355571,2023,1,16,1,16,0.49999999999999994,0.8660254037844387,0.2717767384711357,0.9623603298276545,Rainy Season,1,5,2,9.5
2023-01-17,96839,JT,Jawa Tengah,23.3,29.0,25.7,90.0,8.2,7.3,,1010.2,,Semarang (Ahmad Yani),Central Java,Jawa Tengah,2.0277777777777777,5.699999999999999,37.07563426044432,2023,1,17,1,17,0.49999999999999994,0.8660254037844387,0.2882906407095177,0.9575429528116719,Rainy Season,1,5,2,8.2
2023-01-18,96839,JT,Jawa Tengah,24.0,29.0,25.8,91.0,13.1,5.7,,1010.5,,Semarang (Ahmad Yani),Central Java,Jawa Tengah,1.5833333333333333,5.0,37.32667435155556,2023,1,18,1,18,0.49999999999999994,0.8660254037844387,0.3047192331091634,0.9524422234305676,Rainy Season,1,5,2,13.1
2023-01-19,96839,JT,Jawa Tengah,24.0,31.0,26.9,86.0,4.7,8.4,,1010.0,,Semarang (Ahmad Yani),Central Java,Jawa Tengah,2.3333333333333335,7.0,43.094333160444656,2023,1,19,1,19,0.49999999999999994,0.8660254037844387,0.321057654185271,0.9470596510722283,Rainy Season,1,5,2,4.7
2023-01-20,96839,JT,Jawa Tengah,25.0,30.0,27.2,85.0,8.6,6.5,,1009.6,,Semarang (Ahmad Yani),Central Java,Jawa Tengah,1.8055555555555556,5.0,39.1401850555554,2023,1,20,1,20,0.49999999999999994,0.8660254037844387,0.3373010691361842,0.9413968285264122,Rainy Season,1,5,2,8.6
2023-01-21,96839,JT,Jawa Tengah,24.2,30.0,27.6,84.0,9.0,6.9,,1008.6,,Semarang (Ahmad Yani),Central Java,Jawa Tengah,1.9166666666666667,5.800000000000001,38.837094811111115,2023,1,21,1,21,0.49999999999999994,0.8660254037844387,0.3534446712740877,0.9354554315134164,Rainy Season,1,5,2,9.0
2023-01-22,96839,JT,Jawa Tengah,23.0,30.2,27.0,86.0,9.6,7.1,,1007.5,,Semarang (Ahmad Yani),Central Java,Jawa Tengah,1.972222222222222,7.199999999999999,40.15264580588456,2023,1,22,1,22,0.49999999999999994,0.8660254037844387,0.3694836834473831,0.9292372181882051,Rainy Season,1,5,2,9.6
2023-01-23,96839,JT,Jawa Tengah,24.7,31.0,27.0,88.0,6.7,7.2,,1006.8,,Semarang (Ahmad Yani),Central Java,Jawa Tengah,2.0,6.300000000000001,43.87568595955574,2023,1,23,1,23,0.49999999999999994,0.8660254037844387,0.38541335945432564,0.9227440286201427,Rainy Season,1,5,2,6.7
2023-01-24,96839,JT,Jawa Tengah,24.8,31.0,27.9,85.0,10.0,10.9,,1007.1,,Semarang (Ahmad Yani),Central Java,Jawa Tengah,3.0277777777777777,6.199999999999999,42.711523151555696,2023,1,24,1,24,0.49999999999999994,0.8660254037844387,0.4012289854475009,0.9159777842484877,Rainy Season,1,5,2,10.0
2023-01-25,96839,JT,Jawa Tengah,25.0,30.0,26.7,90.0,17.7,8.8,,1007.4,,Semarang (Ahmad Yani),Central Java,Jawa Tengah,2.4444444444444446,5.0,40.71909144444434,2023,1,25,1,25,0.49999999999999994,0.8660254037844387,0.4169258813287287,0.908940487313808,Rainy Season,1,5,2,17.7
2023-01-26,96839,JT,Jawa Tengah,24.3,31.0,27.1,85.0,13.0,9.3,,1007.9,,Semarang (Ahmad Yani),Central Java,Jawa Tengah,2.5833333333333335,6.699999999999999,42.711523151555696,2023,1,26,1,26,0.49999999999999994,0.8660254037844387,0.4324994021339788,0.901634220265486,Rainy Season,1,5,2,13.0
2023-01-27,96839,JT,Jawa Tengah,24.9,30.3,26.1,90.0,0.3,9.5,,1007.6,,Semarang (Ahmad Yani),Central Java,Jawa Tengah,2.638888888888889,5.400000000000002,41.87364469818454,2023,1,27,1,27,0.49999999999999994,0.8660254037844387,0.44794493940789115,0.8940611451454876,Rainy Season,1,5,2,0.3
2023-01-28,96839,JT,Jawa Tengah,24.8,27.0,25.6,91.0,20.1,8.6,,1007.1,,Semarang (Ahmad Yani),Central Java,Jawa Tengah,2.388888888888889,2.1999999999999993,30.84067739955555,2023,1,28,1,28,0.49999999999999994,0.8660254037844387,0.4632579225674917,0.88622350294858,Rainy Season,1,5,2,20.1
2023-01-29,96839,JT,Jawa Tengah,24.0,30.0,26.8,83.0,8.3,11.5,,1007.5,,Semarang (Ahmad Yani),Central Java,Jawa Tengah,3.194444444444444,6.0,38.538234911111054,2023,1,29,1,29,0.49999999999999994,0.8660254037844387,0.4784338202547012,0.8781236129591848,Rainy Season,1,5,2,8.3
2023-01-30,96839,JT,Jawa Tengah,25.0,31.2,27.9,78.0,0.2,9.5,,1008.6,,Semarang (Ahmad Yani),Central Java,Jawa Tengah,2.638888888888889,6.199999999999999,40.826172129937866,2023,1,30,1,30,0.49999999999999994,0.8660254037844387,0.49346814167723735,0.8697638720650646,Rainy Season,1,5,2,0.2
2023-01-31,96839,JT,Jawa Tengah,25.0,31.0,27.5,83.0,10.9,7.5,,1007.8,,Semarang (Ahmad Yani),Central Java,Jawa Tengah,2.0833333333333335,6.0,41.961635915111245,2023,1,31,1,31,0.49999999999999994,0.8660254037844387,0.5083564379375122,0.8611467540480452,Rainy Season,1,5,2,10.9
2023-02-01,96839,JT,Jawa Tengah,24.0,30.0,26.6,86.0,4.1,11.0,,1008.0,,Semarang (Ahmad Yani),Central Java,Jawa Tengah,3.0555555555555554,6.0,39.447505644444455,2023,2,32,1,1,0.8660254037844386,0.5000000000000001,0.5230943033491326,0.8522748088519838,Rainy Season,1,5,2,4.1
2023-02-02,96839,JT,Jawa Tengah,24.0,29.5,26.7,87.0,3.5,12.0,,1008.5,,Semarang (Ahmad Yani),Central Java,Jawa Tengah,3.333333333333333,5.5,38.012141475777774,2023,2,33,1,2,0.8660254037844386,0.5000000000000001,0.5376773767406141,0.8431506618282,Rainy Season,1,5,2,3.5
2023-02-03,96839,JT,Jawa Tengah,24.0,29.0,26.7,81.0,4.0,11.0,,1008.1,,Semarang (Ahmad Yani),Central Java,Jawa Tengah,3.0555555555555554,5.0,34.96036796044448,2023,2,34,1,3,0.8660254037844386,0.5000000000000001,0.5521013427459208,0.8337770129585915,Rainy Season,1,5,2,4.0
2023-02-04,96839,JT,Jawa Tengah,24.7,32.0,27.4,83.0,3.1,10.4,,1007.4,,Semarang (Ahmad Yani),Central Java,Jawa Tengah,2.888888888888889,7.300000000000001,45.67821544711137,2023,2,35,1,4,0.8660254037844386,0.5000000000000001,0.5663619330814524,0.8241566360566663,Rainy Season,1,5,2,3.1
2023-02-05,96839,JT,Jawa Tengah,23.6,30.0,27.4,82.0,4.2,9.8,,1007.5,,Semarang (Ahmad Yani),Central Java,Jawa Tengah,2.7222222222222223,6.399999999999999,38.24360535555557,2023,2,36,1,5,0.8660254037844386,0.5000000000000001,0.580454927809098,0.8142923779467267,Rainy Season,1,5,2,4.2
2023-02-06,96839,JT,Jawa Tengah,24.1,30.1,27.4,81.0,0.0,8.0,,1007.8,,Semarang (Ahmad Yani),Central Java,Jawa Tengah,2.2222222222222223,6.0,38.26825743940456,2023,2,37,1,6,0.8660254037844386,0.5000000000000001,0.5943761565849831,0.804187157621448,Rainy Season,1,5,2,0.0
2023-02-07,96839,JT,Jawa Tengah,24.4,31.0,27.5,82.0,7.6,12.6,,1008.3,,Semarang (Ahmad Yani),Central Java,Jawa Tengah,3.5,6.600000000000001,41.594558687555924,2023,2,38,1,7,0.8660254037844386,0.5000000000000001,0.6081214998935418,0.7938439653781019,Rainy Season,1,5,2,7.6
2023-02-08,96839,JT,Jawa Tengah,24.4,30.4,26.8,86.0,3.0,12.1,,1008.7,,Semarang (Ahmad Yani),Central Java,Jawa Tengah,3.3611111111111107,6.0,40.869898638204496,2023,2,39,1,8,0.8660254037844386,0.5000000000000001,0.6216868902665479,0.7832658619336791,Rainy Season,1,5,2,3.0
2023-02-09,96839,JT,Jawa Tengah,25.0,30.2,27.2,84.0,6.4,9.6,,1008.3,,Semarang (Ahmad Yani),Central Java,Jawa Tengah,2.6666666666666665,5.199999999999999,39.512754881191334,2023,2,40,1,9,0.8660254037844386,0.5000000000000001,0.6350683134867438,0.7724559775191742,Rainy Season,1,5,2,6.4
2023-02-10,96839,JT,Jawa Tengah,24.0,32.0,27.5,80.0,3.9,11.8,,1007.9,,Semarang (Ahmad Yani),Central Java,Jawa Tengah,3.2777777777777777,8.0,44.36864808177802,2023,2,41,1,10,0.8660254037844386,0.5000000000000001,0.6482618097757122,0.7614175109532997,Rainy Season,1,5,2,3.9
2023-02-11,96839,JT,Jawa Tengah,24.0,30.0,26.1,89.0,8.8,9.0,,1008.8,,Semarang (Ahmad Yani),Central Java,Jawa Tengah,2.5,6.0,40.394849477777676,2023,2,42,1,11,0.8660254037844386,0.5000000000000001,0.6612634749656386,0.7501537286959042,Rainy Season,1,5,2,8.8
2023-02-12,96839,JT,Jawa Tengah,25.0,30.2,27.4,79.0,7.6,10.8,,1010.1,,Semarang (Ahmad Yani),Central Java,Jawa Tengah,3.0,5.199999999999999,37.9906273624357,2023,2,43,1,12,0.8660254037844386,0.5000000000000001,0.6740694616546161,0.7386679638813748,Rainy Season,1,5,2,7.6
2023-02-13,96839,JT,Jawa Tengah,24.0,30.0,26.4,84.0,19.5,6.2,,1009.8,,Semarang (Ahmad Yani),Central Java,Jawa Tengah,1.7222222222222223,6.0,38.837094811111115,2023,2,44,1,13,0.8660254037844386,0.5000000000000001,0.6866759803451553,0.726963615332308,Rainy Season,1,5,2,19.5
2023-02-14,96839,JT,Jawa Tengah,24.0,30.2,26.9,84.0,11.2,8.8,,1008.2,,Semarang (Ahmad Yani),Central Java,Jawa Tengah,2.4444444444444446,6.199999999999999,39.512754881191334,2023,2,45,1,14,0.8660254037844386,0.5000000000000001,0.6990793005655562,0.7150441465537444,Rainy Season,1,5,2,11.2
2023-02-15,96839,JT,Jawa Tengah,23.6,31.2,26.9,86.0,22.7,8.3,,1008.3,,Semarang (Ahmad Yani),Central Java,Jawa Tengah,2.305555555555556,7.599999999999998,43.86003667628452,2023,2,46,1,15,0.8660254037844386,0.5000000000000001,0.7112757519738152,0.7029130847082615,Rainy Season,1,5,2,22.7
2023-02-16,96839,JT,Jawa Tengah,24.6,32.0,26.8,85.0,14.2,9.6,,1009.4,,Semarang (Ahmad Yani),Central Java,Jawa Tengah,2.6666666666666665,7.399999999999999,46.58247959955565,2023,2,47,1,16,0.8660254037844386,0.5000000000000001,0.7232617254437388,0.6905740195722293,Rainy Season,1,5,2,14.2
2023-02-17,96839,JT,Jawa Tengah,24.9,31.0,27.1,84.0,5.3,11.7,,1009.4,,Semarang (Ahmad Yani),Central Java,Jawa Tengah,3.2499999999999996,6.100000000000001,42.33395740311135,2023,2,48,1,17,0.8660254037844386,0.5000000000000001,0.7350336741329413,0.6780306024735382,Rainy Season,1,5,2,5.3
2023-02-18,96839,JT,Jawa Tengah,24.9,30.8,26.2,88.0,18.8,8.0,,1009.3,,Semarang (Ahmad Yani),Central Java,Jawa Tengah,2.2222222222222223,5.900000000000002,43.09078268851556,2023,2,49,1,18,0.8660254037844386,0.5000000000000001,0.746588114532413,0.6652865452111116,Rainy Season,1,5,2,18.8
2023-02-19,96839,JT,Jawa Tengah,23.0,31.3,26.5,87.0,6.8,10.1,,1009.5,,Semarang (Ahmad Yani),Central Java,Jawa Tengah,2.8055555555555554,8.3,44.65905685385787,2023,2,50,1,19,0.8660254037844386,0.5000000000000001,0.7579216274973472,0.6523456189565257,Rainy Season,1,5,2,6.8
2023-02-20,96839,JT,Jawa Tengah,24.8,31.0,26.6,89.0,21.8,8.1,,1009.2,,Semarang (Ahmad Yani),Central Java,Jawa Tengah,2.25,6.199999999999999,44.274228749777926,2023,2,51,1,20,0.8660254037844386,0.5000000000000001,0.7690308592589181,0.6392116531380588,Rainy Season,1,5,2,21.8
2023-02-21,96839,JT,Jawa Tengah,25.0,31.0,27.6,83.0,9.3,10.7,,1009.8,,Semarang (Ahmad Yani),Central Java,Jawa Tengah,2.972222222222222,6.0,41.961635915111245,2023,2,52,1,21,0.8660254037844386,0.5000000000000001,0.7799125224167177,0.6258885343075018,Rainy Season,1,5,2,9.3
2023-02-22,96839,JT,Jawa Tengah,25.0,30.0,26.8,85.0,8.9,13.3,,1009.6,,Semarang (Ahmad Yani),Central Java,Jawa Tengah,3.6944444444444446,5.0,39.1401850555554,2023,2,53,1,22,0.8660254037844386,0.5000000000000001,0.7905633969115482,0.612380204990065,Rainy Season,1,5,2,8.9
2023-02-23,96839,JT,Jawa Tengah,23.7,31.0,26.6,88.0,11.2,13.7,,1008.7,,Semarang (Ahmad Yani),Central Java,Jawa Tengah,3.8055555555555554,7.300000000000001,43.87568595955574,2023,2,54,1,23,0.8660254037844386,0.5000000000000001,0.8009803309782905,0.5986906625177214,Rainy Season,1,5,2,11.2
2023-02-24,96839,JT,Jawa Tengah,24.8,31.0,27.0,82.0,13.1,13.6,,1009.3,,Semarang (Ahmad Yani),Central Java,Jawa Tengah,3.7777777777777777,6.199999999999999,41.594558687555924,2023,2,55,1,24,0.8660254037844386,0.5000000000000001,0.8111602420785621,0.5848239578463322,Rainy Season,1,5,2,13.1
2023-02-25,96839,JT,Jawa Tengah,24.4,29.6,26.9,82.0,0.9,15.1,,1010.5,,Semarang (Ahmad Yani),Central Java,Jawa Tengah,4.194444444444445,5.200000000000003,36.98440641747563,2023,2,56,1,25,0.8660254037844386,0.5000000000000001,0.8211001178128892,0.5707841943569036,Rainy Season,1,5,2,0.9
2023-02-26,96839,JT,Jawa Tengah,25.0,32.0,26.6,85.0,5.5,15.8,,1010.7,,Semarang (Ahmad Yani),Central Java,Jawa Tengah,4.388888888888889,7.0,46.58247959955565,2023,2,57,1,26,0.8660254037844386,0.5000000000000001,0.8307970168121247,0.5565755266413303,Rainy Season,1,5,2,5.5
2023-02-27,96839,JT,Jawa Tengah,24.0,29.0,25.4,89.0,15.4,11.5,,1011.0,,Semarang (Ahmad Yani),Central Java,Jawa Tengah,3.194444444444444,5.0,36.82779626977779,2023,2,58,1,27,0.8660254037844386,0.5000000000000001,0.8402480696078469,0.5422021592729844,Rainy Season,1,5,2,15.4
2023-02-28,96839,JT,Jawa Tengah,23.8,30.0,26.0,88.0,6.3,12.9,,1011.1,,Semarang (Ahmad Yani),Central Java,Jawa Tengah,3.5833333333333335,6.199999999999999,40.07483785555552,2023,2,59,1,28,0.8660254037844386,0.5000000000000001,0.8494504794814806,0.527668345562516,Rainy Season,1,5,2,6.3
2023-03-01,96839,JT,Jawa Tengah,23.0,31.0,26.2,86.0,35.0,10.2,,1011.0,,Semarang (Ahmad Yani),Central Java,Jawa Tengah,2.833333333333333,8.0,43.094333160444656,2023,3,60,1,1,1.0,6.123233995736766e-17,0.8584015232918917,0.512978386299228,Rainy Season,1,5,2,35.0
2023-03-02,96839,JT,Jawa Tengah,24.0,27.0,25.0,94.0,34.2,9.2,,1011.8,,Semarang (Ahmad Yani),Central Java,Jawa Tengah,2.5555555555555554,3.0,31.163961143555493,2023,3,61,1,2,1.0,6.123233995736766e-17,0.8670985522812081,0.4981366284784055,Rainy Season,1,5,2,34.2
2023-03-03,96839,JT,Jawa Tengah,22.9,30.0,26.6,84.0,8.5,8.9,,1012.5,,Semarang (Ahmad Yani),Central Java,Jawa Tengah,2.4722222222222223,7.100000000000001,38.837094811111115,2023,3,62,1,3,1.0,6.123233995736766e-17,0.8755389928586302,0.4831474640149687,Rainy Season,1,5,2,8.5
2023-03-04,96839,JT,Jawa Tengah,23.6,30.4,27.0,84.0,5.9,9.5,,1013.0,,Semarang (Ahmad Yani),Central Java,Jawa Tengah,2.638888888888889,6.799999999999997,40.20027117543113,2023,3,63,1,4,1.0,6.123233995736766e-17,0.8837203473619977,0.4680153284438345,Rainy Season,1,5,2,5.9
2023-03-05,96839,JT,Jawa Tengah,24.8,32.0,27.7,82.0,3.6,12.5,,1012.4,,Semarang (Ahmad Yani),Central Java,Jawa Tengah,3.4722222222222223,7.199999999999999,45.23544914355571,2023,3,64,1,5,1.0,6.123233995736766e-17,0.8916401947968874,0.45274469960737107,Rainy Season,1,5,2,3.6
2023-03-06,96839,JT,Jawa Tengah,25.0,31.0,27.9,82.0,4.3,9.3,,1011.7,,Semarang (Ahmad Yani),Central Java,Jawa Tengah,2.5833333333333335,6.0,41.594558687555924,2023,3,65,1,6,1.0,6.123233995736766e-17,0.8992961915530253,0.4373400963303323,Rainy Season,1,5,2,4.3
2023-03-07,96839,JT,Jawa Tengah,23.5,30.3,27.7,81.0,2.8,9.9,,1011.4,,Semarang (Ahmad Yani),Central Java,Jawa Tengah,2.75,6.800000000000001,38.90696047108438,2023,3,66,1,7,1.0,6.123233995736766e-17,0.9066860720977985,0.4218060770826634,Rainy Season,1,5,2,2.8
2023-03-08,96839,JT,Jawa Tengah,25.7,31.0,27.9,82.0,4.8,9.5,,1012.2,,Semarang (Ahmad Yani),Central Java,Jawa Tengah,2.638888888888889,5.300000000000001,41.594558687555924,2023,3,67,1,8,1.0,6.123233995736766e-17,0.9138076496466615,0.4061472386305789,Rainy Season,1,5,2,4.8
2023-03-09,96839,JT,Jawa Tengah,24.5,31.0,28.0,80.0,6.5,8.8,,1011.2,,Semarang (Ahmad Yani),Central Java,Jawa Tengah,2.4444444444444446,6.5,40.87613701377783,2023,3,68,1,9,1.0,6.123233995736766e-17,0.9206588168102428,0.3903682146763026,Rainy Season,1,5,2,6.5
2023-03-10,96839,JT,Jawa Tengah,25.0,31.4,28.2,79.0,10.4,8.4,,1010.4,,Semarang (Ahmad Yani),Central Java,Jawa Tengah,2.3333333333333335,6.399999999999999,41.85910563667566,2023,3,69,1,10,1.0,6.123233995736766e-17,0.9272375462179537,0.374473674486883,Rainy Season,1,5,2,10.4
2023-03-11,96839,JT,Jawa Tengah,26.0,32.0,28.7,76.0,9.4,8.0,,1010.9,,Semarang (Ahmad Yani),Central Java,Jawa Tengah,2.2222222222222223,6.0,42.70997213955573,2023,3,70,1,11,1.0,6.123233995736766e-17,0.9335418911179212,0.35846832151248087,Rainy Season,1,5,2,9.4
2023-03-12,96839,JT,Jawa Tengah,26.0,31.1,28.1,80.0,0.7,7.7,,1010.5,,Semarang (Ahmad Yani),Central Java,Jawa Tengah,2.138888888888889,5.100000000000001,41.212634610637835,2023,3,71,1,12,1.0,6.123233995736766e-17,0.9395699859530622,0.342356891994542,Rainy Season,1,5,2,0.7
2023-03-13,96839,JT,Jawa Tengah,24.9,31.0,28.1,75.0,1.3,9.2,,1009.4,,Semarang (Ahmad Yani),Central Java,Jawa Tengah,2.5555555555555554,6.100000000000001,39.17185738711127,2023,3,72,1,13,1.0,6.123233995736766e-17,0.945320046913132,0.3261441535642696,Rainy Season,1,5,2,1.3
2023-03-14,96839,JT,Jawa Tengah,24.0,30.4,28.1,78.0,3.9,11.2,,1009.6,,Semarang (Ahmad Yani),Central Java,Jawa Tengah,3.1111111111111107,6.399999999999999,38.30269191201789,2023,3,73,1,14,1.0,6.123233995736766e-17,0.9507903724625832,0.3098349038318025,Rainy Season,1,5,2,3.9
2023-03-15,96839,JT,Jawa Tengah,24.0,31.0,27.5,79.0,0.9,7.0,,1010.3,,Semarang (Ahmad Yani),Central Java,Jawa Tengah,1.9444444444444444,7.0,40.52479256755576,2023,3,74,1,15,1.0,6.123233995736766e-17,0.9559793438440766,0.2934339689665273,Rainy Season,1,5,2,0.9
2023-03-16,96839,JT,Jawa Tengah,26.0,32.0,29.1,75.0,1.5,8.6,,1010.8,,Semarang (Ahmad Yani),Central Java,Jawa Tengah,2.388888888888889,6.0,42.310912775111326,2023,3,75,1,16,1.0,6.123233995736766e-17,0.9608854255574977,0.27694620226893646,Rainy Season,1,5,2,1.5
2023-03-17,96839,JT,Jawa Tengah,26.0,32.0,28.5,74.0,7.0,7.6,,1010.9,,Semarang (Ahmad Yani),Central Java,Jawa Tengah,2.111111111111111,6.0,41.91809725911126,2023,3,76,1,17,1.0,6.123233995736766e-17,0.9655071658143364,0.2603764827344581,Rainy Season,1,5,2,7.0
2023-03-18,96839,JT,Jawa Tengah,25.0,31.7,28.4,75.0,3.9,8.1,,1009.9,,Semarang (Ahmad Yani),Central Java,Jawa Tengah,2.25,6.699999999999999,41.34117731695124,2023,3,77,1,18,1.0,6.123233995736766e-17,0.969843196967294,0.24372971360968387,Rainy Season,1,5,2,3.9
2023-03-19,96839,JT,Jawa Tengah,26.0,32.6,28.9,76.0,5.2,8.8,,1009.2,,Semarang (Ahmad Yani),Central Java,Jawa Tengah,2.4444444444444446,6.600000000000001,44.764310698115665,2023,3,78,1,19,1.0,6.123233995736766e-17,0.9738922359149924,0.22701082094141847,Rainy Season,1,5,2,5.2
2023-03-20,96839,JT,Jawa Tengah,24.5,32.0,28.0,80.0,7.0,7.8,,1009.3,,Semarang (Ahmad Yani),Central Java,Jawa Tengah,2.1666666666666665,7.5,44.36864808177802,2023,3,79,1,20,1.0,6.123233995736766e-17,0.9776530844816641,0.2102247521189836,Rainy Season,1,5,2,7.0
2023-03-21,96839,JT,Jawa Tengah,24.0,32.5,27.7,81.0,4.9,9.7,,1009.0,,Semarang (Ahmad Yani),Central Java,Jawa Tengah,2.694444444444444,8.5,46.689532694444615,2023,3,80,1,21,1.0,6.123233995736766e-17,0.981124629771712,0.19337647441020586,Rainy Season,1,5,2,4.9
2023-03-22,96839,JT,Jawa Tengah,24.2,31.9,28.7,77.0,6.1,8.3,,1008.8,,Semarang (Ahmad Yani),Central Java,Jawa Tengah,2.305555555555556,7.699999999999999,42.77522327956457,2023,3,81,1,22,1.0,6.123233995736766e-17,0.984305844499033,0.17647097349152166,Rainy Season,1,5,2,6.1
2023-03-23,96839,JT,Jawa Tengah,25.9,32.0,29.0,79.0,1.3,9.3,,1008.5,,Semarang (Ahmad Yani),Central Java,Jawa Tengah,2.5833333333333335,6.100000000000001,43.94461332355576,2023,3,82,1,23,1.0,6.123233995736766e-17,0.9871957872910085,0.15951325197263655,Rainy Season,1,5,2,1.3
2023-03-24,96839,JT,Jawa Tengah,26.0,32.0,29.1,74.0,9.2,10.2,,1009.3,,Semarang (Ahmad Yani),Central Java,Jawa Tengah,2.833333333333333,6.0,41.91809725911126,2023,3,83,1,24,1.0,6.123233995736766e-17,0.9897936029670716,0.14250832791617088,Rainy Season,1,5,2,9.2
2023-03-25,96839,JT,Jawa Tengah,26.0,31.0,28.3,78.0,12.9,9.4,,1009.7,,Semarang (Ahmad Yani),Central Java,Jawa Tengah,2.611111111111111,5.0,40.17869238177787,2023,3,84,1,25,1.0,6.123233995736766e-17,0.992098522791769,0.12546123335273648,Rainy Season,1,5,2,12.9
2023-03-26,96839,JT,Jawa Tengah,25.0,31.2,28.2,78.0,7.4,9.2,,1009.0,,Semarang (Ahmad Yani),Central Java,Jawa Tengah,2.5555555555555554,6.199999999999999,40.826172129937866,2023,3,85,1,26,1.0,6.123233995736766e-17,0.9941098647022418,0.10837701279187609,Rainy Season,1,5,2,7.4
2023-03-27,96839,JT,Jawa Tengah,25.0,30.2,27.1,84.0,11.7,8.4,,1009.4,,Semarang (Ahmad Yani),Central Java,Jawa Tengah,2.3333333333333335,5.199999999999999,39.512754881191334,2023,3,86,1,27,1.0,6.123233995736766e-17,0.9958270335100595,0.09126072172931188,Rainy Season,1,5,2,11.7
2023-03-28,96839,JT,Jawa Tengah,25.0,30.1,27.4,83.0,2.7,9.0,,1009.6,,Semarang (Ahmad Yani),Central Java,Jawa Tengah,2.5,5.100000000000001,38.867381977751165,2023,3,87,1,28,1.0,6.123233995736766e-17,0.9972495210773451,0.07411742515094437,Rainy Season,1,5,2,2.7
2023-03-29,96839,JT,Jawa Tengah,24.7,31.5,27.4,83.0,7.1,9.2,,1009.8,,Semarang (Ahmad Yani),Central Java,Jawa Tengah,2.5555555555555554,6.800000000000001,43.78327836511126,2023,3,88,1,29,1.0,6.123233995736766e-17,0.998376906467142,0.056952196034039754,Rainy Season,1,5,2,7.1
2023-03-30,96839,JT,Jawa Tengah,25.6,32.0,28.4,78.0,6.8,11.1,,1008.7,,Semarang (Ahmad Yani),Central Java,Jawa Tengah,3.083333333333333,6.399999999999999,43.52682241377802,2023,3,89,1,30,1.0,6.123233995736766e-17,0.9992088560679753,0.03977011384605572,Rainy Season,1,5,2,6.8
2023-03-31,96839,JT,Jawa Tengah,25.0,32.0,27.8,82.0,6.1,10.4,,1009.5,,Semarang (Ahmad Yani),Central Java,Jawa Tengah,2.888888888888889,7.0,45.23544914355571,2023,3,90,1,31,1.0,6.123233995736766e-17,0.9997451236925734,0.022576263041545485,Rainy Season,1,5,2,6.1
2023-04-01,96839,JT,Jawa Tengah,24.0,31.0,26.4,86.0,15.7,8.4,,1009.7,,Semarang (Ahmad Yani),Central Java,Jawa Tengah,2.3333333333333335,7.0,43.094333160444656,2023,4,91,2,1,0.8660254037844387,-0.4999999999999998,0.9999855506507186,0.005375731557583884,Transition,2,5,2,15.7
2023-04-02,96839,JT,Jawa Tengah,24.0,31.0,26.8,81.0,4.3,5.6,,1008.8,,Semarang (Ahmad Yani),Central Java,Jawa Tengah,1.5555555555555554,7.0,41.23272572044464,2023,4,92,2,2,0.8660254037844387,-0.4999999999999998,0.9999300657962057,-0.011826390691832589,Transition,2,5,2,4.3
2023-04-03,96839,JT,Jawa Tengah,24.8,31.0,27.6,80.0,3.3,8.2,,1009.0,,Semarang (Ahmad Yani),Central Java,Jawa Tengah,2.2777777777777777,6.199999999999999,40.87613701377783,2023,4,93,2,3,0.8660254037844387,-0.4999999999999998,0.9995786855478958,-0.029025013321975237,Transition,2,5,2,3.3
2023-04-04,96839,JT,Jawa Tengah,25.0,31.0,27.9,78.0,0.8,6.8,,1009.6,,Semarang (Ahmad Yani),Central Java,Jawa Tengah,1.8888888888888888,6.0,40.17869238177787,2023,4,94,2,4,0.8660254037844387,-0.4999999999999998,0.9989315138848577,-0.046215046983708354,Transition,2,5,2,0.8
2023-04-05,96839,JT,Jawa Tengah,25.0,31.2,28.4,76.0,0.3,8.2,,1009.5,,Semarang (Ahmad Yani),Central Java,Jawa Tengah,2.2777777777777777,6.199999999999999,40.12215923619569,2023,4,95,2,5,0.8660254037844387,-0.4999999999999998,0.9979887423155984,-0.06339140486951038,Transition,2,5,2,0.3
2023-04-06,96839,JT,Jawa Tengah,26.0,31.0,28.3,77.0,3.0,7.3,,1010.1,,Semarang (Ahmad Yani),Central Java,Jawa Tengah,2.0277777777777777,5.0,39.837836456444656,2023,4,96,2,6,0.8660254037844387,-0.4999999999999998,0.9967506498213929,-0.08054900421874167,Transition,2,5,2,3.0
2023-04-07,96839,JT,Jawa Tengah,25.0,31.8,28.0,78.0,0.7,6.6,,1010.7,,Semarang (Ahmad Yani),Central Java,Jawa Tengah,1.8333333333333333,6.800000000000001,42.835050149137736,2023,4,97,2,7,0.8660254037844387,-0.4999999999999998,0.9952176027737294,-0.09768276782171598,Transition,2,5,2,0.7
2023-04-08,96839,JT,Jawa Tengah,25.0,31.0,27.0,83.0,5.0,6.4,,1011.3,,Semarang (Ahmad Yani),Central Java,Jawa Tengah,1.777777777777778,6.0,41.961635915111245,2023,4,98,2,8,0.8660254037844387,-0.4999999999999998,0.9933900548258936,-0.11478762552212701,Transition,2,5,2,5.0
2023-04-09,96839,JT,Jawa Tengah,24.0,30.5,27.3,81.0,5.6,8.4,,1010.9,,Semarang (Ahmad Yani),Central Java,Jawa Tengah,2.3333333333333335,6.5,39.55713075844429,2023,4,99,2,9,0.8660254037844387,-0.4999999999999998,0.9912685467787256,-0.13185851571739118,Transition,2,5,2,5.6
2023-04-10,96839,JT,Jawa Tengah,25.0,30.0,27.3,83.0,18.4,6.3,,1010.2,,Semarang (Ahmad Yani),Central Java,Jawa Tengah,1.75,5.0,38.538234911111054,2023,4,100,2,10,0.8660254037844387,-0.4999999999999998,0.9888537064205885,-0.1488903868564548,Transition,2,5,2,18.4
2023-04-11,96839,JT,Jawa Tengah,25.0,31.0,27.9,82.0,3.0,8.1,,1009.2,,Semarang (Ahmad Yani),Central Java,Jawa Tengah,2.25,6.0,41.594558687555924,2023,4,101,2,11,0.8660254037844387,-0.4999999999999998,0.986146248341595,-0.16587819893463143,Transition,2,5,2,3.0
2023-04-12,96839,JT,Jawa Tengah,24.0,31.6,28.1,82.0,11.8,8.6,,1008.9,,Semarang (Ahmad Yani),Central Java,Jawa Tengah,2.388888888888889,7.600000000000001,43.74430050627558,2023,4,102,2,12,0.8660254037844387,-0.4999999999999998,0.9831469737221499,-0.1828169249850199,Transition,2,5,2,11.8
2023-04-13,96839,JT,Jawa Tengah,25.0,31.2,28.0,82.0,2.7,6.2,,1009.2,,Semarang (Ahmad Yani),Central Java,Jawa Tengah,1.7222222222222223,6.199999999999999,42.29954180883569,2023,4,103,2,13,0.8660254037844387,-0.4999999999999998,0.9798567700958665,-0.1997015525660636,Transition,2,5,2,2.7
2023-04-14,96839,JT,Jawa Tengah,25.0,31.4,28.0,81.0,3.7,6.8,,1009.5,,Semarang (Ahmad Yani),Central Java,Jawa Tengah,1.8888888888888888,6.399999999999999,42.62480434060449,2023,4,104,2,14,0.8660254037844387,-0.4999999999999998,0.9762766110869321,-0.21652708524481437,Transition,2,5,2,3.7
2023-04-15,96839,JT,Jawa Tengah,25.0,32.1,28.7,77.0,6.0,7.4,,1009.1,,Semarang (Ahmad Yani),Central Java,Jawa Tengah,2.055555555555556,7.100000000000001,43.45806257716452,2023,4,105,2,15,0.8660254037844387,-0.4999999999999998,0.9724075561219968,-0.23328854407545518,Transition,2,5,2,6.0
2023-04-16,96839,JT,Jawa Tengah,23.9,31.3,28.5,80.0,17.8,7.9,,1009.1,,Semarang (Ahmad Yani),Central Java,Jawa Tengah,2.1944444444444446,7.400000000000002,41.89413214431783,2023,4,106,2,16,0.8660254037844387,-0.4999999999999998,0.9682507501166718,-0.2499809690726521,Transition,2,5,2,17.8
2023-04-17,96839,JT,Jawa Tengah,27.0,31.6,28.9,81.0,3.9,7.8,,1010.6,,Semarang (Ahmad Yani),Central Java,Jawa Tengah,2.1666666666666665,4.600000000000001,43.3380445342045,2023,4,107,2,17,0.8660254037844387,-0.4999999999999998,0.9638074231367307,-0.26659942067929354,Transition,2,5,2,3.9
2023-04-18,96839,JT,Jawa Tengah,27.0,34.0,29.9,74.0,6.6,11.9,,1010.7,,Semarang (Ahmad Yani),Central Java,Jawa Tengah,3.3055555555555554,7.0,48.851293543111154,2023,4,108,2,18,0.8660254037844387,-0.4999999999999998,0.9590788900341131,-0.28313898122818354,Transition,2,5,2,6.6
2023-04-19,96839,JT,Jawa Tengah,27.0,34.0,29.8,73.0,2.0,10.6,,1008.5,,Semarang (Ahmad Yani),Central Java,Jawa Tengah,2.944444444444444,7.0,48.321225239555645,2023,4,109,2,19,0.8660254037844387,-0.4999999999999998,0.9540665500578387,-0.2995947563972602,Transition,2,5,2,2.0
2023-04-20,96839,JT,Jawa Tengah,27.0,32.4,29.0,77.0,14.3,6.0,,1007.3,,Semarang (Ahmad Yani),Central Java,Jawa Tengah,1.6666666666666665,5.399999999999999,44.50283516236454,2023,4,110,2,20,0.8660254037844387,-0.4999999999999998,0.9487718864399473,-0.31596187665790293,Transition,2,5,2,14.3
2023-04-21,96839,JT,Jawa Tengah,25.0,32.0,28.6,80.0,5.5,8.6,,1008.0,,Semarang (Ahmad Yani),Central Java,Jawa Tengah,2.388888888888889,7.0,44.36864808177802,2023,4,111,2,21,0.8660254037844387,-0.4999999999999998,0.9431964659565866,-0.33223549871590435,Transition,2,5,2,5.5
2023-04-22,96839,JT,Jawa Tengah,26.0,33.4,29.2,77.0,5.6,11.2,,1008.3,,Semarang (Ahmad Yani),Central Java,Jawa Tengah,3.1111111111111107,7.399999999999999,48.16319531596448,2023,4,112,2,22,0.8660254037844387,-0.4999999999999998,0.9373419384643772,-0.3484108069446808,Transition,2,5,2,5.6
2023-04-23,96839,JT,Jawa Tengah,27.0,34.0,29.8,74.0,0.4,10.5,,1009.0,,Semarang (Ahmad Yani),Central Java,Jawa Tengah,2.9166666666666665,7.0,48.851293543111154,2023,4,113,2,23,0.8660254037844387,-0.4999999999999998,0.9312100364121947,-0.3644830148102912,Transition,2,5,2,0.4
2023-04-24,96839,JT,Jawa Tengah,27.6,33.4,29.6,75.0,3.9,12.3,,1008.8,,Semarang (Ahmad Yani),Central Java,Jawa Tengah,3.416666666666667,5.799999999999997,47.1538917864711,2023,4,114,2,24,0.8660254037844387,-0.4999999999999998,0.9248025743285089,-0.38044736628785164,Transition,2,5,2,3.9
2023-04-25,96839,JT,Jawa Tengah,24.0,33.0,28.4,79.0,3.6,10.0,,1008.8,,Semarang (Ahmad Yani),Central Java,Jawa Tengah,2.7777777777777777,9.0,47.64456102355569,2023,4,115,2,25,0.8660254037844387,-0.4999999999999998,0.9181214482844364,-0.39629913726891813,Transition,2,5,2,3.6
2023-04-26,96839,JT,Jawa Tengah,24.7,32.6,28.4,81.0,4.0,10.7,,1008.4,,Semarang (Ahmad Yani),Central Java,Jawa Tengah,2.972222222222222,7.900000000000002,47.07625433740455,2023,4,116,2,26,0.8660254037844387,-0.4999999999999998,0.9111686353326631,-0.41203363695942635,Transition,2,5,2,4.0
2023-04-27,96839,JT,Jawa Tengah,26.0,34.0,29.0,81.0,3.5,7.5,,1008.6,,Semarang (Ahmad Yani),Central Java,Jawa Tengah,2.0833333333333335,8.0,52.791372800444464,2023,4,117,2,27,0.8660254037844387,-0.4999999999999998,0.9039461929224011,-0.42764620926777464,Transition,2,5,2,3.5
2023-04-28,96839,JT,Jawa Tengah,26.0,32.0,29.0,78.0,10.8,8.5,,1008.8,,Semarang (Ahmad Yani),Central Java,Jawa Tengah,2.361111111111111,6.0,43.52682241377802,2023,4,118,2,28,0.8660254037844387,-0.4999999999999998,0.8964562582905575,-0.44313223418263453,Transition,2,5,2,10.8
2023-04-29,96839,JT,Jawa Tengah,25.0,30.5,28.0,83.0,0.8,6.9,,1008.5,,Semarang (Ahmad Yani),Central Java,Jawa Tengah,1.9166666666666667,5.5,40.21328809711107,2023,4,119,2,29,0.8660254037844387,-0.4999999999999998,0.8887010478292915,-0.45848712914008766,Transition,2,5,2,0.8
2023-04-30,96839,JT,Jawa Tengah,25.0,32.0,28.8,78.0,0.1,8.8,,1007.7,,Semarang (Ahmad Yani),Central Java,Jawa Tengah,2.4444444444444446,7.0,43.52682241377802,2023,4,120,2,30,0.8660254037844387,-0.4999999999999998,0.8806828564301475,-0.47370635037968,Transition,2,5,2,0.1
2023-05-01,96839,JT,Jawa Tengah,26.0,31.6,28.7,79.0,1.6,6.4,,1008.2,,Semarang (Ahmad Yani),Central Java,Jawa Tengah,1.777777777777778,5.600000000000001,42.54306978787559,2023,5,121,2,1,0.49999999999999994,-0.8660254037844387,0.8724040568049612,-0.48878539428899265,Transition,2,5,2,1.6
2023-05-02,96839,JT,Jawa Tengah,25.0,32.0,28.5,80.0,4.3,8.6,,1009.4,,Semarang (Ahmad Yani),Central Java,Jawa Tengah,2.388888888888889,7.0,44.36864808177802,2023,5,122,2,2,0.49999999999999994,-0.8660254037844387,0.8638670987837349,-0.503719798736334,Transition,2,5,2,4.3
2023-05-03,96839,JT,Jawa Tengah,25.0,33.0,28.4,84.0,9.5,9.9,,1009.6,,Semarang (Ahmad Yani),Central Java,Jawa Tengah,2.75,8.0,50.21689939911124,2023,5,123,2,3,0.49999999999999994,-0.8660254037844387,0.8550745085896932,-0.518505144391157,Transition,2,5,2,9.5
2023-05-04,96839,JT,Jawa Tengah,24.8,33.0,29.0,79.0,2.4,9.9,,1009.2,,Semarang (Ahmad Yani),Central Java,Jawa Tengah,2.75,8.2,47.64456102355569,2023,5,124,2,4,0.49999999999999994,-0.8660254037844387,0.8460288880917339,-0.533137056031809,Transition,2,5,2,2.4
2023-05-05,96839,JT,Jawa Tengah,26.0,34.0,28.7,80.0,2.8,9.8,,1007.3,,Semarang (Ahmad Yani),Central Java,Jawa Tengah,2.7222222222222223,8.0,52.203904213777804,2023,5,125,2,5,0.49999999999999994,-0.8660254037844387,0.8367329140344921,-0.5476112038402312,Transition,2,5,2,2.8
2023-05-06,96839,JT,Jawa Tengah,25.0,33.0,28.8,81.0,1.3,7.7,,1007.5,,Semarang (Ahmad Yani),Central Java,Jawa Tengah,2.138888888888889,8.0,48.65180904844447,2023,5,126,2,6,0.49999999999999994,-0.8660254037844387,0.8271893372462497,-0.5619233046832195,Transition,2,5,2,1.3
2023-05-07,96839,JT,Jawa Tengah,26.0,32.0,28.9,77.0,4.2,6.9,,1008.1,,Semarang (Ahmad Yani),Central Java,Jawa Tengah,1.9166666666666667,6.0,43.11527535244464,2023,5,127,2,7,0.49999999999999994,-0.8660254037844387,0.8174009818249189,-0.5760691233798758,Transition,2,5,2,4.2
2023-05-08,96839,JT,Jawa Tengah,25.2,32.0,29.1,80.0,1.1,7.3,,1008.9,,Semarang (Ahmad Yani),Central Java,Jawa Tengah,2.0277777777777777,6.800000000000001,44.36864808177802,2023,5,128,2,8,0.49999999999999994,-0.8660254037844387,0.8073707443023492,-0.5900444739548627,Transition,2,5,2,1.1
2023-05-09,96839,JT,Jawa Tengah,26.5,31.7,29.0,79.0,0.0,6.9,,1009.5,,Semarang (Ahmad Yani),Central Java,Jawa Tengah,1.9166666666666667,5.199999999999999,42.889253767635594,2023,5,129,2,9,0.49999999999999994,-0.8660254037844387,0.7971015927871943,-0.6038452208771035,Transition,2,5,2,0.0
2023-05-10,96839,JT,Jawa Tengah,26.7,34.0,30.0,72.0,7.3,17.0,,1009.5,,Semarang (Ahmad Yani),Central Java,Jawa Tengah,4.722222222222222,7.300000000000001,47.799356976444535,2023,5,130,2,10,0.49999999999999994,-0.8660254037844387,0.7865965660866021,-0.6174672802835514,Transition,2,5,2,7.3
2023-05-11,96839,JT,Jawa Tengah,25.0,29.6,27.2,85.0,11.0,11.4,,1011.4,,Semarang (Ahmad Yani),Central Java,Jawa Tengah,3.1666666666666665,4.600000000000001,37.79554295571553,2023,5,131,2,11,0.49999999999999994,-0.8660254037844387,0.7758587728069828,-0.6309066211876704,Transition,2,5,2,11.0
2023-05-12,96839,JT,Jawa Tengah,26.0,34.0,30.0,72.0,1.2,12.5,,1011.2,,Semarang (Ahmad Yani),Central Java,Jawa Tengah,3.4722222222222223,8.0,47.799356976444535,2023,5,132,2,12,0.49999999999999994,-0.8660254037844387,0.7648913904341225,-0.6441592666722685,Transition,2,5,2,1.2
2023-05-13,96839,JT,Jawa Tengah,26.0,34.0,29.4,74.0,5.3,7.1,,1011.3,,Semarang (Ahmad Yani),Central Java,Jawa Tengah,1.972222222222222,8.0,48.851293543111154,2023,5,133,2,13,0.49999999999999994,-0.8660254037844387,0.753697664392914,-0.6572212950663319,Transition,2,5,2,5.3
2023-05-14,96839,JT,Jawa Tengah,22.0,33.0,28.3,69.0,0.0,5.8,,1012.0,,Semarang (Ahmad Yani),Central Java,Jawa Tengah,1.611111111111111,11.0,43.04206740577781,2023,5,134,2,14,0.49999999999999994,-0.8660254037844387,0.742280907086982,-0.6700888411055113,Transition,2,5,2,0.0
2023-05-15,96839,JT,Jawa Tengah,24.0,33.0,28.7,70.0,0.0,7.3,,1012.0,,Semarang (Ahmad Yani),Central Java,Jawa Tengah,2.0277777777777777,9.0,43.469785779555686,2023,5,135,2,15,0.49999999999999994,-0.8660254037844387,0.7306444969184916,-0.6827580970759147,Transition,2,5,2,0.0
2023-05-16,96839,JT,Jawa Tengah,24.0,33.0,28.3,67.0,0.0,8.7,,1012.6,,Semarang (Ahmad Yani),Central Java,Jawa Tengah,2.4166666666666665,9.0,42.20831798355553,2023,5,136,2,16,0.49999999999999994,-0.8660254037844387,0.7187918772884232,-0.6952253139408722,Transition,2,5,2,0.0
2023-05-17,96839,JT,Jawa Tengah,23.5,33.2,28.6,64.0,0.0,7.6,,1012.5,,Semarang (Ahmad Yani),Central Java,Jawa Tengah,2.111111111111111,9.700000000000003,41.57512085523563,2023,5,137,2,17,0.49999999999999994,-0.8660254037844387,0.7067265555776158,-0.7074868024503348,Transition,2,5,2,0.0
2023-05-18,96839,JT,Jawa Tengah,23.0,33.1,28.6,64.0,0.0,7.7,,1012.4,,Semarang (Ahmad Yani),Central Java,Jawa Tengah,2.138888888888889,10.100000000000001,41.29237080057558,2023,5,138,2,18,0.49999999999999994,-0.8660254037844387,0.6944521021088763,-0.719538934232584,Transition,2,5,2,0.0
2023-05-19,96839,JT,Jawa Tengah,24.4,33.2,28.8,67.0,1.4,8.9,,1011.8,,Semarang (Ahmad Yani),Central Java,Jawa Tengah,2.4722222222222223,8.800000000000004,42.810089904035664,2023,5,139,2,19,0.49999999999999994,-0.8660254037844387,0.6819721490904629,-0.7313781428679254,Transition,2,5,2,1.4
2023-05-20,96839,JT,Jawa Tengah,25.0,33.0,29.1,72.0,0.4,9.2,,1011.3,,Semarang (Ahmad Yani),Central Java,Jawa Tengah,2.5555555555555554,8.0,44.346909852444576,2023,5,140,2,20,0.49999999999999994,-0.8660254037844387,0.6692903895412567,-0.7430009249440493,Transition,2,5,2,0.4
2023-05-21,96839,JT,Jawa Tengah,25.0,33.4,28.8,74.0,0.0,9.1,,1012.0,,Semarang (Ahmad Yani),Central Java,Jawa Tengah,2.5277777777777777,8.399999999999999,46.66066882263108,2023,5,141,2,21,0.49999999999999994,-0.8660254037844387,0.6564105761979381,-0.7544038410927472,Transition,2,5,2,0.0
2023-05-22,96839,JT,Jawa Tengah,24.7,32.6,28.1,73.0,0.1,9.8,,1012.2,,Semarang (Ahmad Yani),Central Java,Jawa Tengah,2.7222222222222223,7.900000000000002,43.459185200195584,2023,5,142,2,22,0.49999999999999994,-0.8660254037844387,0.6433365204044917,-0.765583517007675,Transition,2,5,2,0.1
2023-05-23,96839,JT,Jawa Tengah,23.2,32.4,28.2,70.0,0.0,11.8,,1012.1,,Semarang (Ahmad Yani),Central Java,Jawa Tengah,3.2777777777777777,9.2,41.603487796515644,2023,5,143,2,23,0.49999999999999994,-0.8660254037844387,0.6300720909843687,-0.7765366444428655,Transition,2,5,2,0.0
2023-05-24,96839,JT,Jawa Tengah,25.0,33.2,28.9,71.0,0.0,9.1,,1012.7,,Semarang (Ahmad Yani),Central Java,Jawa Tengah,2.5277777777777777,8.200000000000003,44.560657477617816,2023,5,144,2,24,0.49999999999999994,-0.8660254037844387,0.6166212130956382,-0.7872599821916922,Transition,2,5,2,0.0
2023-05-25,96839,JT,Jawa Tengah,24.5,34.5,29.0,71.0,0.9,10.7,,1012.3,,Semarang (Ahmad Yani),Central Java,Jawa Tengah,2.972222222222222,10.0,49.07116751177784,2023,5,145,2,25,0.49999999999999994,-0.8660254037844387,0.6029878670694714,-0.7977503570459932,Transition,2,5,2,0.9
2023-05-26,96839,JT,Jawa Tengah,25.0,33.2,28.9,73.0,0.0,10.1,,1011.6,,Semarang (Ahmad Yani),Central Java,Jawa Tengah,2.8055555555555554,8.200000000000003,45.480487910915734,2023,5,146,2,26,0.49999999999999994,-0.8660254037844387,0.5891760872322963,-0.8080046647350754,Transition,2,5,2,0.0
2023-05-27,96839,JT,Jawa Tengah,26.0,32.4,29.4,69.0,0.0,9.7,,1010.0,,Semarang (Ahmad Yani),Central Java,Jawa Tengah,2.694444444444444,6.399999999999999,41.21585400289785,2023,5,147,2,27,0.49999999999999994,-0.8660254037844387,0.5751899607119775,-0.8180198708443174,Transition,2,5,2,0.0
2023-05-28,96839,JT,Jawa Tengah,24.0,32.0,28.4,67.0,0.0,8.0,,1009.5,,Semarang (Ahmad Yani),Central Java,Jawa Tengah,2.2222222222222223,8.0,39.34321640355577,2023,5,148,2,28,0.49999999999999994,-0.8660254037844387,0.5610336262283677,-0.8277930117131022,Transition,2,5,2,0.0
2023-05-29,96839,JT,Jawa Tengah,25.0,32.4,28.7,70.0,0.0,7.9,,1010.1,,Semarang (Ahmad Yani),Central Java,Jawa Tengah,2.1944444444444446,7.399999999999999,41.603487796515644,2023,5,149,2,29,0.49999999999999994,-0.8660254037844387,0.5467112728685939,-0.8373211953118121,Transition,2,5,2,0.0
2023-05-30,96839,JT,Jawa Tengah,25.0,33.0,28.9,70.0,0.0,11.5,,1010.7,,Semarang (Ahmad Yani),Central Java,Jawa Tengah,3.194444444444444,8.0,43.469785779555686,2023,5,150,2,30,0.49999999999999994,-0.8660254037844387,0.5322271388474397,-0.8466016020976267,Transition,2,5,2,0.0
2023-05-31,96839,JT,Jawa Tengah,25.0,34.0,29.5,67.0,0.0,9.6,,1010.4,,Semarang (Ahmad Yani),Central Java,Jawa Tengah,2.6666666666666665,9.0,45.31301626755559,2023,5,151,2,31,0.49999999999999994,-0.8660254037844387,0.5175855102531889,-0.8556314858488706,Transition,2,5,2,0.0
2023-06-01,96839,JT,Jawa Tengah,24.7,34.0,28.9,71.0,0.0,10.6,,1010.2,,Semarang (Ahmad Yani),Central Java,Jawa Tengah,2.944444444444444,9.3,47.28568875377776,2023,6,152,2,1,1.2246467991473532e-16,-1.0,0.5027907197793043,-0.8644081744776648,Dry Season,0,5,2,0.0
2023-06-02,96839,JT,Jawa Tengah,26.0,34.2,29.8,69.0,0.0,9.7,,1010.4,,Semarang (Ahmad Yani),Central Java,Jawa Tengah,2.694444444444444,8.200000000000003,46.96070883745785,2023,6,153,2,2,1.2246467991473532e-16,-1.0,0.4878471454423119,-0.8729290708206411,Dry Season,0,5,2,0.0
2023-06-03,96839,JT,Jawa Tengah,24.9,33.0,29.4,72.0,0.0,8.2,,1010.6,,Semarang (Ahmad Yani),Central Java,Jawa Tengah,2.2777777777777777,8.100000000000001,44.346909852444576,2023,6,154,2,3,1.2246467991473532e-16,-1.0,0.47275920928627757,-0.881191653407483,Dry Season,0,5,2,0.0
2023-06-04,96839,JT,Jawa Tengah,25.7,33.6,29.3,74.0,0.9,9.0,,1010.0,,Semarang (Ahmad Yani),Central Java,Jawa Tengah,2.5,7.900000000000002,47.380337459431054,2023,6,155,2,4,1.2246467991473532e-16,-1.0,0.4575313760742512,-0.8891934772070711,Dry Season,0,5,2,0.9
2023-06-05,96839,JT,Jawa Tengah,26.0,33.0,28.8,77.0,1.7,7.0,,1009.8,,Semarang (Ahmad Yani),Central Java,Jawa Tengah,1.9444444444444444,7.0,46.66622943244462,2023,6,156,2,5,1.2246467991473532e-16,-1.0,0.44216815196707204,-0.8969321743510065,Dry Season,0,5,2,1.7
2023-06-06,96839,JT,Jawa Tengah,25.0,33.6,28.4,76.0,11.5,10.0,,1010.2,,Semarang (Ahmad Yani),Central Java,Jawa Tengah,2.7777777777777777,8.600000000000001,48.404358545315525,2023,6,157,2,6,1.2246467991473532e-16,-1.0,0.42667408318992467,-0.9044054548343001,Dry Season,0,5,2,11.5
2023-06-07,96839,JT,Jawa Tengah,26.0,33.0,28.9,75.0,3.4,9.6,,1011.1,,Semarang (Ahmad Yani),Central Java,Jawa Tengah,2.6666666666666665,7.0,45.71681427511123,2023,6,158,2,7,1.2246467991473532e-16,-1.0,0.4110537546870351,-0.9116111071930239,Dry Season,0,5,2,3.4
2023-06-08,96839,JT,Jawa Tengah,25.0,33.0,29.1,75.0,1.7,11.1,,1011.3,,Semarang (Ahmad Yani),Central Java,Jawa Tengah,3.083333333333333,8.0,45.71681427511123,2023,6,159,2,8,1.2246467991473532e-16,-1.0,0.3953117887649151,-0.9185469991587165,Dry Season,0,5,2,1.7
2023-06-09,96839,JT,Jawa Tengah,25.0,34.2,29.1,73.0,0.3,8.4,,1010.2,,Semarang (Ahmad Yani),Central Java,Jawa Tengah,2.3333333333333335,9.200000000000003,49.05742154451568,2023,6,160,2,9,1.2246467991473532e-16,-1.0,0.37945284372454435,-0.925211078289358,Dry Season,0,5,2,0.3
2023-06-10,96839,JT,Jawa Tengah,25.0,33.2,28.9,73.0,0.0,8.2,,1009.6,,Semarang (Ahmad Yani),Central Java,Jawa Tengah,2.2777777777777777,8.200000000000003,45.480487910915734,2023,6,161,2,10,1.2246467991473532e-16,-1.0,0.36348161248290634,-0.9316013725767187,Dry Season,0,5,2,0.0
2023-06-11,96839,JT,Jawa Tengah,25.0,35.0,29.1,72.0,0.7,10.2,,1009.6,,Semarang (Ahmad Yani),Central Java,Jawa Tengah,2.833333333333333,10.0,51.50853914444451,2023,6,162,2,11,1.2246467991473532e-16,-1.0,0.3474028211842774,-0.9377159910299093,Dry Season,0,5,2,0.7
2023-06-12,96839,JT,Jawa Tengah,25.7,34.0,29.2,73.0,3.2,10.9,,1010.3,,Semarang (Ahmad Yani),Central Java,Jawa Tengah,3.0277777777777777,8.3,48.321225239555645,2023,6,163,2,12,1.2246467991473532e-16,-1.0,0.3312212278016865,-0.9435531242349544,Dry Season,0,5,2,3.2
2023-06-13,96839,JT,Jawa Tengah,25.0,33.0,29.5,71.0,0.2,12.3,,1010.0,,Semarang (Ahmad Yani),Central Java,Jawa Tengah,3.416666666666667,8.0,43.90473326177779,2023,6,164,2,13,1.2246467991473532e-16,-1.0,0.31494162072895193,-0.9491110448902284,Dry Season,0,5,2,0.2
2023-06-14,96839,JT,Jawa Tengah,25.8,33.1,29.3,70.0,0.4,11.2,,1011.0,,Semarang (Ahmad Yani),Central Java,Jawa Tengah,3.1111111111111107,7.300000000000001,43.789582737615625,2023,6,165,2,14,1.2246467991473532e-16,-1.0,0.2985688173637202,-0.9543881083175908,Dry Season,0,5,2,0.4
2023-06-15,96839,JT,Jawa Tengah,24.6,32.1,28.6,71.0,0.1,8.5,,1010.9,,Semarang (Ahmad Yani),Central Java,Jawa Tengah,2.361111111111111,7.5,41.078475626337855,2023,6,166,2,15,1.2246467991473532e-16,-1.0,0.2821076626819194,-0.9593827529490743,Dry Season,0,5,2,0.1
2023-06-16,96839,JT,Jawa Tengah,25.0,31.6,28.6,71.0,0.0,9.6,,1011.0,,Semarang (Ahmad Yani),Central Java,Jawa Tengah,2.6666666666666665,6.600000000000001,39.597000106737816,2023,6,167,2,16,1.2246467991473532e-16,-1.0,0.26556302780405594,-0.9640935007889755,Dry Season,0,5,2,0.0
2023-06-17,96839,JT,Jawa Tengah,25.0,32.0,28.6,74.0,2.1,12.9,,1010.9,,Semarang (Ahmad Yani),Central Java,Jawa Tengah,3.5833333333333335,7.0,41.91809725911126,2023,6,168,2,17,1.2246467991473532e-16,-1.0,0.24893980855376657,-0.9685189578512204,Dry Season,0,5,2,2.1
2023-06-18,96839,JT,Jawa Tengah,26.0,32.0,28.7,75.0,1.6,10.8,,1010.9,,Semarang (Ahmad Yani),Central Java,Jawa Tengah,3.0,6.0,42.310912775111326,2023,6,169,2,18,1.2246467991473532e-16,-1.0,0.23224292400907015,-0.9726578145718654,Dry Season,0,5,2,1.6
2023-06-19,96839,JT,Jawa Tengah,26.0,32.0,28.9,73.0,1.5,9.0,,1011.1,,Semarang (Ahmad Yani),Central Java,Jawa Tengah,2.5,6.0,41.531525591555706,2023,6,170,2,19,1.2246467991473532e-16,-1.0,0.21547731504673012,-0.976508846196619,Dry Season,0,5,2,1.5
2023-06-20,96839,JT,Jawa Tengah,25.0,33.0,28.0,79.0,3.4,8.2,,1011.5,,Semarang (Ahmad Yani),Central Java,Jawa Tengah,2.2777777777777777,8.0,47.64456102355569,2023,6,171,2,20,1.2246467991473532e-16,-1.0,0.19864794288017112,-0.9800709131432666,Dry Season,0,5,2,3.4
2023-06-21,96839,JT,Jawa Tengah,25.1,35.0,29.3,72.0,0.4,9.6,,1010.9,,Semarang (Ahmad Yani),Central Java,Jawa Tengah,2.6666666666666665,9.899999999999999,51.50853914444451,2023,6,172,2,21,1.2246467991473532e-16,-1.0,0.18175978759137534,-0.9833429613388902,Dry Season,0,5,2,0.4
2023-06-22,96839,JT,Jawa Tengah,25.0,34.0,29.0,70.0,1.4,8.9,,1010.3,,Semarang (Ahmad Yani),Central Java,Jawa Tengah,2.4722222222222223,9.0,46.78022057155552,2023,6,173,2,22,1.2246467991473532e-16,-1.0,0.16481784665719793,-0.9863240225317866,Dry Season,0,5,2,1.4
2023-06-23,96839,JT,Jawa Tengah,23.1,32.0,28.6,74.0,0.0,10.1,,1010.0,,Semarang (Ahmad Yani),Central Java,Jawa Tengah,2.8055555555555554,8.899999999999999,41.91809725911126,2023,6,174,2,23,1.2246467991473532e-16,-1.0,0.14782713347053048,-0.9890132145779883,Dry Season,0,5,2,0.0
2023-06-24,96839,JT,Jawa Tengah,25.0,33.3,28.7,72.0,0.0,9.3,,1009.4,,Semarang (Ahmad Yani),Central Java,Jawa Tengah,2.5833333333333335,8.299999999999997,45.35568681002462,2023,6,175,2,24,1.2246467991473532e-16,-1.0,0.13079267585675922,-0.9914097417023038,Dry Season,0,5,2,0.0
2023-06-25,96839,JT,Jawa Tengah,25.0,33.0,27.8,79.0,0.5,7.2,,1009.2,,Semarang (Ahmad Yani),Central Java,Jawa Tengah,2.0,8.0,47.64456102355569,2023,6,176,2,25,1.2246467991473532e-16,-1.0,0.11371951458594969,-0.9935128947338007,Dry Season,0,5,2,0.5
2023-06-26,96839,JT,Jawa Tengah,24.0,31.1,27.8,74.0,3.5,6.5,,1009.9,,Semarang (Ahmad Yani),Central Java,Jawa Tengah,1.8055555555555556,7.100000000000001,39.142013490931184,2023,6,177,2,26,1.2246467991473532e-16,-1.0,0.0966127018812031,-0.9953220513156602,Dry Season,0,5,2,3.5
2023-06-27,96839,JT,Jawa Tengah,25.0,32.2,28.5,74.0,1.1,6.2,,1010.7,,Semarang (Ahmad Yani),Central Java,Jawa Tengah,1.7222222222222223,7.200000000000003,42.56398867239123,2023,6,178,2,27,1.2246467991473532e-16,-1.0,0.07947729992362097,-0.9968366760893436,Dry Season,0,5,2,1.1
2023-06-28,96839,JT,Jawa Tengah,24.0,34.0,28.8,71.0,0.7,8.1,,1011.4,,Semarang (Ahmad Yani),Central Java,Jawa Tengah,2.25,10.0,47.28568875377776,2023,6,179,2,28,1.2246467991473532e-16,-1.0,0.062318379354325076,-0.998056320853012,Dry Season,0,5,2,0.7
2023-06-29,96839,JT,Jawa Tengah,25.0,33.0,28.8,72.0,0.3,7.1,,1010.5,,Semarang (Ahmad Yani),Central Java,Jawa Tengah,1.972222222222222,8.0,44.346909852444576,2023,6,180,2,29,1.2246467991473532e-16,-1.0,0.04514101777397193,-0.9989806246941579,Dry Season,0,5,2,0.3
2023-06-30,96839,JT,Jawa Tengah,24.1,35.0,29.0,70.0,0.3,9.5,,1010.2,,Semarang (Ahmad Yani),Central Java,Jawa Tengah,2.638888888888889,10.899999999999999,50.340578055555646,2023,6,181,2,30,1.2246467991473532e-16,-1.0,0.02795029824021032,-0.999609314096404,Dry Season,0,5,2,0.3
2023-07-01,96839,JT,Jawa Tengah,25.0,33.2,28.9,72.0,1.8,10.0,,1010.8,,Semarang (Ahmad Yani),Central Java,Jawa Tengah,2.7777777777777777,8.200000000000003,45.01686047372453,2023,7,182,3,1,-0.4999999999999997,-0.8660254037844388,0.01075130776352193,-0.9999422030204416,Dry Season,0,5,2,1.8
2023-07-02,96839,JT,Jawa Tengah,24.0,32.8,27.8,75.0,1.4,7.4,,1012.1,,Semarang (Ahmad Yani),Central Java,Jawa Tengah,2.055555555555556,8.799999999999997,45.01428628615114,2023,7,183,3,2,-0.4999999999999997,-0.8660254037844388,-0.00645086419810515,-0.9999791929590823,Dry Season,0,5,2,1.4
2023-07-03,96839,JT,Jawa Tengah,24.0,32.4,28.0,73.0,0.0,6.6,,1011.2,,Semarang (Ahmad Yani),Central Java,Jawa Tengah,1.8333333333333333,8.399999999999999,42.80622720819566,2023,7,184,3,3,-0.4999999999999997,-0.8660254037844388,-0.023651127245231586,-0.9997202729664083,Dry Season,0,5,2,0.0
2023-07-04,96839,JT,Jawa Tengah,24.0,33.5,28.7,70.0,0.2,7.2,,1010.2,,Semarang (Ahmad Yani),Central Java,Jawa Tengah,2.0,9.5,45.09376283905562,2023,7,185,3,4,-0.4999999999999997,-0.8660254037844388,-0.04084439154329611,-0.9991655196610109,Dry Season,0,5,2,0.2
2023-07-05,96839,JT,Jawa Tengah,25.0,33.0,28.7,72.0,0.5,6.7,,1009.6,,Semarang (Ahmad Yani),Central Java,Jawa Tengah,1.8611111111111112,8.0,44.346909852444576,2023,7,186,3,5,-0.4999999999999997,-0.8660254037844388,-0.05802556932878035,-0.9983150972033183,Dry Season,0,5,2,0.5
2023-07-06,96839,JT,Jawa Tengah,24.0,33.0,28.2,76.0,1.1,8.6,,1010.8,,Semarang (Ahmad Yani),Central Java,Jawa Tengah,2.388888888888889,9.0,46.187907299555505,2023,7,187,3,6,-0.4999999999999997,-0.8660254037844388,-0.07518957641475855,-0.9971692572470178,Dry Season,0,5,2,1.1
2023-07-07,96839,JT,Jawa Tengah,24.0,30.0,27.2,85.0,13.4,7.1,,1012.3,,Semarang (Ahmad Yani),Central Java,Jawa Tengah,1.972222222222222,6.0,39.1401850555554,2023,7,188,3,7,-0.4999999999999997,-0.8660254037844388,-0.09233133369539122,-0.9957283388645872,Dry Season,0,5,2,13.4
2023-07-08,96839,JT,Jawa Tengah,25.0,32.0,27.7,78.0,0.2,7.8,,1012.3,,Semarang (Ahmad Yani),Central Java,Jawa Tengah,2.1666666666666665,7.0,43.52682241377802,2023,7,189,3,8,-0.4999999999999997,-0.8660254037844388,-0.10944576864891556,-0.993992768446958,Dry Season,0,5,2,0.2
2023-07-09,96839,JT,Jawa Tengah,24.0,33.0,28.8,73.0,1.4,12.8,,1010.4,,Semarang (Ahmad Yani),Central Java,Jawa Tengah,3.555555555555556,9.0,44.796315551555686,2023,7,190,3,9,-0.4999999999999997,-0.8660254037844388,-0.12652781683868314,-0.9919630595773397,Dry Season,0,5,2,1.4
2023-07-10,96839,JT,Jawa Tengah,27.0,34.0,29.5,67.0,0.0,12.7,,1010.3,,Semarang (Ahmad Yani),Central Java,Jawa Tengah,3.5277777777777777,7.0,45.31301626755559,2023,7,191,3,10,-0.4999999999999997,-0.8660254037844388,-0.1435724234118113,-0.9896398128792412,Dry Season,0,5,2,0.0
2023-07-11,96839,JT,Jawa Tengah,24.0,32.0,28.1,76.0,0.0,10.0,,1011.1,,Semarang (Ahmad Yani),Central Java,Jawa Tengah,2.7777777777777777,8.0,42.70997213955573,2023,7,192,3,11,-0.4999999999999997,-0.8660254037844388,-0.16057454459499376,-0.9870237158387383,Dry Season,0,5,2,0.0
2023-07-12,96839,JT,Jawa Tengah,23.0,33.0,27.7,74.0,0.0,6.9,,1011.3,,Semarang (Ahmad Yani),Central Java,Jawa Tengah,1.9166666666666667,10.0,45.252950359111125,2023,7,193,3,12,-0.4999999999999997,-0.8660254037844388,-0.17752914918703497,-0.984115542601034,Dry Season,0,5,2,0.0
2023-07-13,96839,JT,Jawa Tengah,25.0,33.0,28.4,70.0,0.7,7.2,,1011.1,,Semarang (Ahmad Yani),Central Java,Jawa Tengah,2.0,8.0,43.469785779555686,2023,7,194,3,13,-0.4999999999999997,-0.8660254037844388,-0.19443122004766195,-0.9809161537413774,Dry Season,0,5,2,0.7
2023-07-14,96839,JT,Jawa Tengah,24.6,33.0,28.4,70.0,0.0,6.4,,1011.0,,Semarang (Ahmad Yani),Central Java,Jawa Tengah,1.777777777777778,8.399999999999999,43.469785779555686,2023,7,195,3,14,-0.4999999999999997,-0.8660254037844388,-0.2112757555821793,-0.9774264960104055,Dry Season,0,5,2,0.0
2023-07-15,96839,JT,Jawa Tengah,23.0,33.0,28.0,70.0,0.0,6.6,,1011.0,,Semarang (Ahmad Yani),Central Java,Jawa Tengah,1.8333333333333333,10.0,43.469785779555686,2023,7,196,3,15,-0.4999999999999997,-0.8660254037844388,-0.2280577712215198,-0.9736476020539838,Dry Season,0,5,2,0.0
2023-07-16,96839,JT,Jawa Tengah,25.0,33.0,28.3,71.0,0.0,6.1,,1010.6,,Semarang (Ahmad Yani),Central Java,Jawa Tengah,1.6944444444444442,8.0,43.90473326177779,2023,7,197,3,16,-0.4999999999999997,-0.8660254037844388,-0.24477230089725957,-0.9695805901076308,Dry Season,0,5,2,0.0
2023-07-17,96839,JT,Jawa Tengah,22.0,34.0,28.1,63.0,0.0,9.8,,1010.1,,Semarang (Ahmad Yani),Central Java,Jawa Tengah,2.7222222222222223,12.0,43.47154442844455,2023,7,198,3,17,-0.4999999999999997,-0.8660254037844388,-0.2614143985111562,-0.965226663665613,Dry Season,0,5,2,0.0
2023-07-18,96839,JT,Jawa Tengah,23.0,34.0,28.2,64.0,0.0,10.4,,1010.6,,Semarang (Ahmad Yani),Central Java,Jawa Tengah,2.888888888888889,11.0,43.91961232755558,2023,7,199,3,18,-0.4999999999999997,-0.8660254037844388,-0.2779791393987801,-0.9605871111248129,Dry Season,0,5,2,0.0
2023-07-19,96839,JT,Jawa Tengah,23.0,33.9,27.9,62.0,0.0,10.9,,1010.0,,Semarang (Ahmad Yani),Central Java,Jawa Tengah,3.0277777777777777,10.899999999999999,42.743559787997825,2023,7,200,3,19,-0.4999999999999997,-0.8660254037844388,-0.2944616217868012,-0.9556633054034704,Dry Season,0,5,2,0.0
2023-07-20,96839,JT,Jawa Tengah,22.0,34.0,27.9,58.0,0.0,10.9,,1010.0,,Semarang (Ahmad Yani),Central Java,Jawa Tengah,3.0277777777777777,12.0,41.35420553955563,2023,7,201,3,20,-0.4999999999999997,-0.8660254037844388,-0.3108569682435036,-0.9504567035349151,Dry Season,0,5,2,0.0
2023-07-21,96839,JT,Jawa Tengah,24.0,33.0,28.3,65.0,0.0,8.6,,1011.8,,Semarang (Ahmad Yani),Central Java,Jawa Tengah,2.388888888888889,9.0,41.403484995111086,2023,7,202,3,21,-0.4999999999999997,-0.8660254037844388,-0.3271603271220951,-0.9449688462364056,Dry Season,0,5,2,0.0
2023-07-22,96839,JT,Jawa Tengah,23.0,34.0,28.1,63.0,0.0,9.4,,1012.1,,Semarang (Ahmad Yani),Central Java,Jawa Tengah,2.611111111111111,11.0,43.47154442844455,2023,7,203,3,22,-0.4999999999999997,-0.8660254037844388,-0.34336687399638804,-0.939201357453208,Dry Season,0,5,2,0.0
2023-07-23,96839,JT,Jawa Tengah,25.0,33.0,28.7,69.0,0.0,9.1,,1011.8,,Semarang (Ahmad Yani),Central Java,Jawa Tengah,2.5277777777777777,8.0,43.04206740577781,2023,7,204,3,23,-0.4999999999999997,-0.8660254037844388,-0.3594718130884232,-0.9331559438780432,Dry Season,0,5,2,0.0
2023-07-24,96839,JT,Jawa Tengah,24.6,32.3,28.4,70.0,0.0,10.2,,1011.5,,Semarang (Ahmad Yani),Central Java,Jawa Tengah,2.833333333333333,7.699999999999996,41.30118542689561,2023,7,205,3,24,-0.4999999999999997,-0.8660254037844388,-0.3754703786876202,-0.9268343944460494,Dry Season,0,5,2,0.0
2023-07-25,96839,JT,Jawa Tengah,25.0,33.0,28.6,72.0,0.0,11.7,,1011.5,,Semarang (Ahmad Yani),Central Java,Jawa Tengah,3.2499999999999996,8.0,44.346909852444576,2023,7,206,3,25,-0.4999999999999997,-0.8660254037844388,-0.3913578365610259,-0.9202385798054075,Dry Season,0,5,2,0.0
2023-07-26,96839,JT,Jawa Tengah,23.3,34.0,28.4,66.0,0.0,10.1,,1012.1,,Semarang (Ahmad Yani),Central Java,Jawa Tengah,2.8055555555555554,10.7,44.840348247111166,2023,7,207,3,26,-0.4999999999999997,-0.8660254037844388,-0.4071294853542516,-0.9133704517637858,Dry Season,0,5,2,0.0
2023-07-27,96839,JT,Jawa Tengah,23.0,33.0,27.8,60.0,0.0,10.5,,1012.4,,Semarang (Ahmad Yani),Central Java,Jawa Tengah,2.9166666666666665,10.0,39.51791192177781,2023,7,208,3,27,-0.4999999999999997,-0.8660254037844388,-0.4227806579826773,-0.9062320427107697,Dry Season,0,5,2,0.0
2023-07-28,96839,JT,Jawa Tengah,23.0,33.0,27.9,65.0,0.0,8.6,,1011.8,,Semarang (Ahmad Yani),Central Java,Jawa Tengah,2.388888888888889,10.0,41.403484995111086,2023,7,209,3,28,-0.4999999999999997,-0.8660254037844388,-0.4383067230125192,-0.898825465016444,Dry Season,0,5,2,0.0
2023-07-29,96839,JT,Jawa Tengah,23.0,34.0,28.1,64.0,0.0,11.7,,1011.9,,Semarang (Ahmad Yani),Central Java,Jawa Tengah,3.2499999999999996,11.0,43.91961232755558,2023,7,210,3,29,-0.4999999999999997,-0.8660254037844388,-0.45370308603134424,-0.8911529104063088,Dry Season,0,5,2,0.0
2023-07-30,96839,JT,Jawa Tengah,24.2,33.7,28.5,58.0,0.0,10.7,,1011.8,,Semarang (Ahmad Yani),Central Java,Jawa Tengah,2.972222222222222,9.500000000000004,40.57040608521554,2023,7,211,3,30,-0.4999999999999997,-0.8660254037844388,-0.46896519100763184,-0.8832166493127127,Dry Season,0,5,2,0.0
2023-07-31,96839,JT,Jawa Tengah,23.0,34.0,28.5,62.0,0.0,10.0,,1011.5,,Semarang (Ahmad Yani),Central Java,Jawa Tengah,2.7777777777777777,11.0,43.03167656977783,2023,7,212,3,31,-0.4999999999999997,-0.8660254037844388,-0.48408852163897587,-0.8750190302029955,Dry Season,0,5,2,0.0
2023-08-01,96839,JT,Jawa Tengah,24.8,34.0,29.5,59.0,0.0,14.8,,1011.5,,Semarang (Ahmad Yani),Central Java,Jawa Tengah,4.111111111111112,9.2,41.761273236444495,2023,8,213,3,1,-0.8660254037844385,-0.5000000000000004,-0.4990686026885319,-0.8665624788845385,Dry Season,0,5,2,0.0
2023-08-02,96839,JT,Jawa Tengah,27.0,35.0,29.6,68.0,0.0,14.2,,1012.5,,Semarang (Ahmad Yani),Central Java,Jawa Tengah,3.944444444444444,8.0,49.20924354444452,2023,8,214,3,2,-0.8660254037844385,-0.5000000000000004,-0.5139010013093103,-0.8578494977869301,Dry Season,0,5,2,0.0
2023-08-03,96839,JT,Jawa Tengah,25.0,34.0,29.4,67.0,0.0,11.7,,1013.0,,Semarang (Ahmad Yani),Central Java,Jawa Tengah,3.2499999999999996,9.0,45.31301626755559,2023,8,215,3,3,-0.8660254037844385,-0.5000000000000004,-0.5285813283559292,-0.8488826652214553,Dry Season,0,5,2,0.0
2023-08-04,96839,JT,Jawa Tengah,25.0,34.1,29.0,65.0,0.1,9.5,,1014.2,,Semarang (Ahmad Yani),Central Java,Jawa Tengah,2.638888888888889,9.100000000000001,44.685915053271124,2023,8,216,3,4,-0.8660254037844385,-0.5000000000000004,-0.5431052396834317,-0.8396646346181327,Dry Season,0,5,2,0.1
2023-08-05,96839,JT,Jawa Tengah,23.0,34.5,28.5,65.0,0.0,8.4,,1013.8,,Semarang (Ahmad Yani),Central Java,Jawa Tengah,2.3333333333333335,11.5,45.94931830511106,2023,8,217,3,5,-0.8660254037844385,-0.5000000000000004,-0.5574684374327892,-0.8301981337405212,Dry Season,0,5,2,0.0
2023-08-06,96839,JT,Jawa Tengah,25.0,33.6,29.1,68.0,0.0,8.2,,1012.7,,Semarang (Ahmad Yani),Central Java,Jawa Tengah,2.2777777777777777,8.600000000000001,44.49579548988439,2023,8,218,3,6,-0.8660254037844385,-0.5000000000000004,-0.5716666713027052,-0.8204859638785327,Dry Season,0,5,2,0.0
2023-08-07,96839,JT,Jawa Tengah,25.0,34.0,28.6,71.0,0.4,11.0,,1011.8,,Semarang (Ahmad Yani),Central Java,Jawa Tengah,3.0555555555555554,9.0,47.28568875377776,2023,8,219,3,7,-0.8660254037844385,-0.5000000000000004,-0.5856957398073508,-0.8105309990194823,Dry Season,0,5,2,0.4
2023-08-08,96839,JT,Jawa Tengah,24.0,33.0,27.9,75.0,0.2,13.3,,1012.3,,Semarang (Ahmad Yani),Central Java,Jawa Tengah,3.6944444444444446,9.0,45.71681427511123,2023,8,220,3,8,-0.8660254037844385,-0.5000000000000004,-0.5995514915196489,-0.8003361849976323,Dry Season,0,5,2,0.2
2023-08-09,96839,JT,Jawa Tengah,24.0,33.7,28.3,67.0,0.0,13.1,,1013.1,,Semarang (Ahmad Yani),Central Java,Jawa Tengah,3.638888888888889,9.700000000000003,44.35644912843562,2023,8,221,3,9,-0.8660254037844385,-0.5000000000000004,-0.6132298262997502,-0.7899045386224707,Dry Season,0,5,2,0.0
2023-08-10,96839,JT,Jawa Tengah,25.0,32.0,28.3,70.0,0.0,10.7,,1013.0,,Semarang (Ahmad Yani),Central Java,Jawa Tengah,2.972222222222222,7.0,40.40927367955577,2023,8,222,3,10,-0.8660254037844385,-0.5000000000000004,-0.6267266965083301,-0.7792391467859886,Dry Season,0,5,2,0.0
2023-08-11,96839,JT,Jawa Tengah,22.0,33.0,27.4,67.0,0.0,8.9,,1012.7,,Semarang (Ahmad Yani),Central Java,Jawa Tengah,2.4722222222222223,11.0,42.20831798355553,2023,8,223,3,11,-0.8660254037844385,-0.5000000000000004,-0.6400381082043503,-0.7683431655492202,Dry Season,0,5,2,0.0
2023-08-12,96839,JT,Jawa Tengah,22.0,34.0,27.4,65.0,0.0,10.6,,1011.8,,Semarang (Ahmad Yani),Central Java,Jawa Tengah,2.944444444444444,12.0,44.37588026711102,2023,8,224,3,12,-0.8660254037844385,-0.5000000000000004,-0.65316012232693,-0.7572198192083127,Dry Season,0,5,2,0.0
2023-08-13,96839,JT,Jawa Tengah,22.9,34.0,28.2,64.0,0.0,11.1,,1011.7,,Semarang (Ahmad Yani),Central Java,Jawa Tengah,3.083333333333333,11.100000000000001,43.91961232755558,2023,8,225,3,13,-0.8660254037844385,-0.5000000000000004,-0.666088855860977,-0.7458723993404063,Dry Season,0,5,2,0.0
2023-08-14,96839,JT,Jawa Tengah,24.0,34.1,28.5,64.0,0.0,11.5,,1011.7,,Semarang (Ahmad Yani),Central Java,Jawa Tengah,3.194444444444444,10.100000000000001,44.22298514097555,2023,8,226,3,14,-0.8660254037844385,-0.5000000000000004,-0.6788204829862355,-0.734304263829602,Dry Season,0,5,2,0.0
2023-08-15,96839,JT,Jawa Tengah,24.0,33.2,28.5,68.0,0.0,10.6,,1012.5,,Semarang (Ahmad Yani),Central Java,Jawa Tengah,2.944444444444444,9.200000000000003,43.23659513580451,2023,8,227,3,15,-0.8660254037844385,-0.5000000000000004,-0.6913512362094071,-0.722518835873311,Dry Season,0,5,2,0.0
2023-08-16,96839,JT,Jawa Tengah,24.0,33.0,28.3,66.0,0.0,9.4,,1012.6,,Semarang (Ahmad Yani),Central Java,Jawa Tengah,2.611111111111111,9.0,41.80228693511116,2023,8,228,3,16,-0.8660254037844385,-0.5000000000000004,-0.7036774074790128,-0.7105196029692745,Dry Season,0,5,2,0.0
2023-08-17,96839,JT,Jawa Tengah,23.0,33.3,28.2,63.0,0.0,10.4,,1011.6,,Semarang (Ahmad Yani),Central Java,Jawa Tengah,2.888888888888889,10.299999999999997,41.45707028340455,2023,8,229,3,17,-0.8660254037844385,-0.5000000000000004,-0.7157953492826642,-0.6983101158835584,Dry Season,0,5,2,0.0
2023-08-18,96839,JT,Jawa Tengah,23.0,33.0,28.1,63.0,0.0,7.9,,1011.3,,Semarang (Ahmad Yani),Central Java,Jawa Tengah,2.1944444444444446,10.0,40.627568440444655,2023,8,230,3,18,-0.8660254037844385,-0.5000000000000004,-0.7277014757264236,-0.6858939875998223,Dry Season,0,5,2,0.0
2023-08-19,96839,JT,Jawa Tengah,24.0,34.0,28.2,66.0,0.0,9.5,,1011.1,,Semarang (Ahmad Yani),Central Java,Jawa Tengah,2.638888888888889,10.0,44.840348247111166,2023,8,231,3,19,-0.8660254037844385,-0.5000000000000004,-0.7393922635959241,-0.673274892250183,Dry Season,0,5,2,0.0
2023-08-20,96839,JT,Jawa Tengah,25.8,34.5,29.5,62.0,0.0,13.2,,1011.3,,Semarang (Ahmad Yani),Central Java,Jawa Tengah,3.6666666666666665,8.7,44.50557550327788,2023,8,232,3,20,-0.8660254037844385,-0.5000000000000004,-0.7508642533989489,-0.6604565640279754,Dry Season,0,5,2,0.0
2023-08-21,96839,JT,Jawa Tengah,24.0,34.7,28.8,65.0,0.0,9.1,,1011.0,,Semarang (Ahmad Yani),Central Java,Jawa Tengah,2.5277777777777777,10.700000000000003,46.594978395351205,2023,8,233,3,21,-0.8660254037844385,-0.5000000000000004,-0.7621140503891487,-0.6474427960827475,Dry Season,0,5,2,0.0
2023-08-22,96839,JT,Jawa Tengah,25.7,34.0,29.2,64.0,0.0,11.5,,1010.6,,Semarang (Ahmad Yani),Central Java,Jawa Tengah,3.194444444444444,8.3,43.91961232755558,2023,8,234,3,22,-0.8660254037844385,-0.5000000000000004,-0.7731383255706026,-0.6342374393978054,Dry Season,0,5,2,0.0
2023-08-23,96839,JT,Jawa Tengah,23.0,34.2,28.4,67.0,0.0,10.7,,1011.1,,Semarang (Ahmad Yani),Central Java,Jawa Tengah,2.972222222222222,11.200000000000003,45.96270752883564,2023,8,235,3,23,-0.8660254037844385,-0.5000000000000004,-0.7839338166829201,-0.620844401650647,Dry Season,0,5,2,0.0
2023-08-24,96839,JT,Jawa Tengah,24.0,35.0,29.1,62.0,0.0,13.9,,1010.6,,Semarang (Ahmad Yani),Central Java,Jawa Tengah,3.861111111111111,11.0,46.03499947777781,2023,8,236,3,24,-0.8660254037844385,-0.5000000000000004,-0.7944973291665992,-0.6072676460566135,Dry Season,0,5,2,0.0
2023-08-25,96839,JT,Jawa Tengah,25.0,34.0,29.1,66.0,0.0,11.8,,1010.9,,Semarang (Ahmad Yani),Central Java,Jawa Tengah,3.2777777777777777,9.0,44.840348247111166,2023,8,237,3,25,-0.8660254037844385,-0.5000000000000004,-0.8048257371083452,-0.593511190196115,Dry Season,0,5,2,0.0
2023-08-26,96839,JT,Jawa Tengah,25.0,33.0,28.9,67.0,0.3,10.4,,1010.8,,Semarang (Ahmad Yani),Central Java,Jawa Tengah,2.888888888888889,8.0,42.20831798355553,2023,8,238,3,26,-0.8660254037844385,-0.5000000000000004,-0.8149159841660791,-0.5795791048257612,Dry Season,0,5,2,0.3
2023-08-27,96839,JT,Jawa Tengah,25.7,33.0,29.0,64.0,0.0,10.4,,1010.8,,Semarang (Ahmad Yani),Central Java,Jawa Tengah,2.888888888888889,7.300000000000001,41.0119121635556,2023,8,239,3,27,-0.8660254037844385,-0.5000000000000004,-0.8247650844733614,-0.5654755126737576,Dry Season,0,5,2,0.0
2023-08-28,96839,JT,Jawa Tengah,23.0,33.6,28.4,63.0,0.0,13.4,,1010.6,,Semarang (Ahmad Yani),Central Java,Jawa Tengah,3.7222222222222223,10.600000000000001,42.30687865788438,2023,8,240,3,28,-0.8660254037844385,-0.5000000000000004,-0.8343701235229538,-0.5512045872199277,Dry Season,0,5,2,0.0
2023-08-29,96839,JT,Jawa Tengah,25.0,35.0,28.8,64.0,0.0,11.7,,1010.2,,Semarang (Ahmad Yani),Central Java,Jawa Tengah,3.2499999999999996,10.0,47.056454255555614,2023,8,241,3,29,-0.8660254037844385,-0.5000000000000004,-0.8437282590292712,-0.5367705514607103,Dry Season,0,5,2,0.0
2023-08-30,96839,JT,Jawa Tengah,23.7,34.1,28.8,63.0,0.0,12.7,,1011.0,,Semarang (Ahmad Yani),Central Java,Jawa Tengah,3.5277777777777777,10.400000000000002,43.768351574284445,2023,8,242,3,30,-0.8660254037844385,-0.5000000000000004,-0.8528367217694595,-0.522177676659508,Dry Season,0,5,2,0.0
2023-08-31,96839,JT,Jawa Tengah,25.4,33.4,28.9,66.0,0.0,11.1,,1011.6,,Semarang (Ahmad Yani),Central Java,Jawa Tengah,3.083333333333333,8.0,42.989176333671146,2023,8,243,3,31,-0.8660254037844385,-0.5000000000000004,-0.8616928164028522,-0.5074302810827518,Dry Season,0,5,2,0.0
2023-09-01,96839,JT,Jawa Tengah,22.5,34.0,28.3,64.0,0.0,9.3,,1011.3,,Semarang (Ahmad Yani),Central Java,Jawa Tengah,2.5833333333333335,11.5,43.91961232755558,2023,9,244,3,1,-1.0,-1.8369701987210297e-16,-0.8702939222685674,-0.49253272872205434,Dry Season,0,5,2,0.0
2023-09-02,96839,JT,Jawa Tengah,23.9,34.0,28.3,59.0,0.0,11.6,,1010.7,,Semarang (Ahmad Yani),Central Java,Jawa Tengah,3.222222222222222,10.100000000000001,41.761273236444495,2023,9,245,3,2,-1.0,-1.8369701987210297e-16,-0.8786374941610001,-0.4774894280028391,Dry Season,0,5,2,0.0
2023-09-03,96839,JT,Jawa Tengah,24.0,35.0,28.5,54.0,0.0,11.2,,1010.5,,Semarang (Ahmad Yani),Central Java,Jawa Tengah,3.1111111111111107,11.0,42.31544614444458,2023,9,246,3,3,-1.0,-1.8369701987210297e-16,-0.886721063082993,-0.46230483047981086,Dry Season,0,5,2,0.0
2023-09-04,96839,JT,Jawa Tengah,22.0,35.0,28.2,57.0,0.0,8.9,,1009.8,,Semarang (Ahmad Yani),Central Java,Jawa Tengah,2.4722222222222223,13.0,43.64160381111126,2023,9,247,3,4,-1.0,-1.8369701987210297e-16,-0.8945422369764496,-0.4469834295196741,Dry Season,0,5,2,0.0
2023-09-05,96839,JT,Jawa Tengah,23.6,35.0,28.7,56.0,0.0,10.9,,1010.6,,Semarang (Ahmad Yani),Central Java,Jawa Tengah,3.0277777777777777,11.399999999999999,43.190394611111124,2023,9,248,3,5,-1.0,-1.8369701987210297e-16,-0.9020987014301837,-0.43152975897147144,Dry Season,0,5,2,0.0
2023-09-06,96839,JT,Jawa Tengah,23.6,33.0,28.4,64.0,0.0,9.7,,1011.4,,Semarang (Ahmad Yani),Central Java,Jawa Tengah,2.694444444444444,9.399999999999999,41.0119121635556,2023,9,249,3,6,-1.0,-1.8369701987210297e-16,-0.9093882203647925,-0.4159483918249421,Dry Season,0,5,2,0.0
2023-09-07,96839,JT,Jawa Tengah,24.0,34.0,28.6,65.0,0.0,9.1,,1011.7,,Semarang (Ahmad Yani),Central Java,Jawa Tengah,2.5277777777777777,10.0,44.37588026711102,2023,9,250,3,7,-1.0,-1.8369701987210297e-16,-0.9164086366943458,-0.4002439388573056,Dry Season,0,5,2,0.0
2023-09-08,96839,JT,Jawa Tengah,25.0,34.5,29.0,64.0,0.0,8.6,,1011.6,,Semarang (Ahmad Yani),Central Java,Jawa Tengah,2.388888888888889,9.5,45.45939057105564,2023,9,251,3,8,-1.0,-1.8369701987210297e-16,-0.9231578729647039,-0.38442104726885545,Dry Season,0,5,2,0.0
2023-09-09,96839,JT,Jawa Tengah,24.0,34.6,28.8,58.0,0.0,11.6,,1011.1,,Semarang (Ahmad Yani),Central Java,Jawa Tengah,3.222222222222222,10.600000000000001,42.97792260579562,2023,9,252,3,9,-1.0,-1.8369701987210297e-16,-0.9296339319682695,-0.3684843993077793,Dry Season,0,5,2,0.0
2023-09-10,96839,JT,Jawa Tengah,24.0,35.0,29.1,57.0,0.0,11.0,,1011.7,,Semarang (Ahmad Yani),Central Java,Jawa Tengah,3.0555555555555554,11.0,43.64160381111126,2023,9,253,3,10,-1.0,-1.8369701987210297e-16,-0.9358348973349941,-0.35243871088460327,Dry Season,0,5,2,0.0
2023-09-11,96839,JT,Jawa Tengah,25.0,36.0,29.5,60.0,0.2,10.0,,1011.4,,Semarang (Ahmad Yani),Central Java,Jawa Tengah,2.7777777777777777,11.0,48.138802833777845,2023,9,254,3,11,-1.0,-1.8369701987210297e-16,-0.9417589340994617,-0.33628873017668287,Dry Season,0,5,2,0.2
2023-09-12,96839,JT,Jawa Tengah,25.0,37.0,29.7,64.0,0.9,9.5,,1012.0,,Semarang (Ahmad Yani),Central Java,Jawa Tengah,2.638888888888889,12.0,54.017563403555535,2023,9,255,3,12,-1.0,-1.8369701987210297e-16,-0.9474042892438845,-0.32003923622313857,Dry Season,0,5,2,0.9
2023-09-13,96839,JT,Jawa Tengah,25.0,35.0,29.7,62.0,0.0,10.5,,1011.7,,Semarang (Ahmad Yani),Central Java,Jawa Tengah,2.9166666666666665,10.0,46.03499947777781,2023,9,256,3,13,-1.0,-1.8369701987210297e-16,-0.9527692922168511,-0.30369503751065885,Dry Season,0,5,2,0.0
2023-09-14,96839,JT,Jawa Tengah,26.2,35.0,29.4,64.0,2.1,11.0,,1011.9,,Semarang (Ahmad Yani),Central Java,Jawa Tengah,3.0555555555555554,8.8,47.056454255555614,2023,9,257,3,14,-1.0,-1.8369701987210297e-16,-0.9578523554276669,-0.28726097055059635,Dry Season,0,5,2,2.1
2023-09-15,96839,JT,Jawa Tengah,24.0,35.5,29.0,62.0,0.0,9.9,,1011.5,,Semarang (Ahmad Yani),Central Java,Jawa Tengah,2.75,11.5,47.61994849327784,2023,9,258,3,15,-1.0,-1.8369701987210297e-16,-0.9626519747161487,-0.2707418984477642,Dry Season,0,5,2,0.0
2023-09-16,96839,JT,Jawa Tengah,25.0,34.0,29.0,70.0,0.3,11.2,,1011.4,,Semarang (Ahmad Yani),Central Java,Jawa Tengah,3.1111111111111107,9.0,46.78022057155552,2023,9,259,3,16,-1.0,-1.8369701987210297e-16,-0.9671667297977312,-0.2541427094613622,Dry Season,0,5,2,0.3
2023-09-17,96839,JT,Jawa Tengah,26.0,35.0,29.5,65.0,2.8,12.2,,1010.9,,Semarang (Ahmad Yani),Central Java,Jawa Tengah,3.3888888888888884,9.0,47.58091661111112,2023,9,260,3,17,-1.0,-1.8369701987210297e-16,-0.97139528468375,-0.23746831555846842,Dry Season,0,5,2,2.8
2023-09-18,96839,JT,Jawa Tengah,26.0,34.5,29.5,63.0,0.2,10.3,,1010.6,,Semarang (Ahmad Yani),Central Java,Jawa Tengah,2.861111111111111,8.5,44.978142970444615,2023,9,261,3,18,-1.0,-1.8369701987210297e-16,-0.9753363880767837,-0.2207236509605022,Dry Season,0,5,2,0.2
2023-09-19,96839,JT,Jawa Tengah,24.0,35.0,28.9,60.0,0.0,11.6,,1010.7,,Semarang (Ahmad Yani),Central Java,Jawa Tengah,3.222222222222222,11.0,45.05017127777784,2023,9,262,3,19,-1.0,-1.8369701987210297e-16,-0.9789888737409319,-0.20391367068311472,Dry Season,0,5,2,0.0
2023-09-20,96839,JT,Jawa Tengah,23.9,35.1,29.0,62.0,0.4,13.7,,1010.5,,Semarang (Ahmad Yani),Central Java,Jawa Tengah,3.8055555555555554,11.200000000000003,46.34754727759793,2023,9,263,3,20,-1.0,-1.8369701987210297e-16,-0.9823516608469237,-0.18704334906991657,Dry Season,0,5,2,0.4
2023-09-21,96839,JT,Jawa Tengah,24.0,36.0,29.7,60.0,0.0,10.0,,1010.8,,Semarang (Ahmad Yani),Central Java,Jawa Tengah,2.7777777777777777,12.0,48.138802833777845,2023,9,264,3,21,-1.0,-1.8369701987210297e-16,-0.9854237542919524,-0.17011767832049052,Dry Season,0,5,2,0.0
2023-09-22,96839,JT,Jawa Tengah,24.0,34.2,28.9,59.0,0.0,9.8,,1010.9,,Semarang (Ahmad Yani),Central Java,Jawa Tengah,2.7222222222222223,10.200000000000003,42.306402593724485,2023,9,265,3,22,-1.0,-1.8369701987210297e-16,-0.9882042449941422,-0.15314166701312007,Dry Season,0,5,2,0.0
2023-09-23,96839,JT,Jawa Tengah,24.0,34.0,29.1,58.0,0.0,10.2,,1010.9,,Semarang (Ahmad Yani),Central Java,Jawa Tengah,2.833333333333333,10.0,41.35420553955563,2023,9,266,3,23,-1.0,-1.8369701987210297e-16,-0.9906923101615609,-0.13612033862266704,Dry Season,0,5,2,0.0
2023-09-24,96839,JT,Jawa Tengah,23.4,35.7,29.4,60.0,0.0,11.3,,1010.6,,Semarang (Ahmad Yani),Central Java,Jawa Tengah,3.138888888888889,12.300000000000004,47.18963823551781,2023,9,267,3,24,-1.0,-1.8369701987210297e-16,-0.9928872135356962,-0.11905873003404988,Dry Season,0,5,2,0.0
2023-09-25,96839,JT,Jawa Tengah,26.0,37.0,30.7,56.0,0.6,10.7,,1010.4,,Semarang (Ahmad Yani),Central Java,Jawa Tengah,2.972222222222222,11.0,49.04373777511103,2023,9,268,3,25,-1.0,-1.8369701987210297e-16,-0.994788305609327,-0.10196189005174576,Dry Season,0,5,2,0.6
2023-09-26,96839,JT,Jawa Tengah,24.0,37.0,30.0,53.0,0.0,10.4,,1010.4,,Semarang (Ahmad Yani),Central Java,Jawa Tengah,2.888888888888889,13.0,47.360496493777696,2023,9,269,3,26,-1.0,-1.8369701987210297e-16,-0.9963950238187231,-0.08483487790576538,Dry Season,0,5,2,0.0
2023-09-27,96839,JT,Jawa Tengah,24.0,37.0,30.1,56.0,0.0,9.8,,1010.6,,Semarang (Ahmad Yani),Central Java,Jawa Tengah,2.7222222222222223,13.0,49.04373777511103,2023,9,270,3,27,-1.0,-1.8369701987210297e-16,-0.9977068927101168,-0.06768276175455162,Dry Season,0,5,2,0.0
2023-09-28,96839,JT,Jawa Tengah,24.0,36.0,29.7,59.0,0.0,11.8,,1010.9,,Semarang (Ahmad Yani),Central Java,Jawa Tengah,3.2777777777777777,12.0,47.59314135644466,2023,9,271,3,28,-1.0,-1.8369701987210297e-16,-0.9987235240803972,-0.050510617185222886,Dry Season,0,5,2,0.0
2023-09-29,96839,JT,Jawa Tengah,25.0,36.2,29.8,64.0,0.0,12.9,,1011.9,,Semarang (Ahmad Yani),Central Java,Jawa Tengah,3.5833333333333335,11.200000000000003,51.123131697635586,2023,9,272,3,29,-1.0,-1.8369701987210297e-16,-0.9994446170919858,-0.033323525711631344,Dry Season,0,5,2,0.0
2023-09-30,96839,JT,Jawa Tengah,26.0,35.0,29.7,66.0,0.0,11.4,,1012.2,,Semarang (Ahmad Yani),Central Java,Jawa Tengah,3.1666666666666665,9.0,48.11453561111123,2023,9,273,3,30,-1.0,-1.8369701987210297e-16,-0.9998699583618592,-0.016126573270657762,Dry Season,0,5,2,0.0
2023-10-01,96839,JT,Jawa Tengah,24.9,34.4,29.3,64.0,0.0,9.8,,1011.7,,Semarang (Ahmad Yani),Central Java,Jawa Tengah,2.7222222222222223,9.5,45.1468520870756,2023,10,274,4,1,-0.8660254037844386,0.5000000000000001,-0.9999994220246925,0.001075151282798226,Transition,2,5,2,0.0
2023-10-02,96839,JT,Jawa Tengah,25.0,35.8,30.4,56.0,0.7,12.7,,1012.1,,Semarang (Ahmad Yani),Central Java,Jawa Tengah,3.5277777777777777,10.799999999999997,45.435428760551154,2023,10,275,4,2,-0.8660254037844386,0.5000000000000001,-0.999832969770105,0.018276557681691223,Transition,2,5,2,0.7
2023-10-03,96839,JT,Jawa Tengah,23.7,34.2,29.3,62.0,0.4,10.1,,1012.6,,Semarang (Ahmad Yani),Central Java,Jawa Tengah,2.8055555555555554,10.500000000000004,43.61457313825787,2023,10,276,4,3,-0.8660254037844386,0.5000000000000001,-0.9993706508539969,0.03547255575312556,Transition,2,5,2,0.4
2023-10-04,96839,JT,Jawa Tengah,26.0,35.8,30.1,64.0,0.0,10.7,,1011.9,,Semarang (Ahmad Yani),Central Java,Jawa Tengah,2.972222222222222,9.799999999999997,49.73090986803565,2023,10,277,4,4,-0.8660254037844386,0.5000000000000001,-0.9986126020839734,0.052658056924614005,Transition,2,5,2,0.0
2023-10-05,96839,JT,Jawa Tengah,26.0,34.0,29.8,68.0,0.0,9.7,,1011.1,,Semarang (Ahmad Yani),Central Java,Jawa Tengah,2.694444444444444,8.0,45.79388432844457,2023,10,278,4,5,-0.8660254037844386,0.5000000000000001,-0.9975590477788613,0.06982797572987089,Transition,2,5,2,0.0
2023-10-06,96839,JT,Jawa Tengah,24.7,37.0,30.4,64.0,0.0,11.0,,1011.0,,Semarang (Ahmad Yani),Central Java,Jawa Tengah,3.0555555555555554,12.3,54.017563403555535,2023,10,279,4,6,-0.8660254037844386,0.5000000000000001,-0.9962102997023297,0.0869772313136861,Transition,2,5,2,0.0
2023-10-07,96839,JT,Jawa Tengah,25.0,36.0,30.1,65.0,2.8,11.2,,1011.2,,Semarang (Ahmad Yani),Central Java,Jawa Tengah,3.1111111111111107,11.0,51.01859402711115,2023,10,280,4,7,-0.8660254037844386,0.5000000000000001,-0.9945667569706337,0.1041007489354256,Transition,2,5,2,2.8
2023-10-08,96839,JT,Jawa Tengah,26.0,36.5,31.1,58.0,0.1,13.1,,1011.7,,Semarang (Ahmad Yani),Central Java,Jawa Tengah,3.638888888888889,10.5,48.613325257055536,2023,10,281,4,8,-0.8660254037844386,0.5000000000000001,-0.9926289059345095,0.121193461470736,Transition,2,5,2,0.1
2023-10-09,96839,JT,Jawa Tengah,27.0,36.0,30.3,64.0,0.1,11.8,,1012.1,,Semarang (Ahmad Yani),Central Java,Jawa Tengah,3.2777777777777777,9.0,50.42243794755569,2023,10,282,4,9,-0.8660254037844386,0.5000000000000001,-0.9903973200352558,0.1382503109109819,Transition,2,5,2,0.1
2023-10-10,96839,JT,Jawa Tengah,27.0,35.0,30.0,69.0,1.9,10.8,,1011.9,,Semarang (Ahmad Yani),Central Java,Jawa Tengah,3.0,8.0,49.77033247777789,2023,10,283,4,10,-0.8660254037844386,0.5000000000000001,-0.9878726596350429,0.15526624985999563,Transition,2,5,2,1.9
2023-10-11,96839,JT,Jawa Tengah,25.4,33.6,29.9,70.0,0.5,10.6,,1011.4,,Semarang (Ahmad Yani),Central Java,Jawa Tengah,2.944444444444444,8.200000000000003,45.426055931715474,2023,10,284,4,11,-0.8660254037844386,0.5000000000000001,-0.9850556718215013,0.172236243027682,Transition,2,5,2,0.5
2023-10-12,96839,JT,Jawa Tengah,26.0,37.0,30.7,60.0,0.0,11.4,,1012.0,,Semarang (Ahmad Yani),Central Java,Jawa Tengah,3.1666666666666665,11.0,51.442435641777735,2023,10,285,4,12,-0.8660254037844386,0.5000000000000001,-0.981947190186646,0.18915526872004093,Transition,2,5,2,0.0
2023-10-13,96839,JT,Jawa Tengah,26.0,34.0,29.9,65.0,0.0,11.1,,1011.8,,Semarang (Ahmad Yani),Central Java,Jawa Tengah,3.083333333333333,8.0,44.37588026711102,2023,10,286,4,13,-0.8660254037844386,0.5000000000000001,-0.9785481345802031,0.20601832032517084,Transition,2,5,2,0.0
2023-10-14,96839,JT,Jawa Tengah,24.9,37.0,30.0,68.0,5.4,9.4,,1011.1,,Semarang (Ahmad Yani),Central Java,Jawa Tengah,2.611111111111111,12.100000000000001,56.769121060444434,2023,10,287,4,14,-0.8660254037844386,0.5000000000000001,-0.9748595108374125,0.22282040779479959,Transition,2,5,2,5.4
2023-10-15,96839,JT,Jawa Tengah,26.0,36.8,31.1,59.0,0.0,14.5,,1010.9,,Semarang (Ahmad Yani),Central Java,Jawa Tengah,4.027777777777778,10.799999999999997,50.162690544924565,2023,10,288,4,15,-0.8660254037844386,0.5000000000000001,-0.9708824104813836,0.23955655912092708,Transition,2,5,2,0.0
2023-10-16,96839,JT,Jawa Tengah,28.0,36.1,30.6,63.0,0.3,9.9,,1010.6,,Semarang (Ahmad Yani),Central Java,Jawa Tengah,2.75,8.100000000000001,50.17831355988463,2023,10,289,4,16,-0.8660254037844386,0.5000000000000001,-0.9666180104000972,0.2562218218071163,Transition,2,5,2,0.3
2023-10-17,96839,JT,Jawa Tengah,27.0,37.0,31.4,51.0,0.0,11.3,,1010.8,,Semarang (Ahmad Yani),Central Java,Jawa Tengah,3.138888888888889,10.0,46.29346998177769,2023,10,290,4,17,-0.8660254037844386,0.5000000000000001,-0.9620675724981452,0.27281126433401914,Transition,2,5,2,0.0
2023-10-18,96839,JT,Jawa Tengah,25.0,37.1,30.3,58.0,0.0,10.9,,1011.4,,Semarang (Ahmad Yani),Central Java,Jawa Tengah,3.0277777777777777,12.100000000000001,50.548809865295674,2023,10,291,4,18,-0.8660254037844386,0.5000000000000001,-0.957232443323312,0.28931997761869527,Transition,2,5,2,0.0
2023-10-19,96839,JT,Jawa Tengah,26.3,34.0,30.1,64.0,2.0,12.8,,1012.0,,Semarang (Ahmad Yani),Central Java,Jawa Tengah,3.555555555555556,7.699999999999999,43.91961232755558,2023,10,292,4,19,-0.8660254037844386,0.5000000000000001,-0.9521140536681102,0.3057430764672831,Transition,2,5,2,2.0
2023-10-20,96839,JT,Jawa Tengah,26.6,36.6,30.7,62.0,0.3,12.0,,1011.6,,Semarang (Ahmad Yani),Central Java,Jawa Tengah,3.333333333333333,10.0,51.30228447169779,2023,10,293,4,20,-0.8660254037844386,0.5000000000000001,-0.9467139181463862,0.3220757010206104,Transition,2,5,2,0.3
2023-10-21,96839,JT,Jawa Tengah,26.8,33.0,29.7,70.0,2.3,10.5,,1011.7,,Semarang (Ahmad Yani),Central Java,Jawa Tengah,2.9166666666666665,6.199999999999999,43.469785779555686,2023,10,294,4,21,-0.8660254037844386,0.5000000000000001,-0.9410336347451197,0.3383130181923076,Transition,2,5,2,2.3
2023-10-22,96839,JT,Jawa Tengah,27.0,34.0,30.4,68.0,0.0,10.6,,1012.1,,Semarang (Ahmad Yani),Central Java,Jawa Tengah,2.944444444444444,7.0,45.79388432844457,2023,10,295,4,22,-0.8660254037844386,0.5000000000000001,-0.9350748843515574,0.3544502230989869,Transition,2,5,2,0.0
2023-10-23,96839,JT,Jawa Tengah,27.4,36.0,30.1,67.0,0.7,8.4,,1011.7,,Semarang (Ahmad Yani),Central Java,Jawa Tengah,2.3333333333333335,8.600000000000001,52.24120294755578,2023,10,296,4,23,-0.8660254037844386,0.5000000000000001,-0.9288394302558068,0.3704825404820963,Transition,2,5,2,0.7
2023-10-24,96839,JT,Jawa Tengah,24.0,33.0,29.0,72.0,6.5,10.8,,1011.9,,Semarang (Ahmad Yani),Central Java,Jawa Tengah,3.0,9.0,44.346909852444576,2023,10,297,4,24,-0.8660254037844386,0.5000000000000001,-0.9223291176290545,0.3864052261209853,Transition,2,5,2,6.5
2023-10-25,96839,JT,Jawa Tengah,25.0,35.0,29.5,71.0,2.9,10.1,,1012.2,,Semarang (Ahmad Yani),Central Java,Jawa Tengah,2.8055555555555554,10.0,50.91998027777778,2023,10,298,4,25,-0.8660254037844386,0.5000000000000001,-0.9155458729775467,0.40221356823680365,Transition,2,5,2,2.9
2023-10-26,96839,JT,Jawa Tengah,25.0,34.2,29.3,72.0,0.0,9.7,,1012.0,,Semarang (Ahmad Yani),Central Java,Jawa Tengah,2.694444444444444,9.200000000000003,48.520654606524516,2023,10,299,4,26,-0.8660254037844386,0.5000000000000001,-0.9084917035725082,0.41790288888678667,Transition,2,5,2,0.0
2023-10-27,96839,JT,Jawa Tengah,26.0,37.2,30.9,60.0,0.5,9.3,,1011.0,,Semarang (Ahmad Yani),Central Java,Jawa Tengah,2.5833333333333335,11.200000000000003,52.12896235361771,2023,10,300,4,27,-0.8660254037844386,0.5000000000000001,-0.9011686968561569,0.4334685453485363,Transition,2,5,2,0.5
2023-10-28,96839,JT,Jawa Tengah,26.0,38.0,30.4,59.0,0.0,8.6,,1010.5,,Semarang (Ahmad Yani),Central Java,Jawa Tengah,2.388888888888889,12.0,54.27073069244454,2023,10,301,4,28,-0.8660254037844386,0.5000000000000001,-0.8935790198239952,0.4489059314938798,Transition,2,5,2,0.0
2023-10-29,96839,JT,Jawa Tengah,25.0,37.2,30.1,61.0,0.0,8.2,,1010.0,,Semarang (Ahmad Yani),Central Java,Jawa Tengah,2.2777777777777777,12.200000000000003,52.770927033795594,2023,10,302,4,29,-0.8660254037844386,0.5000000000000001,-0.8857249183835637,0.4642104791518923,Transition,2,5,2,0.0
2023-10-30,96839,JT,Jawa Tengah,24.9,35.0,30.4,63.0,0.0,9.6,,1009.6,,Semarang (Ahmad Yani),Central Java,Jawa Tengah,2.6666666666666665,10.100000000000001,46.54114854444459,2023,10,303,4,30,-0.8660254037844386,0.5000000000000001,-0.8776087166898392,0.4793776594606945,Transition,2,5,2,0.0
2023-10-31,96839,JT,Jawa Tengah,27.0,36.0,30.4,66.0,2.0,10.2,,1009.9,,Semarang (Ahmad Yani),Central Java,Jawa Tengah,2.833333333333333,9.0,51.62484902711131,2023,10,304,4,31,-0.8660254037844386,0.5000000000000001,-0.8692328164574792,0.49440298420761813,Transition,2,5,2,2.0
2023-11-01,96839,JT,Jawa Tengah,26.4,36.0,30.2,68.0,0.7,8.8,,1010.3,,Semarang (Ahmad Yani),Central Java,Jawa Tengah,2.4444444444444446,9.600000000000001,52.86765578844451,2023,11,305,4,1,-0.5000000000000004,0.8660254037844384,-0.8605996962501181,0.5092820071573356,Rainy Season,1,5,2,0.7
2023-11-02,96839,JT,Jawa Tengah,25.0,35.0,30.6,65.0,1.2,10.4,,1009.6,,Semarang (Ahmad Yani),Central Java,Jawa Tengah,2.888888888888889,10.0,47.58091661111112,2023,11,306,4,2,-0.5000000000000004,0.8660254037844384,-0.8517119107469189,0.5240103253675756,Rainy Season,1,5,2,1.2
2023-11-03,96839,JT,Jawa Tengah,25.0,36.0,30.1,67.0,4.5,9.2,,1009.4,,Semarang (Ahmad Yani),Central Java,Jawa Tengah,2.5555555555555554,11.0,52.24120294755578,2023,11,307,4,3,-0.5000000000000004,0.8660254037844384,-0.8425720899866032,0.5385835804920232,Rainy Season,1,5,2,4.5
2023-11-04,96839,JT,Jawa Tengah,25.7,33.1,28.6,81.0,3.6,8.8,,1009.7,,Semarang (Ahmad Yani),Central Java,Jawa Tengah,2.4444444444444446,7.400000000000002,49.052864761004486,2023,11,308,4,4,-0.5000000000000004,0.8660254037844384,-0.8331829385891785,0.5529974600700271,Rainy Season,1,5,2,3.6
2023-11-05,96839,JT,Jawa Tengah,24.7,34.6,29.6,74.0,4.7,11.1,,1010.3,,Semarang (Ahmad Yani),Central Java,Jawa Tengah,3.083333333333333,9.900000000000002,51.13677469383121,2023,11,309,4,5,-0.5000000000000004,0.8660254037844384,-0.8235472349556007,0.5672476988027229,Rainy Season,1,5,2,4.7
2023-11-06,96839,JT,Jawa Tengah,27.0,34.1,30.5,70.0,0.0,8.7,,1010.3,,Semarang (Ahmad Yani),Central Java,Jawa Tengah,2.4166666666666665,7.100000000000001,47.12500979881557,2023,11,310,4,6,-0.5000000000000004,0.8660254037844384,-0.8136678304455991,0.5813300798152042,Rainy Season,1,5,2,0.0
2023-11-07,96839,JT,Jawa Tengah,25.0,35.0,30.1,68.0,0.1,10.1,,1010.4,,Semarang (Ahmad Yani),Central Java,Jawa Tengah,2.8055555555555554,10.0,49.20924354444452,2023,11,311,4,7,-0.5000000000000004,0.8660254037844384,-0.8035476485339116,0.5952404359043674,Rainy Season,1,5,2,0.1
2023-11-08,96839,JT,Jawa Tengah,27.0,34.3,30.4,69.0,0.4,9.1,,1009.7,,Semarang (Ahmad Yani),Central Java,Jawa Tengah,2.5277777777777777,7.299999999999997,47.30328446665787,2023,11,312,4,8,-0.5000000000000004,0.8660254037844384,-0.7931896839451843,0.6089746507720486,Rainy Season,1,5,2,0.4
2023-11-09,96839,JT,Jawa Tengah,26.0,35.0,29.7,70.0,5.3,9.4,,1010.6,,Semarang (Ahmad Yani),Central Java,Jawa Tengah,2.611111111111111,9.0,50.340578055555646,2023,11,313,4,9,-0.5000000000000004,0.8660254037844384,-0.7825970017677834,0.6225286602431057,Rainy Season,1,5,2,5.3
2023-11-10,96839,JT,Jawa Tengah,26.0,33.5,29.2,73.0,0.1,8.3,,1011.4,,Semarang (Ahmad Yani),Central Java,Jawa Tengah,2.305555555555556,7.5,46.52625542955575,2023,11,314,4,10,-0.5000000000000004,0.8660254037844384,-0.7717727365467836,0.6358984534680745,Rainy Season,1,5,2,0.1
2023-11-11,96839,JT,Jawa Tengah,25.8,35.0,29.3,75.0,10.6,8.4,,1011.4,,Semarang (Ahmad Yani),Central Java,Jawa Tengah,2.3333333333333335,9.2,53.32915561111123,2023,11,315,4,11,-0.5000000000000004,0.8660254037844384,-0.7607200913564104,0.6490800741100398,Rainy Season,1,5,2,10.6
2023-11-12,96839,JT,Jawa Tengah,26.0,35.3,30.0,71.0,3.0,9.6,,1011.4,,Semarang (Ahmad Yani),Central Java,Jawa Tengah,2.6666666666666665,9.299999999999997,52.05966826121784,2023,11,316,4,12,-0.5000000000000004,0.8660254037844384,-0.7494423368521954,0.6620696215153815,Rainy Season,1,5,2,3.0
2023-11-13,96839,JT,Jawa Tengah,26.6,34.4,29.8,76.0,3.3,9.9,,1011.2,,Semarang (Ahmad Yani),Central Java,Jawa Tengah,2.75,7.799999999999997,51.51093204771552,2023,11,317,4,13,-0.5000000000000004,0.8660254037844384,-0.7379428103031386,0.6748632518680403,Rainy Season,1,5,2,3.3
2023-11-14,96839,JT,Jawa Tengah,25.0,35.3,29.8,76.0,9.7,9.2,,1010.8,,Semarang (Ahmad Yani),Central Java,Jawa Tengah,2.5555555555555554,10.299999999999997,55.2125209140956,2023,11,318,4,14,-0.5000000000000004,0.8660254037844384,-0.7262249146041543,0.6874571793269664,Rainy Season,1,5,2,9.7
2023-11-15,96839,JT,Jawa Tengah,25.5,34.0,29.6,76.0,2.7,8.2,,1010.9,,Semarang (Ahmad Yani),Central Java,Jawa Tengah,2.2777777777777777,8.5,49.936030271555666,2023,11,319,4,15,-0.5000000000000004,0.8660254037844384,-0.7142921172691032,0.699847677146407,Rainy Season,1,5,2,2.7
2023-11-16,96839,JT,Jawa Tengah,26.0,33.3,29.9,77.0,3.4,7.6,,1011.3,,Semarang (Ahmad Yani),Central Java,Jawa Tengah,2.111111111111111,7.299999999999997,47.784851117324514,2023,11,320,4,16,-0.5000000000000004,0.8660254037844384,-0.7021479494046978,0.7120310787787131,Rainy Season,1,5,2,3.4
2023-11-17,96839,JT,Jawa Tengah,26.6,33.1,29.8,76.0,2.7,8.4,,1011.3,,Semarang (Ahmad Yani),Central Java,Jawa Tengah,2.3333333333333335,6.5,46.55056114521556,2023,11,321,4,17,-0.5000000000000004,0.8660254037844384,-0.6897960046655887,0.7240037789593305,Rainy Season,1,5,2,2.7
2023-11-18,96839,JT,Jawa Tengah,26.0,34.4,30.3,67.0,0.1,8.6,,1010.2,,Semarang (Ahmad Yani),Central Java,Jawa Tengah,2.388888888888889,8.399999999999999,46.62198265827555,2023,11,322,4,18,-0.5000000000000004,0.8660254037844384,-0.6772399381909491,0.7357622347736527,Rainy Season,1,5,2,0.1
2023-11-19,96839,JT,Jawa Tengah,26.8,34.6,30.2,66.0,0.3,8.4,,1009.9,,Semarang (Ahmad Yani),Central Java,Jawa Tengah,2.3333333333333335,7.800000000000001,46.7765255392712,2023,11,323,4,19,-0.5000000000000004,0.8660254037844384,-0.6644834655228552,0.7473029667054296,Rainy Season,1,5,2,0.3
2023-11-20,96839,JT,Jawa Tengah,26.6,34.2,30.3,70.0,1.4,10.9,,1010.0,,Semarang (Ahmad Yani),Central Java,Jawa Tengah,3.0277777777777777,7.600000000000001,47.47229825299559,2023,11,324,4,20,-0.5000000000000004,0.8660254037844384,-0.6515303615068021,0.75862255966641,Rainy Season,1,5,2,1.4
2023-11-21,96839,JT,Jawa Tengah,25.4,35.0,29.7,76.0,9.2,10.6,,1009.4,,Semarang (Ahmad Yani),Central Java,Jawa Tengah,2.944444444444444,9.600000000000001,53.954341055555545,2023,11,325,4,21,-0.5000000000000004,0.8660254037844384,-0.6383844591746642,0.7697176640069211,Rainy Season,1,5,2,9.2
2023-11-22,96839,JT,Jawa Tengah,24.0,37.0,29.7,73.0,3.3,9.9,,1008.2,,Semarang (Ahmad Yani),Central Java,Jawa Tengah,2.75,13.0,60.45667267155551,2023,11,326,4,22,-0.5000000000000004,0.8660254037844384,-0.6250496486104377,0.7805849965070866,Rainy Season,1,5,2,3.3
2023-11-23,96839,JT,Jawa Tengah,26.0,31.2,28.5,84.0,4.6,7.9,,1008.1,,Semarang (Ahmad Yani),Central Java,Jawa Tengah,2.1944444444444446,5.199999999999999,43.06889859399137,2023,11,327,4,23,-0.5000000000000004,0.8660254037844384,-0.6115298757991053,0.7912213413483807,Rainy Season,1,5,2,4.6
2023-11-24,96839,JT,Jawa Tengah,24.9,35.0,28.6,82.0,9.1,8.2,,1008.4,,Semarang (Ahmad Yani),Central Java,Jawa Tengah,2.2777777777777777,10.100000000000001,57.89774325555563,2023,11,328,4,24,-0.5000000000000004,0.8660254037844384,-0.5978291414589552,0.801623551065242,Rainy Season,1,5,2,9.1
2023-11-25,96839,JT,Jawa Tengah,25.0,31.0,27.5,85.0,5.8,7.2,,1009.3,,Semarang (Ahmad Yani),Central Java,Jawa Tengah,2.0,6.0,42.711523151555696,2023,11,329,4,25,-0.5000000000000004,0.8660254037844384,-0.5839514998576998,0.8117885474764613,Rainy Season,1,5,2,5.8
2023-11-26,96839,JT,Jawa Tengah,25.0,32.0,28.5,76.0,6.7,7.1,,1008.9,,Semarang (Ahmad Yani),Central Java,Jawa Tengah,1.972222222222222,7.0,42.70997213955573,2023,11,330,4,26,-0.5000000000000004,0.8660254037844384,-0.5699010576127624,0.8217133225960589,Rainy Season,1,5,2,6.7
2023-11-27,96839,JT,Jawa Tengah,24.0,32.3,28.9,75.0,0.2,9.2,,1009.1,,Semarang (Ahmad Yani),Central Java,Jawa Tengah,2.5555555555555554,8.299999999999997,43.30466438335106,2023,11,331,4,27,-0.5000000000000004,0.8660254037844384,-0.5556819724760489,0.8313949395234058,Rainy Season,1,5,2,0.2
2023-11-28,96839,JT,Jawa Tengah,24.0,30.1,27.2,86.0,12.9,7.5,,1009.3,,Semarang (Ahmad Yani),Central Java,Jawa Tengah,2.0833333333333335,6.100000000000001,39.79856164130462,2023,11,332,4,28,-0.5000000000000004,0.8660254037844384,-0.5412984521036173,0.8408305333122887,Rainy Season,1,5,2,12.9
2023-11-29,96839,JT,Jawa Tengah,25.0,33.5,28.8,78.0,1.1,8.0,,1008.9,,Semarang (Ahmad Yani),Central Java,Jawa Tengah,2.2222222222222223,8.5,49.0680703892779,2023,11,333,4,29,-0.5000000000000004,0.8660254037844384,-0.5267547528105542,0.8500173118187018,Rainy Season,1,5,2,1.1
2023-11-30,96839,JT,Jawa Tengah,26.0,35.0,29.3,77.0,9.0,8.3,,1009.0,,Semarang (Ahmad Yani),Central Java,Jawa Tengah,2.305555555555556,9.0,54.58868314444449,2023,11,334,4,30,-0.5000000000000004,0.8660254037844384,-0.5120551783114646,0.8589525565270845,Rainy Season,1,5,2,9.0
2023-12-01,96839,JT,Jawa Tengah,24.8,29.0,26.3,91.0,16.1,6.9,,1009.7,,Semarang (Ahmad Yani),Central Java,Jawa Tengah,1.9166666666666667,4.199999999999999,37.32667435155556,2023,12,335,4,1,-2.4492935982947064e-16,1.0,-0.4972040784469378,0.8676336233547726,Rainy Season,1,5,2,16.1
2023-12-02,96839,JT,Jawa Tengah,24.0,31.4,27.5,82.0,2.3,6.1,,1009.1,,Semarang (Ahmad Yani),Central Java,Jawa Tengah,1.6944444444444442,7.399999999999999,43.01612241507569,2023,12,336,4,2,-2.4492935982947064e-16,1.0,-0.4822058478963526,0.8760579434344281,Rainy Season,1,5,2,2.3
2023-12-03,96839,JT,Jawa Tengah,24.7,34.0,27.5,86.0,7.5,6.5,,1009.7,,Semarang (Ahmad Yani),Central Java,Jawa Tengah,1.8055555555555556,9.3,55.851716340444554,2023,12,337,4,3,-2.4492935982947064e-16,1.0,-0.46706492487743034,0.8842230238742036,Rainy Season,1,5,2,7.5
2023-12-04,96839,JT,Jawa Tengah,25.0,33.0,27.9,84.0,10.5,9.2,,1010.5,,Semarang (Ahmad Yani),Central Java,Jawa Tengah,2.5555555555555554,8.0,50.21689939911124,2023,12,338,4,4,-2.4492935982947064e-16,1.0,-0.451785789832884,0.8921264484954345,Rainy Season,1,5,2,10.5
2023-12-05,96839,JT,Jawa Tengah,24.4,32.0,28.0,83.0,5.3,7.5,,1009.8,,Semarang (Ahmad Yani),Central Java,Jawa Tengah,2.0833333333333335,7.600000000000001,45.67821544711137,2023,12,339,4,5,-2.4492935982947064e-16,1.0,-0.4363729641045924,0.8997658785476209,Rainy Season,1,5,2,5.3
2023-12-06,96839,JT,Jawa Tengah,26.0,32.0,28.7,81.0,3.4,6.8,,1010.0,,Semarang (Ahmad Yani),Central Java,Jawa Tengah,1.8888888888888888,6.0,44.79892668844457,2023,12,340,4,6,-2.4492935982947064e-16,1.0,-0.42083100859565564,0.9071390534005044,Rainy Season,1,5,2,3.4
2023-12-07,96839,JT,Jawa Tengah,26.4,32.0,28.9,81.0,7.4,8.0,,1010.2,,Semarang (Ahmad Yani),Central Java,Jawa Tengah,2.2222222222222223,5.600000000000001,44.79892668844457,2023,12,341,4,7,-2.4492935982947064e-16,1.0,-0.4051645224207563,0.9142437912130223,Rainy Season,1,5,2,7.4
2023-12-08,96839,JT,Jawa Tengah,25.0,32.7,28.8,79.0,6.3,9.2,,1009.8,,Semarang (Ahmad Yani),Central Java,Jawa Tengah,2.5555555555555554,7.700000000000003,46.50516338443573,2023,12,342,4,8,-2.4492935982947064e-16,1.0,-0.3893781415452015,0.9210779895789526,Rainy Season,1,5,2,6.3
2023-12-09,96839,JT,Jawa Tengah,26.0,32.0,29.1,79.0,2.9,7.2,,1009.4,,Semarang (Ahmad Yani),Central Java,Jawa Tengah,2.0,6.0,43.94461332355576,2023,12,343,4,9,-2.4492935982947064e-16,1.0,-0.37347653741307074,0.9276396261490467,Rainy Season,1,5,2,2.9
2023-12-10,96839,JT,Jawa Tengah,24.1,31.0,28.0,82.0,11.4,5.9,,1009.1,,Semarang (Ahmad Yani),Central Java,Jawa Tengah,1.6388888888888888,6.899999999999999,41.594558687555924,2023,12,344,4,10,-2.4492935982947064e-16,1.0,-0.3574644155648614,0.9339267592294762,Rainy Season,1,5,2,11.4
2023-12-11,96839,JT,Jawa Tengah,26.0,34.0,29.5,76.0,1.7,9.2,,1008.3,,Semarang (Ahmad Yani),Central Java,Jawa Tengah,2.5555555555555554,8.0,49.936030271555666,2023,12,345,4,11,-2.4492935982947064e-16,1.0,-0.34134651424503615,0.9399375283564133,Rainy Season,1,5,2,1.7
2023-12-12,96839,JT,Jawa Tengah,25.0,33.3,29.9,68.0,0.0,9.3,,1008.2,,Semarang (Ahmad Yani),Central Java,Jawa Tengah,2.5833333333333335,8.299999999999997,43.54774942890458,2023,12,346,4,12,-2.4492935982947064e-16,1.0,-0.3251276029999093,0.9456701548465688,Rainy Season,1,5,2,0.0
2023-12-13,96839,JT,Jawa Tengah,26.2,33.0,29.5,73.0,3.1,8.2,,1009.1,,Semarang (Ahmad Yani),Central Java,Jawa Tengah,2.2777777777777777,6.800000000000001,44.796315551555686,2023,12,347,4,13,-2.4492935982947064e-16,1.0,-0.30881248126625377,0.9511229423235357,Rainy Season,1,5,2,3.1
2023-12-14,96839,JT,Jawa Tengah,24.7,33.0,29.8,72.0,2.7,8.2,,1009.9,,Semarang (Ahmad Yani),Central Java,Jawa Tengah,2.2777777777777777,8.3,44.346909852444576,2023,12,348,4,14,-2.4492935982947064e-16,1.0,-0.29240597695107734,0.9562942772197719,Rainy Season,1,5,2,2.7
2023-12-15,96839,JT,Jawa Tengah,27.0,33.0,29.9,72.0,0.0,8.4,,1009.6,,Semarang (Ahmad Yani),Central Java,Jawa Tengah,2.3333333333333335,6.0,44.346909852444576,2023,12,349,4,15,-2.4492935982947064e-16,1.0,-0.27591294500296043,0.9611826292540837,Rainy Season,1,5,2,0.0
2023-12-16,96839,JT,Jawa Tengah,26.9,33.0,30.1,72.0,0.0,8.5,,1009.2,,Semarang (Ahmad Yani),Central Java,Jawa Tengah,2.361111111111111,6.100000000000001,44.346909852444576,2023,12,350,4,16,-2.4492935982947064e-16,1.0,-0.2593382659754056,0.9657865518844574,Rainy Season,1,5,2,0.0
2023-12-17,96839,JT,Jawa Tengah,27.0,34.0,30.1,70.0,0.0,7.2,,1009.5,,Semarang (Ahmad Yani),Central Java,Jawa Tengah,2.0,7.0,46.78022057155552,2023,12,351,4,17,-2.4492935982947064e-16,1.0,-0.2426868445825954,0.9701046827361175,Rainy Season,1,5,2,0.0
2023-12-18,96839,JT,Jawa Tengah,26.0,34.0,29.9,70.0,0.0,8.5,,1009.7,,Semarang (Ahmad Yani),Central Java,Jawa Tengah,2.361111111111111,8.0,46.78022057155552,2023,12,352,4,18,-2.4492935982947064e-16,1.0,-0.22596360824801906,0.974135744004672,Rainy Season,1,5,2,0.0
2023-12-19,96839,JT,Jawa Tengah,26.0,33.0,29.7,68.0,0.0,8.0,,1010.0,,Semarang (Ahmad Yani),Central Java,Jawa Tengah,2.2222222222222223,7.0,42.62157814044463,2023,12,353,4,19,-2.4492935982947064e-16,1.0,-0.20917350564635637,0.9778785428342386,Rainy Season,1,5,2,0.0
2023-12-20,96839,JT,Jawa Tengah,26.0,33.1,29.6,66.0,0.0,7.2,,1009.4,,Semarang (Ahmad Yani),Central Java,Jawa Tengah,2.0,7.100000000000001,42.09546739397117,2023,12,354,4,20,-2.4492935982947064e-16,1.0,-0.19232150523909483,0.9813319716704275,Rainy Season,1,5,2,0.0
2023-12-21,96839,JT,Jawa Tengah,25.0,33.1,29.4,68.0,0.0,9.0,,1010.0,,Semarang (Ahmad Yani),Central Java,Jawa Tengah,2.5,8.100000000000001,42.92787137298448,2023,12,355,4,21,-2.4492935982947064e-16,1.0,-0.17541259380427843,0.9844950085880858,Rainy Season,1,5,2,0.0
2023-12-22,96839,JT,Jawa Tengah,26.0,33.1,30.0,68.0,0.1,9.0,,1010.7,,Semarang (Ahmad Yani),Central Java,Jawa Tengah,2.5,7.100000000000001,42.92787137298448,2023,12,356,4,22,-2.4492935982947064e-16,1.0,-0.15845177496083632,0.9873667175937016,Rainy Season,1,5,2,0.1
2023-12-23,96839,JT,Jawa Tengah,26.0,35.0,30.5,71.0,3.1,9.8,,1011.0,,Semarang (Ahmad Yani),Central Java,Jawa Tengah,2.7222222222222223,9.0,50.91998027777778,2023,12,357,4,23,-2.4492935982947064e-16,1.0,-0.14144406768794202,0.9899462489023779,Rainy Season,1,5,2,3.1
2023-12-24,96839,JT,Jawa Tengah,27.0,33.0,30.0,71.0,8.3,8.7,,1011.0,,Semarang (Ahmad Yani),Central Java,Jawa Tengah,2.4166666666666665,6.0,43.90473326177779,2023,12,358,4,24,-2.4492935982947064e-16,1.0,-0.12439450483979998,0.9922328391893008,Rainy Season,1,5,2,8.3
2023-12-25,96839,JT,Jawa Tengah,24.7,31.0,27.9,83.0,10.8,8.0,,1011.8,,Semarang (Ahmad Yani),Central Java,Jawa Tengah,2.2222222222222223,6.300000000000001,41.961635915111245,2023,12,359,4,25,-2.4492935982947064e-16,1.0,-0.10730813165636247,0.9942258118156161,Rainy Season,1,5,2,10.8
2023-12-26,96839,JT,Jawa Tengah,26.0,33.0,28.7,76.0,2.6,7.6,,1011.8,,Semarang (Ahmad Yani),Central Java,Jawa Tengah,2.111111111111111,7.0,46.187907299555505,2023,12,360,4,26,-2.4492935982947064e-16,1.0,-0.09019000427034513,0.9959245770286599,Rainy Season,1,5,2,2.6
2023-12-27,96839,JT,Jawa Tengah,26.0,33.0,29.6,77.0,1.0,8.9,,1012.4,,Semarang (Ahmad Yani),Central Java,Jawa Tengah,2.4722222222222223,7.0,46.66622943244462,2023,12,361,4,27,-2.4492935982947064e-16,1.0,-0.07304518821104743,0.9973286321364752,Rainy Season,1,5,2,1.0
2023-12-28,96839,JT,Jawa Tengah,27.0,36.0,29.5,78.0,5.9,7.8,,1011.3,,Semarang (Ahmad Yani),Central Java,Jawa Tengah,2.1666666666666665,9.0,59.6876248217778,2023,12,362,4,28,-2.4492935982947064e-16,1.0,-0.05587875690537313,0.9984375616565666,Rainy Season,1,5,2,5.9
2023-12-29,96839,JT,Jawa Tengah,24.0,34.4,29.8,79.0,7.8,8.9,,1010.0,,Semarang (Ahmad Yani),Central Java,Jawa Tengah,2.4722222222222223,10.399999999999999,53.29510106947553,2023,12,363,4,29,-2.4492935982947064e-16,1.0,-0.03869579017652689,0.9992510374388481,Rainy Season,1,5,2,7.8
2023-12-30,96839,JT,Jawa Tengah,24.5,33.0,28.5,81.0,11.4,8.1,,1009.9,,Semarang (Ahmad Yani),Central Java,Jawa Tengah,2.25,8.5,48.65180904844447,2023,12,364,4,30,-2.4492935982947064e-16,1.0,-0.021501372740813793,0.999768818762748,Rainy Season,1,5,2,11.4
2023-12-31,96839,JT,Jawa Tengah,25.0,33.0,29.0,80.0,5.5,8.7,,1009.9,,Semarang (Ahmad Yani),Central Java,Jawa Tengah,2.4166666666666665,8.0,48.14457048177787,2023,12,365,4,31,-2.4492935982947064e-16,1.0,-0.004300592702981974,0.9999907524084426,Rainy Season,1,5,2,5.5
2023-01-01,96073,SU,Sumatera Utara,22.4,32.6,27.5,85.0,3.5,4.2,,1011.8,,Sibolga (Pinangsori),North Sumatra,Sumatera Utara,1.1666666666666667,10.200000000000003,49.04887027731555,2023,1,1,1,1,0.49999999999999994,0.8660254037844387,0.017201575418260506,0.9998520419557735,Rainy Season,1,2,5,3.5
2023-01-02,96073,SU,Sumatera Utara,22.0,31.6,26.4,89.0,5.3,3.4,,1012.3,,Sibolga (Pinangsori),North Sumatra,Sumatera Utara,0.9444444444444444,9.600000000000001,46.75177282369783,2023,1,2,1,2,0.49999999999999994,0.8660254037844387,0.03439806061360801,0.9994082116062598,Rainy Season,1,2,5,5.3
2023-01-03,96073,SU,Sumatera Utara,21.3,30.2,26.0,90.0,17.5,4.2,,1012.6,,Sibolga (Pinangsori),North Sumatra,Sumatera Utara,1.1666666666666667,8.899999999999999,41.485638941884496,2023,1,3,1,3,0.49999999999999994,0.8660254037844387,0.051584366869408364,0.9986686402879997,Rainy Season,1,2,5,17.5
2023-01-04,96073,SU,Sumatera Utara,22.8,32.0,26.8,84.0,0.1,3.9,,1011.4,,Sibolga (Pinangsori),North Sumatra,Sumatera Utara,1.0833333333333333,9.2,46.12722559911136,2023,1,4,1,4,0.49999999999999994,0.8660254037844387,0.06875540848113941,0.9976335468520451,Rainy Season,1,2,5,0.1
2023-01-05,96073,SU,Sumatera Utara,22.1,33.2,27.8,84.0,4.5,3.6,,1010.7,,Sibolga (Pinangsori),North Sumatra,Sumatera Utara,1.0,11.100000000000001,51.070402831591146,2023,1,5,1,5,0.49999999999999994,0.8660254037844387,0.08590610426133272,0.9963032375991965,Rainy Season,1,2,5,4.5
2023-01-06,96073,SU,Sumatera Utara,22.3,31.0,26.6,90.0,12.8,3.8,,1011.8,,Sibolga (Pinangsori),North Sumatra,Sumatera Utara,1.0555555555555556,8.7,44.678015800444605,2023,1,6,1,6,0.49999999999999994,0.8660254037844387,0.10303137904317879,0.9946781061893646,Rainy Season,1,2,5,12.8
2023-01-07,96073,SU,Sumatera Utara,23.0,30.8,26.0,92.0,18.1,4.0,,1011.9,,Sibolga (Pinangsori),North Sumatra,Sumatera Utara,1.1111111111111112,7.800000000000001,44.651374916391184,2023,1,7,1,7,0.49999999999999994,0.8660254037844387,0.1201261651823505,0.9927586335250793,Rainy Season,1,2,5,18.1
2023-01-08,96073,SU,Sumatera Utara,22.4,31.4,25.8,90.0,3.6,3.4,,1011.8,,Sibolga (Pinangsori),North Sumatra,Sumatera Utara,0.9444444444444444,9.0,46.34991635100436,2023,1,8,1,8,0.49999999999999994,0.8660254037844387,0.13718540405660057,0.9905453876091833,Rainy Season,1,2,5,3.6
2023-01-09,96073,SU,Sumatera Utara,22.0,31.6,26.7,85.0,0.3,4.2,,1012.0,,Sibolga (Pinangsori),North Sumatra,Sumatera Utara,1.1666666666666667,9.600000000000001,44.99814281811551,2023,1,9,1,9,0.49999999999999994,0.8660254037844387,0.1542040475626894,0.988039023376751,Rainy Season,1,2,5,0.3
2023-01-10,96073,SU,Sumatera Utara,22.4,30.2,25.9,91.0,17.3,4.1,,1012.0,,Sibolga (Pinangsori),North Sumatra,Sumatera Utara,1.1388888888888888,7.800000000000001,41.82997291059575,2023,1,10,1,10,0.49999999999999994,0.8660254037844387,0.17117705961019986,0.985240282501282,Rainy Season,1,2,5,17.3
2023-01-11,96073,SU,Sumatera Utara,22.4,31.0,26.2,92.0,5.0,5.8,,1011.2,,Sibolga (Pinangsori),North Sumatra,Sumatera Utara,1.611111111111111,8.600000000000001,45.50132268311144,2023,1,11,1,11,0.49999999999999994,0.8660254037844387,0.18809941761179758,0.9821499931752291,Rainy Season,1,2,5,5.0
2023-01-12,96073,SU,Sumatera Utara,21.3,33.0,26.6,85.0,0.7,6.8,,1010.2,,Sibolga (Pinangsori),North Sumatra,Sumatera Utara,1.8888888888888888,11.7,50.753054399555715,2023,1,12,1,12,0.49999999999999994,0.8660254037844387,0.20496611396949532,0.9787690698649216,Rainy Season,1,2,5,0.7
2023-01-13,96073,SU,Sumatera Utara,22.2,31.6,27.2,85.0,4.1,5.6,,1011.0,,Sibolga (Pinangsori),North Sumatra,Sumatera Utara,1.5555555555555554,9.400000000000002,44.99814281811551,2023,1,13,1,13,0.49999999999999994,0.8660254037844387,0.22177215755648186,0.975098513039961,Rainy Season,1,2,5,4.1
2023-01-14,96073,SU,Sumatera Utara,23.2,33.0,26.2,86.0,4.2,6.8,,1010.5,,Sibolga (Pinangsori),North Sumatra,Sumatera Utara,1.8888888888888888,9.8,51.29643850844445,2023,1,14,1,14,0.49999999999999994,0.8660254037844387,0.23851257519407648,0.9711394088771653,Rainy Season,1,2,5,4.2
2023-01-15,96073,SU,Sumatera Utara,22.8,29.8,25.9,91.0,8.0,7.4,,1010.8,,Sibolga (Pinangsori),North Sumatra,Sumatera Utara,2.055555555555556,7.0,40.277898358595614,2023,1,15,1,15,0.49999999999999994,0.8660254037844387,0.2551824131233728,0.9668929289391521,Rainy Season,1,2,5,8.0
2023-01-16,96073,SU,Sumatera Utara,22.5,32.0,25.9,91.0,4.5,5.9,,1010.9,,Sibolga (Pinangsori),North Sumatra,Sumatera Utara,1.6388888888888888,9.5,49.445124419555746,2023,1,16,1,16,0.49999999999999994,0.8660254037844387,0.2717767384711357,0.9623603298276545,Rainy Season,1,2,5,4.5
2023-01-17,96073,SU,Sumatera Utara,22.3,30.6,26.5,90.0,8.6,4.9,,1011.2,,Sibolga (Pinangsori),North Sumatra,Sumatera Utara,1.3611111111111112,8.3,43.056589997404544,2023,1,17,1,17,0.49999999999999994,0.8660254037844387,0.2882906407095177,0.9575429528116719,Rainy Season,1,2,5,8.6
2023-01-18,96073,SU,Sumatera Utara,21.3,32.0,26.3,86.0,0.4,6.3,,1011.3,,Sibolga (Pinangsori),North Sumatra,Sumatera Utara,1.75,10.7,47.04397744844471,2023,1,18,1,18,0.49999999999999994,0.8660254037844387,0.3047192331091634,0.9524422234305676,Rainy Season,1,2,5,0.4
2023-01-19,96073,SU,Sumatera Utara,22.0,33.4,26.6,88.0,16.3,5.5,,1010.8,,Sibolga (Pinangsori),North Sumatra,Sumatera Utara,1.5277777777777777,11.399999999999999,54.259137571395556,2023,1,19,1,19,0.49999999999999994,0.8660254037844387,0.321057654185271,0.9470596510722283,Rainy Season,1,2,5,16.3
2023-01-20,96073,SU,Sumatera Utara,21.6,31.2,26.5,90.0,5.9,6.0,,1010.0,,Sibolga (Pinangsori),North Sumatra,Sumatera Utara,1.6666666666666665,9.599999999999998,45.507656732284595,2023,1,20,1,20,0.49999999999999994,0.8660254037844387,0.3373010691361842,0.9413968285264122,Rainy Season,1,2,5,5.9
2023-01-21,96073,SU,Sumatera Utara,22.0,30.0,25.3,92.0,13.7,5.9,,1010.0,,Sibolga (Pinangsori),North Sumatra,Sumatera Utara,1.6388888888888888,8.0,41.38026641111113,2023,1,21,1,21,0.49999999999999994,0.8660254037844387,0.3534446712740877,0.9354554315134164,Rainy Season,1,2,5,13.7
2023-01-22,96073,SU,Sumatera Utara,23.0,30.0,25.1,94.0,17.0,5.4,,1009.5,,Sibolga (Pinangsori),North Sumatra,Sumatera Utara,1.5,7.0,42.0583627555556,2023,1,22,1,22,0.49999999999999994,0.8660254037844387,0.3694836834473831,0.9292372181882051,Rainy Season,1,2,5,17.0
2023-01-23,96073,SU,Sumatera Utara,20.8,26.8,22.8,96.0,31.7,5.6,,1009.9,,Sibolga (Pinangsori),North Sumatra,Sumatera Utara,1.5555555555555554,6.0,30.7339886736179,2023,1,23,1,23,0.49999999999999994,0.8660254037844387,0.38541335945432564,0.9227440286201427,Rainy Season,1,2,5,31.7
2023-01-24,96073,SU,Sumatera Utara,20.3,33.6,25.6,94.0,3.5,4.8,,1009.7,,Sibolga (Pinangsori),North Sumatra,Sumatera Utara,1.3333333333333333,13.3,59.02695797907542,2023,1,24,1,24,0.49999999999999994,0.8660254037844387,0.4012289854475009,0.9159777842484877,Rainy Season,1,2,5,3.5
2023-01-25,96073,SU,Sumatera Utara,21.0,32.4,26.4,86.0,8.2,8.0,,1008.8,,Sibolga (Pinangsori),North Sumatra,Sumatera Utara,2.2222222222222223,11.399999999999999,48.708623859804554,2023,1,25,1,25,0.49999999999999994,0.8660254037844387,0.4169258813287287,0.908940487313808,Rainy Season,1,2,5,8.2
2023-01-26,96073,SU,Sumatera Utara,22.0,33.1,26.9,78.0,0.2,8.3,,1009.0,,Sibolga (Pinangsori),North Sumatra,Sumatera Utara,2.305555555555556,11.100000000000001,47.52950205231772,2023,1,26,1,26,0.49999999999999994,0.8660254037844387,0.4324994021339788,0.901634220265486,Rainy Season,1,2,5,0.2
2023-01-27,96073,SU,Sumatera Utara,22.0,29.0,24.4,89.0,25.9,6.1,,1009.7,,Sibolga (Pinangsori),North Sumatra,Sumatera Utara,1.6944444444444442,7.0,36.82779626977779,2023,1,27,1,27,0.49999999999999994,0.8660254037844387,0.44794493940789115,0.8940611451454876,Rainy Season,1,2,5,25.9
2023-01-28,96073,SU,Sumatera Utara,21.8,31.0,25.9,86.0,0.0,6.0,,1008.4,,Sibolga (Pinangsori),North Sumatra,Sumatera Utara,1.6666666666666665,9.2,43.094333160444656,2023,1,28,1,28,0.49999999999999994,0.8660254037844387,0.4632579225674917,0.88622350294858,Rainy Season,1,2,5,0.0
2023-01-29,96073,SU,Sumatera Utara,21.4,32.6,27.5,83.0,3.7,8.4,,1007.9,,Sibolga (Pinangsori),North Sumatra,Sumatera Utara,2.3333333333333335,11.200000000000003,48.048888859751145,2023,1,29,1,29,0.49999999999999994,0.8660254037844387,0.4784338202547012,0.8781236129591848,Rainy Season,1,2,5,3.7
2023-01-30,96073,SU,Sumatera Utara,21.6,33.0,26.5,83.0,6.2,9.7,,1008.8,,Sibolga (Pinangsori),North Sumatra,Sumatera Utara,2.694444444444444,11.399999999999999,49.68797350711129,2023,1,30,1,30,0.49999999999999994,0.8660254037844387,0.49346814167723735,0.8697638720650646,Rainy Season,1,2,5,6.2
2023-01-31,96073,SU,Sumatera Utara,21.3,32.4,26.7,85.0,4.0,7.7,,1009.1,,Sibolga (Pinangsori),North Sumatra,Sumatera Utara,2.138888888888889,11.099999999999998,48.214755317315564,2023,1,31,1,31,0.49999999999999994,0.8660254037844387,0.5083564379375122,0.8611467540480452,Rainy Season,1,2,5,4.0
2023-02-01,96073,SU,Sumatera Utara,22.4,33.2,26.8,84.0,0.0,5.8,,1008.8,,Sibolga (Pinangsori),North Sumatra,Sumatera Utara,1.611111111111111,10.800000000000004,51.070402831591146,2023,2,32,1,1,0.8660254037844386,0.5000000000000001,0.5230943033491326,0.8522748088519838,Rainy Season,1,2,5,0.0
2023-02-02,96073,SU,Sumatera Utara,23.4,30.2,26.6,85.0,0.5,5.9,,1009.2,,Sibolga (Pinangsori),North Sumatra,Sumatera Utara,1.6388888888888888,6.800000000000001,39.83048320659559,2023,2,33,1,2,0.8660254037844386,0.5000000000000001,0.5376773767406141,0.8431506618282,Rainy Season,1,2,5,0.5
2023-02-03,96073,SU,Sumatera Utara,23.4,32.2,27.6,82.0,0.0,6.4,,1009.0,,Sibolga (Pinangsori),North Sumatra,Sumatera Utara,1.777777777777778,8.800000000000004,45.99841968963577,2023,2,34,1,3,0.8660254037844386,0.5000000000000001,0.5521013427459208,0.8337770129585915,Rainy Season,1,2,5,0.0
2023-02-04,96073,SU,Sumatera Utara,21.3,32.6,27.0,84.0,1.0,5.2,,1008.6,,Sibolga (Pinangsori),North Sumatra,Sumatera Utara,1.4444444444444444,11.3,48.54546120663123,2023,2,35,1,4,0.8660254037844386,0.5000000000000001,0.5663619330814524,0.8241566360566663,Rainy Season,1,2,5,1.0
2023-02-05,96073,SU,Sumatera Utara,22.0,29.2,25.4,93.0,24.0,5.4,,1009.7,,Sibolga (Pinangsori),North Sumatra,Sumatera Utara,1.5,7.199999999999999,38.58814418807142,2023,2,36,1,5,0.8660254037844386,0.5000000000000001,0.580454927809098,0.8142923779467267,Rainy Season,1,2,5,24.0
2023-02-06,96073,SU,Sumatera Utara,22.4,31.8,26.3,85.0,0.0,4.6,,1009.7,,Sibolga (Pinangsori),North Sumatra,Sumatera Utara,1.2777777777777777,9.400000000000002,45.78431884179544,2023,2,37,1,6,0.8660254037844386,0.5000000000000001,0.5943761565849831,0.804187157621448,Rainy Season,1,2,5,0.0
2023-02-07,96073,SU,Sumatera Utara,21.4,32.2,27.0,78.0,0.0,5.8,,1009.5,,Sibolga (Pinangsori),North Sumatra,Sumatera Utara,1.611111111111111,10.800000000000004,44.22966780753791,2023,2,38,1,7,0.8660254037844386,0.5000000000000001,0.6081214998935418,0.7938439653781019,Rainy Season,1,2,5,0.0
2023-02-08,96073,SU,Sumatera Utara,21.4,33.2,27.3,84.0,7.2,6.6,,1008.9,,Sibolga (Pinangsori),North Sumatra,Sumatera Utara,1.8333333333333333,11.800000000000004,51.070402831591146,2023,2,39,1,8,0.8660254037844386,0.5000000000000001,0.6216868902665479,0.7832658619336791,Rainy Season,1,2,5,7.2
2023-02-09,96073,SU,Sumatera Utara,22.1,31.6,26.7,88.0,21.9,7.4,,1009.2,,Sibolga (Pinangsori),North Sumatra,Sumatera Utara,2.055555555555556,9.5,46.30459672339572,2023,2,40,1,9,0.8660254037844386,0.5000000000000001,0.6350683134867438,0.7724559775191742,Rainy Season,1,2,5,21.9
2023-02-10,96073,SU,Sumatera Utara,22.8,29.2,24.3,89.0,16.3,7.4,,1011.1,,Sibolga (Pinangsori),North Sumatra,Sumatera Utara,2.055555555555556,6.399999999999999,37.51622082625797,2023,2,41,1,10,0.8660254037844386,0.5000000000000001,0.6482618097757122,0.7614175109532997,Rainy Season,1,2,5,16.3
2023-02-11,96073,SU,Sumatera Utara,19.8,30.6,25.1,85.0,3.8,6.7,,1010.9,,Sibolga (Pinangsori),North Sumatra,Sumatera Utara,1.8611111111111112,10.8,41.24703371091566,2023,2,42,1,11,0.8660254037844386,0.5000000000000001,0.6612634749656386,0.7501537286959042,Rainy Season,1,2,5,3.8
2023-02-12,96073,SU,Sumatera Utara,22.6,31.8,25.2,93.0,26.8,5.5,,1011.6,,Sibolga (Pinangsori),North Sumatra,Sumatera Utara,1.5277777777777777,9.2,49.517616258471044,2023,2,43,1,12,0.8660254037844386,0.5000000000000001,0.6740694616546161,0.7386679638813748,Rainy Season,1,2,5,26.8
2023-02-13,96073,SU,Sumatera Utara,22.2,32.3,26.2,90.0,11.2,5.7,,1011.7,,Sibolga (Pinangsori),North Sumatra,Sumatera Utara,1.5833333333333333,10.099999999999998,50.29624088538429,2023,2,44,1,13,0.8660254037844386,0.5000000000000001,0.6866759803451553,0.726963615332308,Rainy Season,1,2,5,11.2
2023-02-14,96073,SU,Sumatera Utara,22.8,32.0,27.6,86.0,1.4,5.6,,1010.5,,Sibolga (Pinangsori),North Sumatra,Sumatera Utara,1.5555555555555554,9.2,47.04397744844471,2023,2,45,1,14,0.8660254037844386,0.5000000000000001,0.6990793005655562,0.7150441465537444,Rainy Season,1,2,5,1.4
2023-02-15,96073,SU,Sumatera Utara,22.4,32.8,26.6,88.0,7.5,6.5,,1009.5,,Sibolga (Pinangsori),North Sumatra,Sumatera Utara,1.8055555555555556,10.399999999999999,51.49632252931549,2023,2,46,1,15,0.8660254037844386,0.5000000000000001,0.7112757519738152,0.7029130847082615,Rainy Season,1,2,5,7.5
2023-02-16,96073,SU,Sumatera Utara,21.3,33.6,26.9,81.0,1.4,9.1,,1009.5,,Sibolga (Pinangsori),North Sumatra,Sumatera Utara,2.5277777777777777,12.3,51.10114553260438,2023,2,47,1,16,0.8660254037844386,0.5000000000000001,0.7232617254437388,0.6905740195722293,Rainy Season,1,2,5,1.4
2023-02-17,96073,SU,Sumatera Utara,20.6,33.8,27.5,79.0,0.0,7.7,,1010.0,,Sibolga (Pinangsori),North Sumatra,Sumatera Utara,2.138888888888889,13.199999999999996,50.80621058323569,2023,2,48,1,17,0.8660254037844386,0.5000000000000001,0.7350336741329413,0.6780306024735382,Rainy Season,1,2,5,0.0
2023-02-18,96073,SU,Sumatera Utara,21.0,33.1,27.9,81.0,2.0,8.0,,1010.0,,Sibolga (Pinangsori),North Sumatra,Sumatera Utara,2.2222222222222223,12.100000000000001,49.052864761004486,2023,2,49,1,18,0.8660254037844386,0.5000000000000001,0.746588114532413,0.6652865452111116,Rainy Season,1,2,5,2.0
2023-02-19,96073,SU,Sumatera Utara,22.1,32.6,27.6,84.0,0.9,7.0,,1010.6,,Sibolga (Pinangsori),North Sumatra,Sumatera Utara,1.9444444444444444,10.5,48.54546120663123,2023,2,50,1,19,0.8660254037844386,0.5000000000000001,0.7579216274973472,0.6523456189565257,Rainy Season,1,2,5,0.9
2023-02-20,96073,SU,Sumatera Utara,23.2,32.4,27.3,88.0,8.5,6.9,,1010.7,,Sibolga (Pinangsori),North Sumatra,Sumatera Utara,1.9166666666666667,9.2,49.71627996019563,2023,2,51,1,20,0.8660254037844386,0.5000000000000001,0.7690308592589181,0.6392116531380588,Rainy Season,1,2,5,8.5
2023-02-21,96073,SU,Sumatera Utara,22.1,31.8,27.2,88.0,4.3,5.2,,1011.4,,Sibolga (Pinangsori),North Sumatra,Sumatera Utara,1.4444444444444444,9.7,47.13896729491552,2023,2,52,1,21,0.8660254037844386,0.5000000000000001,0.7799125224167177,0.6258885343075018,Rainy Season,1,2,5,4.3
2023-02-22,96073,SU,Sumatera Utara,22.3,30.6,25.1,94.0,10.5,5.6,,1011.4,,Sibolga (Pinangsori),North Sumatra,Sumatera Utara,1.5555555555555554,8.3,44.59136246787548,2023,2,53,1,22,0.8660254037844386,0.5000000000000001,0.7905633969115482,0.612380204990065,Rainy Season,1,2,5,10.5
2023-02-23,96073,SU,Sumatera Utara,22.4,33.1,27.3,88.0,2.8,5.4,,1010.3,,Sibolga (Pinangsori),North Sumatra,Sumatera Utara,1.5,10.700000000000003,52.86381737209555,2023,2,54,1,23,0.8660254037844386,0.5000000000000001,0.8009803309782905,0.5986906625177214,Rainy Season,1,2,5,2.8
2023-02-24,96073,SU,Sumatera Utara,23.0,33.6,26.9,89.0,24.1,6.1,,1010.6,,Sibolga (Pinangsori),North Sumatra,Sumatera Utara,1.6944444444444442,10.600000000000001,55.82230083649771,2023,2,55,1,24,0.8660254037844386,0.5000000000000001,0.8111602420785621,0.5848239578463322,Rainy Season,1,2,5,24.1
2023-02-25,96073,SU,Sumatera Utara,22.8,33.8,27.5,82.0,2.5,6.8,,1010.9,,Sibolga (Pinangsori),North Sumatra,Sumatera Utara,1.8888888888888888,10.999999999999996,52.51969351683567,2023,2,56,1,25,0.8660254037844386,0.5000000000000001,0.8211001178128892,0.5707841943569036,Rainy Season,1,2,5,2.5
2023-02-26,96073,SU,Sumatera Utara,21.4,33.8,26.8,83.0,7.1,8.9,,1011.8,,Sibolga (Pinangsori),North Sumatra,Sumatera Utara,2.4722222222222223,12.399999999999999,53.10686849527127,2023,2,57,1,26,0.8660254037844386,0.5000000000000001,0.8307970168121247,0.5565755266413303,Rainy Season,1,2,5,7.1
2023-02-27,96073,SU,Sumatera Utara,21.5,32.8,27.4,82.0,8.2,7.7,,1012.6,,Sibolga (Pinangsori),North Sumatra,Sumatera Utara,2.138888888888889,11.299999999999997,48.35691623763557,2023,2,58,1,27,0.8660254037844386,0.5000000000000001,0.8402480696078469,0.5422021592729844,Rainy Season,1,2,5,8.2
2023-02-28,96073,SU,Sumatera Utara,21.3,33.0,25.3,90.0,4.8,5.7,,1013.5,,Sibolga (Pinangsori),North Sumatra,Sumatera Utara,1.5833333333333333,11.7,53.54226602844455,2023,2,59,1,28,0.8660254037844386,0.5000000000000001,0.8494504794814806,0.527668345562516,Rainy Season,1,2,5,4.8
2023-03-01,96073,SU,Sumatera Utara,21.6,31.2,25.6,92.0,7.4,5.4,,1012.6,,Sibolga (Pinangsori),North Sumatra,Sumatera Utara,1.5,9.599999999999998,46.36413870599137,2023,3,60,1,1,1.0,6.123233995736766e-17,0.8584015232918917,0.512978386299228,Rainy Season,1,2,5,7.4
2023-03-02,96073,SU,Sumatera Utara,22.0,31.8,26.8,88.0,10.6,7.4,,1012.3,,Sibolga (Pinangsori),North Sumatra,Sumatera Utara,2.055555555555556,9.8,47.13896729491552,2023,3,61,1,2,1.0,6.123233995736766e-17,0.8670985522812081,0.4981366284784055,Rainy Season,1,2,5,10.6
2023-03-03,96073,SU,Sumatera Utara,22.8,26.8,24.4,96.0,14.7,5.1,,1015.1,,Sibolga (Pinangsori),North Sumatra,Sumatera Utara,1.4166666666666665,4.0,30.7339886736179,2023,3,62,1,3,1.0,6.123233995736766e-17,0.8755389928586302,0.4831474640149687,Rainy Season,1,2,5,14.7
2023-03-04,96073,SU,Sumatera Utara,22.0,32.2,25.6,91.0,17.8,5.8,,1013.9,,Sibolga (Pinangsori),North Sumatra,Sumatera Utara,1.611111111111111,10.200000000000003,50.35497115539578,2023,3,63,1,4,1.0,6.123233995736766e-17,0.8837203473619977,0.4680153284438345,Rainy Season,1,2,5,17.8
2023-03-05,96073,SU,Sumatera Utara,20.4,32.6,26.4,88.0,7.6,7.8,,1013.2,,Sibolga (Pinangsori),North Sumatra,Sumatera Utara,2.1666666666666665,12.200000000000003,50.60011783219564,2023,3,64,1,5,1.0,6.123233995736766e-17,0.8916401947968874,0.45274469960737107,Rainy Season,1,2,5,7.6
2023-03-06,96073,SU,Sumatera Utara,21.1,32.2,25.9,86.0,9.2,6.6,,1012.4,,Sibolga (Pinangsori),North Sumatra,Sumatera Utara,1.8333333333333333,11.100000000000001,47.870244318684605,2023,3,65,1,6,1.0,6.123233995736766e-17,0.8992961915530253,0.4373400963303323,Rainy Season,1,2,5,9.2
2023-03-07,96073,SU,Sumatera Utara,21.2,32.1,25.9,92.0,14.8,5.7,,1012.0,,Sibolga (Pinangsori),North Sumatra,Sumatera Utara,1.5833333333333333,10.900000000000002,50.406055478931094,2023,3,66,1,7,1.0,6.123233995736766e-17,0.9066860720977985,0.4218060770826634,Rainy Season,1,2,5,14.8
2023-03-08,96073,SU,Sumatera Utara,22.3,33.2,28.1,86.0,6.8,7.0,,1011.5,,Sibolga (Pinangsori),North Sumatra,Sumatera Utara,1.9444444444444444,10.900000000000002,52.18326873308451,2023,3,67,1,8,1.0,6.123233995736766e-17,0.9138076496466615,0.4061472386305789,Rainy Season,1,2,5,6.8
2023-03-09,96073,SU,Sumatera Utara,21.9,31.6,25.9,89.0,3.9,6.8,,1010.5,,Sibolga (Pinangsori),North Sumatra,Sumatera Utara,1.8888888888888888,9.700000000000003,46.75177282369783,2023,3,68,1,9,1.0,6.123233995736766e-17,0.9206588168102428,0.3903682146763026,Rainy Season,1,2,5,3.9
2023-03-10,96073,SU,Sumatera Utara,21.2,33.2,26.2,91.0,24.2,5.9,,1010.6,,Sibolga (Pinangsori),North Sumatra,Sumatera Utara,1.6388888888888888,12.000000000000004,55.0953612057957,2023,3,69,1,10,1.0,6.123233995736766e-17,0.9272375462179537,0.374473674486883,Rainy Season,1,2,5,24.2
2023-03-11,96073,SU,Sumatera Utara,22.2,30.0,26.3,94.0,10.2,5.5,,1012.2,,Sibolga (Pinangsori),North Sumatra,Sumatera Utara,1.5277777777777777,7.800000000000001,42.0583627555556,2023,3,70,1,11,1.0,6.123233995736766e-17,0.9335418911179212,0.35846832151248087,Rainy Season,1,2,5,10.2
2023-03-12,96073,SU,Sumatera Utara,22.1,33.4,26.0,90.0,4.6,6.8,,1010.9,,Sibolga (Pinangsori),North Sumatra,Sumatera Utara,1.8888888888888888,11.299999999999997,55.46654031660446,2023,3,71,1,12,1.0,6.123233995736766e-17,0.9395699859530622,0.342356891994542,Rainy Season,1,2,5,4.6
2023-03-13,96073,SU,Sumatera Utara,23.0,32.4,25.4,91.0,19.5,5.4,,1009.8,,Sibolga (Pinangsori),North Sumatra,Sumatera Utara,1.5,9.399999999999999,51.27756164931578,2023,3,72,1,13,1.0,6.123233995736766e-17,0.945320046913132,0.3261441535642696,Rainy Season,1,2,5,19.5
2023-03-14,96073,SU,Sumatera Utara,22.0,32.8,26.6,91.0,15.9,7.4,,1008.9,,Sibolga (Pinangsori),North Sumatra,Sumatera Utara,2.055555555555556,10.799999999999997,53.160973911395544,2023,3,73,1,14,1.0,6.123233995736766e-17,0.9507903724625832,0.3098349038318025,Rainy Season,1,2,5,15.9
2023-03-15,96073,SU,Sumatera Utara,23.4,32.6,26.8,90.0,20.1,5.6,,1009.3,,Sibolga (Pinangsori),North Sumatra,Sumatera Utara,1.5555555555555554,9.200000000000003,51.66846648780459,2023,3,74,1,15,1.0,6.123233995736766e-17,0.9559793438440766,0.2934339689665273,Rainy Season,1,2,5,20.1
2023-03-16,96073,SU,Sumatera Utara,22.8,33.2,27.6,88.0,5.8,7.7,,1009.8,,Sibolga (Pinangsori),North Sumatra,Sumatera Utara,2.138888888888889,10.400000000000002,53.32583239891565,2023,3,75,1,16,1.0,6.123233995736766e-17,0.9608854255574977,0.27694620226893646,Rainy Season,1,2,5,5.8
2023-03-17,96073,SU,Sumatera Utara,22.0,34.2,27.3,85.0,11.1,8.6,,1009.6,,Sibolga (Pinangsori),North Sumatra,Sumatera Utara,2.388888888888889,12.200000000000003,56.15324038419569,2023,3,76,1,17,1.0,6.123233995736766e-17,0.9655071658143364,0.2603764827344581,Rainy Season,1,2,5,11.1
2023-03-18,96073,SU,Sumatera Utara,22.3,34.4,28.6,85.0,17.0,8.2,,1008.6,,Sibolga (Pinangsori),North Sumatra,Sumatera Utara,2.2777777777777777,12.099999999999998,57.09521795091556,2023,3,77,1,18,1.0,6.123233995736766e-17,0.969843196967294,0.24372971360968387,Rainy Season,1,2,5,17.0
2023-03-19,96073,SU,Sumatera Utara,23.0,32.8,27.8,89.0,14.1,7.3,,1009.3,,Sibolga (Pinangsori),North Sumatra,Sumatera Utara,2.0277777777777777,9.799999999999997,52.04417312065772,2023,3,78,1,19,1.0,6.123233995736766e-17,0.9738922359149924,0.22701082094141847,Rainy Season,1,2,5,14.1
2023-03-20,96073,SU,Sumatera Utara,23.8,32.4,27.1,90.0,18.2,5.3,,1009.3,,Sibolga (Pinangsori),North Sumatra,Sumatera Utara,1.472222222222222,8.599999999999998,50.75049474780447,2023,3,79,1,20,1.0,6.123233995736766e-17,0.9776530844816641,0.2102247521189836,Rainy Season,1,2,5,18.2
2023-03-21,96073,SU,Sumatera Utara,23.4,33.0,28.2,90.0,2.4,6.5,,1008.9,,Sibolga (Pinangsori),North Sumatra,Sumatera Utara,1.8055555555555556,9.600000000000001,53.54226602844455,2023,3,80,1,21,1.0,6.123233995736766e-17,0.981124629771712,0.19337647441020586,Rainy Season,1,2,5,2.4
2023-03-22,96073,SU,Sumatera Utara,22.6,32.8,27.8,84.0,9.2,7.4,,1008.7,,Sibolga (Pinangsori),North Sumatra,Sumatera Utara,2.055555555555556,10.199999999999996,49.37525219079113,2023,3,81,1,22,1.0,6.123233995736766e-17,0.984305844499033,0.17647097349152166,Rainy Season,1,2,5,9.2
2023-03-23,96073,SU,Sumatera Utara,23.2,32.4,27.7,89.0,15.5,5.2,,1009.4,,Sibolga (Pinangsori),North Sumatra,Sumatera Utara,1.4444444444444444,9.2,50.2300675180979,2023,3,82,1,23,1.0,6.123233995736766e-17,0.9871957872910085,0.15951325197263655,Rainy Season,1,2,5,15.5
2023-03-24,96073,SU,Sumatera Utara,22.1,32.2,26.6,91.0,14.6,6.8,,1010.6,,Sibolga (Pinangsori),North Sumatra,Sumatera Utara,1.8888888888888888,10.100000000000001,50.35497115539578,2023,3,83,1,24,1.0,6.123233995736766e-17,0.9897936029670716,0.14250832791617088,Rainy Season,1,2,5,14.6
2023-03-25,96073,SU,Sumatera Utara,23.0,32.0,27.0,88.0,1.9,5.2,,1011.0,,Sibolga (Pinangsori),North Sumatra,Sumatera Utara,1.4444444444444444,9.0,47.98570469155576,2023,3,84,1,25,1.0,6.123233995736766e-17,0.992098522791769,0.12546123335273648,Rainy Season,1,2,5,1.9
2023-03-26,96073,SU,Sumatera Utara,22.8,32.6,27.5,86.0,2.2,5.6,,1009.5,,Sibolga (Pinangsori),North Sumatra,Sumatera Utara,1.5555555555555554,9.8,49.55911607180456,2023,3,85,1,26,1.0,6.123233995736766e-17,0.9941098647022418,0.10837701279187609,Rainy Season,1,2,5,2.2
2023-03-27,96073,SU,Sumatera Utara,23.0,33.0,27.4,87.0,11.9,6.8,,1008.8,,Sibolga (Pinangsori),North Sumatra,Sumatera Utara,1.8888888888888888,10.0,51.84705172577783,2023,3,86,1,27,1.0,6.123233995736766e-17,0.9958270335100595,0.09126072172931188,Rainy Season,1,2,5,11.9
2023-03-28,96073,SU,Sumatera Utara,22.8,32.8,26.6,89.0,10.0,5.8,,1010.0,,Sibolga (Pinangsori),North Sumatra,Sumatera Utara,1.611111111111111,9.999999999999996,52.04417312065772,2023,3,87,1,28,1.0,6.123233995736766e-17,0.9972495210773451,0.07411742515094437,Rainy Season,1,2,5,10.0
2023-03-29,96073,SU,Sumatera Utara,23.8,33.4,28.2,88.0,8.9,6.7,,1010.1,,Sibolga (Pinangsori),North Sumatra,Sumatera Utara,1.8611111111111112,9.599999999999998,54.259137571395556,2023,3,88,1,29,1.0,6.123233995736766e-17,0.998376906467142,0.056952196034039754,Rainy Season,1,2,5,8.9
2023-03-30,96073,SU,Sumatera Utara,23.2,30.0,25.3,93.0,6.3,5.9,,1010.8,,Sibolga (Pinangsori),North Sumatra,Sumatera Utara,1.6388888888888888,6.800000000000001,41.717199411111075,2023,3,89,1,30,1.0,6.123233995736766e-17,0.9992088560679753,0.03977011384605572,Rainy Season,1,2,5,6.3
2023-03-31,96073,SU,Sumatera Utara,21.6,30.6,26.3,90.0,26.6,5.9,,1010.3,,Sibolga (Pinangsori),North Sumatra,Sumatera Utara,1.6388888888888888,9.0,43.056589997404544,2023,3,90,1,31,1.0,6.123233995736766e-17,0.9997451236925734,0.022576263041545485,Rainy Season,1,2,5,26.6
2023-04-01,96073,SU,Sumatera Utara,21.6,32.6,25.8,91.0,24.6,6.4,,1010.2,,Sibolga (Pinangsori),North Sumatra,Sumatera Utara,1.777777777777778,11.0,52.21289590131552,2023,4,91,2,1,0.8660254037844387,-0.4999999999999998,0.9999855506507186,0.005375731557583884,Transition,2,2,5,24.6
2023-04-02,96073,SU,Sumatera Utara,22.6,31.0,25.9,91.0,20.2,4.8,,1010.6,,Sibolga (Pinangsori),North Sumatra,Sumatera Utara,1.3333333333333333,8.399999999999999,45.08704711155577,2023,4,92,2,2,0.8660254037844387,-0.4999999999999998,0.9999300657962057,-0.011826390691832589,Transition,2,2,5,20.2
2023-04-03,96073,SU,Sumatera Utara,22.0,30.4,25.8,91.0,1.7,4.7,,1010.4,,Sibolga (Pinangsori),North Sumatra,Sumatera Utara,1.3055555555555556,8.399999999999999,42.625125823715585,2023,4,93,2,3,0.8660254037844387,-0.4999999999999998,0.9995786855478958,-0.029025013321975237,Transition,2,2,5,1.7
2023-04-04,96073,SU,Sumatera Utara,22.0,33.2,27.6,84.0,0.0,5.8,,1010.0,,Sibolga (Pinangsori),North Sumatra,Sumatera Utara,1.611111111111111,11.200000000000003,51.070402831591146,2023,4,94,2,4,0.8660254037844387,-0.4999999999999998,0.9989315138848577,-0.046215046983708354,Transition,2,2,5,0.0
2023-04-05,96073,SU,Sumatera Utara,22.0,28.4,25.4,91.0,5.4,5.6,,1010.8,,Sibolga (Pinangsori),North Sumatra,Sumatera Utara,1.5555555555555554,6.399999999999999,35.247065806115714,2023,4,95,2,5,0.8660254037844387,-0.4999999999999998,0.9979887423155984,-0.06339140486951038,Transition,2,2,5,5.4
2023-04-06,96073,SU,Sumatera Utara,22.8,32.8,27.2,88.0,2.3,5.9,,1010.8,,Sibolga (Pinangsori),North Sumatra,Sumatera Utara,1.6388888888888888,9.999999999999996,51.49632252931549,2023,4,96,2,6,0.8660254037844387,-0.4999999999999998,0.9967506498213929,-0.08054900421874167,Transition,2,2,5,2.3
2023-04-07,96073,SU,Sumatera Utara,23.0,32.6,27.3,86.0,3.2,5.9,,1011.2,,Sibolga (Pinangsori),North Sumatra,Sumatera Utara,1.6388888888888888,9.600000000000001,49.55911607180456,2023,4,97,2,7,0.8660254037844387,-0.4999999999999998,0.9952176027737294,-0.09768276782171598,Transition,2,2,5,3.2
2023-04-08,96073,SU,Sumatera Utara,22.8,32.5,26.4,88.0,5.3,5.4,,1012.0,,Sibolga (Pinangsori),North Sumatra,Sumatera Utara,1.5,9.7,50.156653043055506,2023,4,98,2,8,0.8660254037844387,-0.4999999999999998,0.9933900548258936,-0.11478762552212701,Transition,2,2,5,5.3
2023-04-09,96073,SU,Sumatera Utara,21.8,32.6,26.1,90.0,12.7,5.3,,1012.2,,Sibolga (Pinangsori),North Sumatra,Sumatera Utara,1.472222222222222,10.8,51.66846648780459,2023,4,99,2,9,0.8660254037844387,-0.4999999999999998,0.9912685467787256,-0.13185851571739118,Transition,2,2,5,12.7
2023-04-10,96073,SU,Sumatera Utara,22.0,32.4,26.6,90.0,17.9,5.4,,1011.8,,Sibolga (Pinangsori),North Sumatra,Sumatera Utara,1.5,10.399999999999999,50.75049474780447,2023,4,100,2,10,0.8660254037844387,-0.4999999999999998,0.9888537064205885,-0.1488903868564548,Transition,2,2,5,17.9
2023-04-11,96073,SU,Sumatera Utara,21.8,33.2,28.1,88.0,9.3,6.7,,1010.6,,Sibolga (Pinangsori),North Sumatra,Sumatera Utara,1.8611111111111112,11.400000000000002,53.32583239891565,2023,4,101,2,11,0.8660254037844387,-0.4999999999999998,0.986146248341595,-0.16587819893463143,Transition,2,2,5,9.3
2023-04-12,96073,SU,Sumatera Utara,22.0,32.0,27.2,91.0,13.7,5.3,,1011.4,,Sibolga (Pinangsori),North Sumatra,Sumatera Utara,1.472222222222222,10.0,49.445124419555746,2023,4,102,2,12,0.8660254037844387,-0.4999999999999998,0.9831469737221499,-0.1828169249850199,Transition,2,2,5,13.7
2023-04-13,96073,SU,Sumatera Utara,23.4,33.4,27.8,86.0,1.0,5.1,,1010.8,,Sibolga (Pinangsori),North Sumatra,Sumatera Utara,1.4166666666666665,10.0,53.08221162860445,2023,4,103,2,13,0.8660254037844387,-0.4999999999999998,0.9798567700958665,-0.1997015525660636,Transition,2,2,5,1.0
2023-04-14,96073,SU,Sumatera Utara,23.0,33.6,27.9,88.0,4.4,4.6,,1010.7,,Sibolga (Pinangsori),North Sumatra,Sumatera Utara,1.2777777777777777,10.600000000000001,55.204809568995486,2023,4,104,2,14,0.8660254037844387,-0.4999999999999998,0.9762766110869321,-0.21652708524481437,Transition,2,2,5,4.4
2023-04-15,96073,SU,Sumatera Utara,23.0,33.2,27.8,91.0,9.6,5.4,,1010.8,,Sibolga (Pinangsori),North Sumatra,Sumatera Utara,1.5,10.200000000000003,55.0953612057957,2023,4,105,2,15,0.8660254037844387,-0.4999999999999998,0.9724075561219968,-0.23328854407545518,Transition,2,2,5,9.6
2023-04-16,96073,SU,Sumatera Utara,22.4,32.4,26.9,91.0,11.5,6.1,,1010.4,,Sibolga (Pinangsori),North Sumatra,Sumatera Utara,1.6944444444444442,10.0,51.27756164931578,2023,4,106,2,16,0.8660254037844387,-0.4999999999999998,0.9682507501166718,-0.2499809690726521,Transition,2,2,5,11.5
2023-04-17,96073,SU,Sumatera Utara,22.4,33.4,28.0,88.0,3.5,5.5,,1010.3,,Sibolga (Pinangsori),North Sumatra,Sumatera Utara,1.5277777777777777,11.0,54.259137571395556,2023,4,107,2,17,0.8660254037844387,-0.4999999999999998,0.9638074231367307,-0.26659942067929354,Transition,2,2,5,3.5
2023-04-18,96073,SU,Sumatera Utara,23.0,32.0,27.6,92.0,5.0,5.0,,1011.0,,Sibolga (Pinangsori),North Sumatra,Sumatera Utara,1.3888888888888888,9.0,49.94408535911126,2023,4,108,2,18,0.8660254037844387,-0.4999999999999998,0.9590788900341131,-0.28313898122818354,Transition,2,2,5,5.0
2023-04-19,96073,SU,Sumatera Utara,23.8,31.6,27.2,91.0,13.0,5.6,,1009.2,,Sibolga (Pinangsori),North Sumatra,Sumatera Utara,1.5555555555555554,7.800000000000001,47.66366222211559,2023,4,109,2,19,0.8660254037844387,-0.4999999999999998,0.9540665500578387,-0.2995947563972602,Transition,2,2,5,13.0
2023-04-20,96073,SU,Sumatera Utara,23.1,33.0,27.3,90.0,3.0,6.5,,1007.9,,Sibolga (Pinangsori),North Sumatra,Sumatera Utara,1.8055555555555556,9.899999999999999,53.54226602844455,2023,4,110,2,20,0.8660254037844387,-0.4999999999999998,0.9487718864399473,-0.31596187665790293,Transition,2,2,5,3.0
2023-04-21,96073,SU,Sumatera Utara,23.2,32.3,28.1,89.0,10.3,4.8,,1007.7,,Sibolga (Pinangsori),North Sumatra,Sumatera Utara,1.3333333333333333,9.099999999999998,49.78434926905777,2023,4,111,2,21,0.8660254037844387,-0.4999999999999998,0.9431964659565866,-0.33223549871590435,Transition,2,2,5,10.3
2023-04-22,96073,SU,Sumatera Utara,23.0,33.5,28.0,90.0,5.5,5.7,,1007.6,,Sibolga (Pinangsori),North Sumatra,Sumatera Utara,1.5833333333333333,10.5,55.95549556794459,2023,4,112,2,22,0.8660254037844387,-0.4999999999999998,0.9373419384643772,-0.3484108069446808,Transition,2,2,5,5.5
2023-04-23,96073,SU,Sumatera Utara,23.2,30.3,26.3,92.0,13.1,5.4,,1008.7,,Sibolga (Pinangsori),North Sumatra,Sumatera Utara,1.5,7.100000000000001,42.58280412029115,2023,4,113,2,23,0.8660254037844387,-0.4999999999999998,0.9312100364121947,-0.3644830148102912,Transition,2,2,5,13.1
2023-04-24,96073,SU,Sumatera Utara,23.2,34.4,28.1,89.0,19.4,6.9,,1008.5,,Sibolga (Pinangsori),North Sumatra,Sumatera Utara,1.9166666666666667,11.2,59.80031723329772,2023,4,114,2,24,0.8660254037844387,-0.4999999999999998,0.9248025743285089,-0.38044736628785164,Transition,2,2,5,19.4
2023-04-25,96073,SU,Sumatera Utara,23.8,30.6,26.6,93.0,9.3,5.1,,1008.9,,Sibolga (Pinangsori),North Sumatra,Sumatera Utara,1.4166666666666665,6.800000000000001,44.2004087301512,2023,4,115,2,25,0.8660254037844387,-0.4999999999999998,0.9181214482844364,-0.39629913726891813,Transition,2,2,5,9.3
2023-04-26,96073,SU,Sumatera Utara,23.6,33.6,27.3,89.0,14.6,6.3,,1008.0,,Sibolga (Pinangsori),North Sumatra,Sumatera Utara,1.75,10.0,55.82230083649771,2023,4,116,2,26,0.8660254037844387,-0.4999999999999998,0.9111686353326631,-0.41203363695942635,Transition,2,2,5,14.6
2023-04-27,96073,SU,Sumatera Utara,23.0,32.2,27.3,93.0,2.0,6.2,,1008.9,,Sibolga (Pinangsori),North Sumatra,Sumatera Utara,1.7222222222222223,9.200000000000003,51.3939562168713,2023,4,117,2,27,0.8660254037844387,-0.4999999999999998,0.9039461929224011,-0.42764620926777464,Transition,2,2,5,2.0
2023-04-28,96073,SU,Sumatera Utara,22.3,29.3,25.3,93.0,0.0,4.2,,1009.8,,Sibolga (Pinangsori),North Sumatra,Sumatera Utara,1.1666666666666667,7.0,38.96790793247129,2023,4,118,2,28,0.8660254037844387,-0.4999999999999998,0.8964562582905575,-0.44313223418263453,Transition,2,2,5,0.0
2023-04-29,96073,SU,Sumatera Utara,22.4,32.0,27.1,90.0,8.7,4.5,,1008.9,,Sibolga (Pinangsori),North Sumatra,Sumatera Utara,1.25,9.600000000000001,48.95240732844463,2023,4,119,2,29,0.8660254037844387,-0.4999999999999998,0.8887010478292915,-0.45848712914008766,Transition,2,2,5,8.7
2023-04-30,96073,SU,Sumatera Utara,22.0,33.0,26.9,90.0,22.1,5.5,,1008.0,,Sibolga (Pinangsori),North Sumatra,Sumatera Utara,1.5277777777777777,11.0,53.54226602844455,2023,4,120,2,30,0.8660254037844387,-0.4999999999999998,0.8806828564301475,-0.47370635037968,Transition,2,2,5,22.1
2023-05-01,96073,SU,Sumatera Utara,22.8,33.0,28.3,88.0,15.5,7.2,,1007.7,,Sibolga (Pinangsori),North Sumatra,Sumatera Utara,2.0,10.2,52.40489405155573,2023,5,121,2,1,0.49999999999999994,-0.8660254037844387,0.8724040568049612,-0.48878539428899265,Transition,2,2,5,15.5
2023-05-02,96073,SU,Sumatera Utara,23.0,33.4,27.8,91.0,9.9,6.3,,1008.8,,Sibolga (Pinangsori),North Sumatra,Sumatera Utara,1.75,10.399999999999999,56.081670490115684,2023,5,122,2,2,0.49999999999999994,-0.8660254037844387,0.8638670987837349,-0.503719798736334,Transition,2,2,5,9.9
2023-05-03,96073,SU,Sumatera Utara,22.3,32.8,27.2,89.0,7.4,5.7,,1010.0,,Sibolga (Pinangsori),North Sumatra,Sumatera Utara,1.5833333333333333,10.499999999999996,52.04417312065772,2023,5,123,2,3,0.49999999999999994,-0.8660254037844387,0.8550745085896932,-0.518505144391157,Transition,2,2,5,7.4
2023-05-04,96073,SU,Sumatera Utara,23.8,33.0,28.4,90.0,10.9,6.2,,1009.5,,Sibolga (Pinangsori),North Sumatra,Sumatera Utara,1.7222222222222223,9.2,53.54226602844455,2023,5,124,2,4,0.49999999999999994,-0.8660254037844387,0.8460288880917339,-0.533137056031809,Transition,2,2,5,10.9
2023-05-05,96073,SU,Sumatera Utara,24.0,31.8,27.9,89.0,9.1,6.6,,1008.7,,Sibolga (Pinangsori),North Sumatra,Sumatera Utara,1.8333333333333333,7.800000000000001,47.60260693345763,2023,5,125,2,5,0.49999999999999994,-0.8660254037844387,0.8367329140344921,-0.5476112038402312,Transition,2,2,5,9.1
2023-05-06,96073,SU,Sumatera Utara,24.0,31.8,26.6,95.0,36.8,7.9,,1009.2,,Sibolga (Pinangsori),North Sumatra,Sumatera Utara,2.1944444444444446,7.800000000000001,50.51139138348451,2023,5,126,2,6,0.49999999999999994,-0.8660254037844387,0.8271893372462497,-0.5619233046832195,Transition,2,2,5,36.8
2023-05-07,96073,SU,Sumatera Utara,22.8,28.6,25.6,95.0,10.9,8.8,,1009.5,,Sibolga (Pinangsori),North Sumatra,Sumatera Utara,2.4444444444444446,5.800000000000001,36.839163612604516,2023,5,127,2,7,0.49999999999999994,-0.8660254037844387,0.8174009818249189,-0.5760691233798758,Transition,2,2,5,10.9
2023-05-08,96073,SU,Sumatera Utara,22.6,28.8,24.6,96.0,41.9,11.1,,1009.7,,Sibolga (Pinangsori),North Sumatra,Sumatera Utara,3.083333333333333,6.199999999999999,37.845293032817914,2023,5,128,2,8,0.49999999999999994,-0.8660254037844387,0.8073707443023492,-0.5900444739548627,Transition,2,2,5,41.9
2023-05-09,96073,SU,Sumatera Utara,21.2,32.8,27.6,89.0,1.8,6.3,,1009.1,,Sibolga (Pinangsori),North Sumatra,Sumatera Utara,1.75,11.599999999999998,52.04417312065772,2023,5,129,2,9,0.49999999999999994,-0.8660254037844387,0.7971015927871943,-0.6038452208771035,Transition,2,2,5,1.8
2023-05-10,96073,SU,Sumatera Utara,21.3,33.4,28.1,80.0,0.0,5.8,,1008.4,,Sibolga (Pinangsori),North Sumatra,Sumatera Utara,1.611111111111111,12.099999999999998,49.734294614737784,2023,5,130,2,10,0.49999999999999994,-0.8660254037844387,0.7865965660866021,-0.6174672802835514,Transition,2,2,5,0.0
2023-05-11,96073,SU,Sumatera Utara,23.2,34.0,29.3,83.0,2.3,8.6,,1008.7,,Sibolga (Pinangsori),North Sumatra,Sumatera Utara,2.388888888888889,10.8,53.99091009511115,2023,5,131,2,11,0.49999999999999994,-0.8660254037844387,0.7758587728069828,-0.6309066211876704,Transition,2,2,5,2.3
2023-05-12,96073,SU,Sumatera Utara,22.6,33.8,28.3,86.0,7.8,7.7,,1009.6,,Sibolga (Pinangsori),North Sumatra,Sumatera Utara,2.138888888888889,11.199999999999996,54.91643543228447,2023,5,132,2,12,0.49999999999999994,-0.8660254037844387,0.7648913904341225,-0.6441592666722685,Transition,2,2,5,7.8
2023-05-13,96073,SU,Sumatera Utara,23.2,34.2,29.2,88.0,12.2,7.2,,1010.6,,Sibolga (Pinangsori),North Sumatra,Sumatera Utara,2.0,11.000000000000004,58.11602651251568,2023,5,133,2,13,0.49999999999999994,-0.8660254037844387,0.753697664392914,-0.6572212950663319,Transition,2,2,5,12.2
2023-05-14,96073,SU,Sumatera Utara,24.2,34.2,28.8,87.0,0.4,6.1,,1011.6,,Sibolga (Pinangsori),North Sumatra,Sumatera Utara,1.6944444444444442,10.000000000000004,57.45337196225784,2023,5,134,2,14,0.49999999999999994,-0.8660254037844387,0.742280907086982,-0.6700888411055113,Transition,2,2,5,0.4
2023-05-15,96073,SU,Sumatera Utara,23.1,33.6,28.5,87.0,1.5,5.4,,1012.1,,Sibolga (Pinangsori),North Sumatra,Sumatera Utara,1.5,10.5,54.59513168849767,2023,5,135,2,15,0.49999999999999994,-0.8660254037844387,0.7306444969184916,-0.6827580970759147,Transition,2,2,5,1.5
2023-05-16,96073,SU,Sumatera Utara,23.9,34.0,28.5,82.0,0.0,6.0,,1012.1,,Sibolga (Pinangsori),North Sumatra,Sumatera Utara,1.6666666666666665,10.100000000000001,53.387041427555644,2023,5,136,2,16,0.49999999999999994,-0.8660254037844387,0.7187918772884232,-0.6952253139408722,Transition,2,2,5,0.0
2023-05-17,96073,SU,Sumatera Utara,23.1,33.4,28.6,87.0,6.3,7.3,,1012.8,,Sibolga (Pinangsori),North Sumatra,Sumatera Utara,2.0277777777777777,10.299999999999997,53.666864999697864,2023,5,137,2,17,0.49999999999999994,-0.8660254037844387,0.7067265555776158,-0.7074868024503348,Transition,2,2,5,6.3
2023-05-18,96073,SU,Sumatera Utara,24.2,33.0,28.3,86.0,2.5,6.5,,1012.6,,Sibolga (Pinangsori),North Sumatra,Sumatera Utara,1.8055555555555556,8.8,51.29643850844445,2023,5,138,2,18,0.49999999999999994,-0.8660254037844387,0.6944521021088763,-0.719538934232584,Transition,2,2,5,2.5
2023-05-19,96073,SU,Sumatera Utara,24.2,33.2,27.1,91.0,9.3,6.7,,1011.8,,Sibolga (Pinangsori),North Sumatra,Sumatera Utara,1.8611111111111112,9.000000000000004,55.0953612057957,2023,5,139,2,19,0.49999999999999994,-0.8660254037844387,0.6819721490904629,-0.7313781428679254,Transition,2,2,5,9.3
2023-05-20,96073,SU,Sumatera Utara,23.7,33.1,27.8,87.0,2.1,6.7,,1010.7,,Sibolga (Pinangsori),North Sumatra,Sumatera Utara,1.8611111111111112,9.400000000000002,52.29741503129787,2023,5,140,2,20,0.49999999999999994,-0.8660254037844387,0.6692903895412567,-0.7430009249440493,Transition,2,2,5,2.1
2023-05-21,96073,SU,Sumatera Utara,22.0,31.6,27.2,89.0,6.3,6.8,,1012.2,,Sibolga (Pinangsori),North Sumatra,Sumatera Utara,1.8888888888888888,9.600000000000001,46.75177282369783,2023,5,141,2,21,0.49999999999999994,-0.8660254037844387,0.6564105761979381,-0.7544038410927472,Transition,2,2,5,6.3
2023-05-22,96073,SU,Sumatera Utara,22.4,34.0,28.3,88.0,9.3,5.1,,1012.5,,Sibolga (Pinangsori),North Sumatra,Sumatera Utara,1.4166666666666665,11.600000000000001,57.13325403955568,2023,5,142,2,22,0.49999999999999994,-0.8660254037844387,0.6433365204044917,-0.765583517007675,Transition,2,2,5,9.3
2023-05-23,96073,SU,Sumatera Utara,22.4,32.2,27.1,90.0,10.9,6.4,,1012.6,,Sibolga (Pinangsori),North Sumatra,Sumatera Utara,1.777777777777778,9.800000000000004,49.84514169468456,2023,5,143,2,23,0.49999999999999994,-0.8660254037844387,0.6300720909843687,-0.7765366444428655,Transition,2,2,5,10.9
2023-05-24,96073,SU,Sumatera Utara,22.4,32.8,28.2,88.0,11.1,5.0,,1012.8,,Sibolga (Pinangsori),North Sumatra,Sumatera Utara,1.3888888888888888,10.399999999999999,51.49632252931549,2023,5,144,2,24,0.49999999999999994,-0.8660254037844387,0.6166212130956382,-0.7872599821916922,Transition,2,2,5,11.1
2023-05-25,96073,SU,Sumatera Utara,22.6,32.4,28.2,88.0,4.1,5.0,,1012.5,,Sibolga (Pinangsori),North Sumatra,Sumatera Utara,1.3888888888888888,9.799999999999997,49.71627996019563,2023,5,145,2,25,0.49999999999999994,-0.8660254037844387,0.6029878670694714,-0.7977503570459932,Transition,2,2,5,4.1
2023-05-26,96073,SU,Sumatera Utara,23.2,31.3,27.6,91.0,13.8,5.3,,1012.5,,Sibolga (Pinangsori),North Sumatra,Sumatera Utara,1.472222222222222,8.100000000000001,46.36101793899548,2023,5,146,2,26,0.49999999999999994,-0.8660254037844387,0.5891760872322963,-0.8080046647350754,Transition,2,2,5,13.8
2023-05-27,96073,SU,Sumatera Utara,22.1,32.2,27.7,91.0,7.1,6.6,,1011.2,,Sibolga (Pinangsori),North Sumatra,Sumatera Utara,1.8333333333333333,10.100000000000001,50.35497115539578,2023,5,147,2,27,0.49999999999999994,-0.8660254037844387,0.5751899607119775,-0.8180198708443174,Transition,2,2,5,7.1
2023-05-28,96073,SU,Sumatera Utara,24.2,33.2,28.0,89.0,6.3,8.0,,1010.4,,Sibolga (Pinangsori),North Sumatra,Sumatera Utara,2.2222222222222223,9.000000000000004,53.90825089345785,2023,5,148,2,28,0.49999999999999994,-0.8660254037844387,0.5610336262283677,-0.8277930117131022,Transition,2,2,5,6.3
2023-05-29,96073,SU,Sumatera Utara,23.0,32.6,27.2,87.0,2.4,7.5,,1010.9,,Sibolga (Pinangsori),North Sumatra,Sumatera Utara,2.0833333333333335,9.600000000000001,50.07619859009788,2023,5,149,2,29,0.49999999999999994,-0.8660254037844387,0.5467112728685939,-0.8373211953118121,Transition,2,2,5,2.4
2023-05-30,96073,SU,Sumatera Utara,22.6,33.8,28.2,83.0,2.9,7.5,,1010.7,,Sibolga (Pinangsori),North Sumatra,Sumatera Utara,2.0833333333333335,11.199999999999996,53.10686849527127,2023,5,150,2,30,0.49999999999999994,-0.8660254037844387,0.5322271388474397,-0.8466016020976267,Transition,2,2,5,2.9
2023-05-31,96073,SU,Sumatera Utara,22.4,33.0,27.9,89.0,2.1,7.5,,1011.1,,Sibolga (Pinangsori),North Sumatra,Sumatera Utara,2.0833333333333335,10.600000000000001,52.969965485777884,2023,5,151,2,31,0.49999999999999994,-0.8660254037844387,0.5175855102531889,-0.8556314858488706,Transition,2,2,5,2.1
2023-06-01,96073,SU,Sumatera Utara,23.0,32.2,27.6,87.0,1.6,5.9,,1010.5,,Sibolga (Pinangsori),North Sumatra,Sumatera Utara,1.6388888888888888,9.200000000000003,48.354305592657965,2023,6,152,2,1,1.2246467991473532e-16,-1.0,0.5027907197793043,-0.8644081744776648,Dry Season,0,2,5,1.6
2023-06-02,96073,SU,Sumatera Utara,23.0,33.6,28.2,83.0,0.1,5.0,,1010.2,,Sibolga (Pinangsori),North Sumatra,Sumatera Utara,1.3888888888888888,10.600000000000001,52.234554036550975,2023,6,153,2,2,1.2246467991473532e-16,-1.0,0.4878471454423119,-0.8729290708206411,Dry Season,0,2,5,0.1
2023-06-03,96073,SU,Sumatera Utara,22.1,32.6,27.8,89.0,8.4,5.3,,1011.2,,Sibolga (Pinangsori),North Sumatra,Sumatera Utara,1.472222222222222,10.5,51.1308737980979,2023,6,154,2,3,1.2246467991473532e-16,-1.0,0.47275920928627757,-0.881191653407483,Dry Season,0,2,5,8.4
2023-06-04,96073,SU,Sumatera Utara,23.2,32.4,27.2,89.0,1.4,5.5,,1010.8,,Sibolga (Pinangsori),North Sumatra,Sumatera Utara,1.5277777777777777,9.2,50.2300675180979,2023,6,155,2,4,1.2246467991473532e-16,-1.0,0.4575313760742512,-0.8891934772070711,Dry Season,0,2,5,1.4
2023-06-05,96073,SU,Sumatera Utara,23.8,33.4,27.7,87.0,2.9,6.9,,1010.1,,Sibolga (Pinangsori),North Sumatra,Sumatera Utara,1.9166666666666667,9.599999999999998,53.666864999697864,2023,6,156,2,5,1.2246467991473532e-16,-1.0,0.44216815196707204,-0.8969321743510065,Dry Season,0,2,5,2.9
2023-06-06,96073,SU,Sumatera Utara,23.6,32.2,26.9,88.0,2.4,6.7,,1010.5,,Sibolga (Pinangsori),North Sumatra,Sumatera Utara,1.8611111111111112,8.600000000000001,48.84480891331581,2023,6,157,2,6,1.2246467991473532e-16,-1.0,0.42667408318992467,-0.9044054548343001,Dry Season,0,2,5,2.4
2023-06-07,96073,SU,Sumatera Utara,22.0,33.0,27.6,83.0,0.4,6.7,,1010.6,,Sibolga (Pinangsori),North Sumatra,Sumatera Utara,1.8611111111111112,11.0,49.68797350711129,2023,6,158,2,7,1.2246467991473532e-16,-1.0,0.4110537546870351,-0.9116111071930239,Dry Season,0,2,5,0.4
2023-06-08,96073,SU,Sumatera Utara,22.0,33.0,27.7,82.0,0.1,5.7,,1010.5,,Sibolga (Pinangsori),North Sumatra,Sumatera Utara,1.5833333333333333,11.0,49.166276723555654,2023,6,159,2,8,1.2246467991473532e-16,-1.0,0.3953117887649151,-0.9185469991587165,Dry Season,0,2,5,0.1
2023-06-09,96073,SU,Sumatera Utara,24.0,32.0,27.1,81.0,0.5,5.8,,1009.5,,Sibolga (Pinangsori),North Sumatra,Sumatera Utara,1.611111111111111,8.0,44.79892668844457,2023,6,160,2,9,1.2246467991473532e-16,-1.0,0.37945284372454435,-0.925211078289358,Dry Season,0,2,5,0.5
2023-06-10,96073,SU,Sumatera Utara,23.1,29.2,25.8,88.0,7.4,5.0,,1009.3,,Sibolga (Pinangsori),North Sumatra,Sumatera Utara,1.3888888888888888,6.099999999999998,37.25676222451574,2023,6,161,2,10,1.2246467991473532e-16,-1.0,0.36348161248290634,-0.9316013725767187,Dry Season,0,2,5,7.4
2023-06-11,96073,SU,Sumatera Utara,22.8,32.0,27.5,88.0,0.7,5.4,,1009.2,,Sibolga (Pinangsori),North Sumatra,Sumatera Utara,1.5,9.2,47.98570469155576,2023,6,162,2,11,1.2246467991473532e-16,-1.0,0.3474028211842774,-0.9377159910299093,Dry Season,0,2,5,0.7
2023-06-12,96073,SU,Sumatera Utara,23.0,33.8,28.1,82.0,0.0,7.0,,1009.2,,Sibolga (Pinangsori),North Sumatra,Sumatera Utara,1.9444444444444444,10.799999999999997,52.51969351683567,2023,6,163,2,12,1.2246467991473532e-16,-1.0,0.3312212278016865,-0.9435531242349544,Dry Season,0,2,5,0.0
2023-06-13,96073,SU,Sumatera Utara,22.4,34.0,29.0,80.0,0.0,6.6,,1009.9,,Sibolga (Pinangsori),North Sumatra,Sumatera Utara,1.8333333333333333,11.600000000000001,52.203904213777804,2023,6,164,2,13,1.2246467991473532e-16,-1.0,0.31494162072895193,-0.9491110448902284,Dry Season,0,2,5,0.0
2023-06-14,96073,SU,Sumatera Utara,23.0,35.0,28.1,81.0,0.0,6.5,,1010.7,,Sibolga (Pinangsori),North Sumatra,Sumatera Utara,1.8055555555555556,12.0,57.21761794444455,2023,6,165,2,14,1.2246467991473532e-16,-1.0,0.2985688173637202,-0.9543881083175908,Dry Season,0,2,5,0.0
2023-06-15,96073,SU,Sumatera Utara,22.0,33.8,26.6,79.0,0.0,8.8,,1010.9,,Sibolga (Pinangsori),North Sumatra,Sumatera Utara,2.4444444444444446,11.799999999999997,50.80621058323569,2023,6,166,2,15,1.2246467991473532e-16,-1.0,0.2821076626819194,-0.9593827529490743,Dry Season,0,2,5,0.0
2023-06-16,96073,SU,Sumatera Utara,21.8,34.0,27.6,77.0,0.0,7.0,,1010.0,,Sibolga (Pinangsori),North Sumatra,Sumatera Utara,1.9444444444444444,12.2,50.490698696444476,2023,6,167,2,16,1.2246467991473532e-16,-1.0,0.26556302780405594,-0.9640935007889755,Dry Season,0,2,5,0.0
2023-06-17,96073,SU,Sumatera Utara,21.3,33.0,26.9,83.0,2.3,8.5,,1011.0,,Sibolga (Pinangsori),North Sumatra,Sumatera Utara,2.361111111111111,11.7,49.68797350711129,2023,6,168,2,17,1.2246467991473532e-16,-1.0,0.24893980855376657,-0.9685189578512204,Dry Season,0,2,5,2.3
2023-06-18,96073,SU,Sumatera Utara,22.1,33.0,27.6,83.0,0.5,6.7,,1010.8,,Sibolga (Pinangsori),North Sumatra,Sumatera Utara,1.8611111111111112,10.899999999999999,49.68797350711129,2023,6,169,2,18,1.2246467991473532e-16,-1.0,0.23224292400907015,-0.9726578145718654,Dry Season,0,2,5,0.5
2023-06-19,96073,SU,Sumatera Utara,21.1,34.2,27.8,80.0,0.0,7.0,,1010.2,,Sibolga (Pinangsori),North Sumatra,Sumatera Utara,1.9444444444444444,13.100000000000001,53.04978032001784,2023,6,170,2,19,1.2246467991473532e-16,-1.0,0.21547731504673012,-0.976508846196619,Dry Season,0,2,5,0.0
2023-06-20,96073,SU,Sumatera Utara,22.8,33.6,27.6,77.0,0.0,6.3,,1010.0,,Sibolga (Pinangsori),North Sumatra,Sumatera Utara,1.75,10.8,48.92808916876442,2023,6,171,2,20,1.2246467991473532e-16,-1.0,0.19864794288017112,-0.9800709131432666,Dry Season,0,2,5,0.0
2023-06-21,96073,SU,Sumatera Utara,21.8,34.0,27.4,79.0,1.7,6.9,,1010.2,,Sibolga (Pinangsori),North Sumatra,Sumatera Utara,1.9166666666666667,12.2,51.624635667555665,2023,6,172,2,21,1.2246467991473532e-16,-1.0,0.18175978759137534,-0.9833429613388902,Dry Season,0,2,5,1.7
2023-06-22,96073,SU,Sumatera Utara,21.6,34.0,28.4,83.0,6.8,6.8,,1009.9,,Sibolga (Pinangsori),North Sumatra,Sumatera Utara,1.8888888888888888,12.399999999999999,53.99091009511115,2023,6,173,2,22,1.2246467991473532e-16,-1.0,0.16481784665719793,-0.9863240225317866,Dry Season,0,2,5,6.8
2023-06-23,96073,SU,Sumatera Utara,24.2,30.2,26.6,94.0,36.2,5.7,,1010.6,,Sibolga (Pinangsori),North Sumatra,Sumatera Utara,1.5833333333333333,6.0,42.88958046003564,2023,6,174,2,23,1.2246467991473532e-16,-1.0,0.14782713347053048,-0.9890132145779883,Dry Season,0,2,5,36.2
2023-06-24,96073,SU,Sumatera Utara,23.4,32.4,27.3,91.0,9.0,4.5,,1009.8,,Sibolga (Pinangsori),North Sumatra,Sumatera Utara,1.25,9.0,51.27756164931578,2023,6,175,2,24,1.2246467991473532e-16,-1.0,0.13079267585675922,-0.9914097417023038,Dry Season,0,2,5,9.0
2023-06-25,96073,SU,Sumatera Utara,22.1,32.3,27.4,89.0,3.6,6.3,,1010.0,,Sibolga (Pinangsori),North Sumatra,Sumatera Utara,1.75,10.199999999999996,49.78434926905777,2023,6,176,2,25,1.2246467991473532e-16,-1.0,0.11371951458594969,-0.9935128947338007,Dry Season,0,2,5,3.6
2023-06-26,96073,SU,Sumatera Utara,23.6,33.0,26.2,90.0,9.0,6.4,,1010.8,,Sibolga (Pinangsori),North Sumatra,Sumatera Utara,1.777777777777778,9.399999999999999,53.54226602844455,2023,6,177,2,26,1.2246467991473532e-16,-1.0,0.0966127018812031,-0.9953220513156602,Dry Season,0,2,5,9.0
2023-06-27,96073,SU,Sumatera Utara,22.1,32.8,27.2,90.0,11.4,5.6,,1011.1,,Sibolga (Pinangsori),North Sumatra,Sumatera Utara,1.5555555555555554,10.699999999999996,52.59905691468443,2023,6,178,2,27,1.2246467991473532e-16,-1.0,0.07947729992362097,-0.9968366760893436,Dry Season,0,2,5,11.4
2023-06-28,96073,SU,Sumatera Utara,23.0,32.2,27.4,89.0,1.0,5.7,,1011.6,,Sibolga (Pinangsori),North Sumatra,Sumatera Utara,1.5833333333333333,9.200000000000003,49.34175428065807,2023,6,179,2,28,1.2246467991473532e-16,-1.0,0.062318379354325076,-0.998056320853012,Dry Season,0,2,5,1.0
2023-06-29,96073,SU,Sumatera Utara,22.6,32.5,27.1,89.0,12.1,6.1,,1011.3,,Sibolga (Pinangsori),North Sumatra,Sumatera Utara,1.6944444444444442,9.899999999999999,50.67890902777798,2023,6,180,2,29,1.2246467991473532e-16,-1.0,0.04514101777397193,-0.9989806246941579,Dry Season,0,2,5,12.1
2023-06-30,96073,SU,Sumatera Utara,22.9,32.4,24.7,97.0,31.9,9.4,,1012.1,,Sibolga (Pinangsori),North Sumatra,Sumatera Utara,2.611111111111111,9.5,54.579396166275714,2023,6,181,2,30,1.2246467991473532e-16,-1.0,0.02795029824021032,-0.999609314096404,Dry Season,0,2,5,31.9
2023-07-01,96073,SU,Sumatera Utara,21.3,31.2,26.3,90.0,16.1,7.8,,1012.5,,Sibolga (Pinangsori),North Sumatra,Sumatera Utara,2.1666666666666665,9.899999999999999,45.507656732284595,2023,7,182,3,1,-0.4999999999999997,-0.8660254037844388,0.01075130776352193,-0.9999422030204416,Dry Season,0,2,5,16.1
2023-07-02,96073,SU,Sumatera Utara,21.8,31.6,27.6,85.0,0.0,6.1,,1011.7,,Sibolga (Pinangsori),North Sumatra,Sumatera Utara,1.6944444444444442,9.8,44.99814281811551,2023,7,183,3,2,-0.4999999999999997,-0.8660254037844388,-0.00645086419810515,-0.9999791929590823,Dry Season,0,2,5,0.0
2023-07-03,96073,SU,Sumatera Utara,23.2,32.3,27.8,82.0,0.0,5.5,,1010.5,,Sibolga (Pinangsori),North Sumatra,Sumatera Utara,1.5277777777777777,9.099999999999998,46.384254019535476,2023,7,184,3,3,-0.4999999999999997,-0.8660254037844388,-0.023651127245231586,-0.9997202729664083,Dry Season,0,2,5,0.0
2023-07-04,96073,SU,Sumatera Utara,22.3,33.2,27.5,84.0,6.9,7.9,,1009.9,,Sibolga (Pinangsori),North Sumatra,Sumatera Utara,2.1944444444444446,10.900000000000002,51.070402831591146,2023,7,185,3,4,-0.4999999999999997,-0.8660254037844388,-0.04084439154329611,-0.9991655196610109,Dry Season,0,2,5,6.9
2023-07-05,96073,SU,Sumatera Utara,22.8,31.4,26.1,91.0,13.4,4.9,,1010.5,,Sibolga (Pinangsori),North Sumatra,Sumatera Utara,1.3611111111111112,8.599999999999998,46.792046760515575,2023,7,186,3,5,-0.4999999999999997,-0.8660254037844388,-0.05802556932878035,-0.9983150972033183,Dry Season,0,2,5,13.4
2023-07-06,96073,SU,Sumatera Utara,22.0,33.2,26.4,86.0,2.1,6.0,,1010.6,,Sibolga (Pinangsori),North Sumatra,Sumatera Utara,1.6666666666666665,11.200000000000003,52.18326873308451,2023,7,187,3,6,-0.4999999999999997,-0.8660254037844388,-0.07518957641475855,-0.9971692572470178,Dry Season,0,2,5,2.1
2023-07-07,96073,SU,Sumatera Utara,22.4,34.1,26.7,90.0,6.1,5.8,,1011.7,,Sibolga (Pinangsori),North Sumatra,Sumatera Utara,1.611111111111111,11.700000000000003,58.95547518210457,2023,7,188,3,7,-0.4999999999999997,-0.8660254037844388,-0.09233133369539122,-0.9957283388645872,Dry Season,0,2,5,6.1
2023-07-08,96073,SU,Sumatera Utara,22.8,31.2,25.6,92.0,3.8,4.8,,1012.0,,Sibolga (Pinangsori),North Sumatra,Sumatera Utara,1.3333333333333333,8.399999999999999,46.36413870599137,2023,7,189,3,8,-0.4999999999999997,-0.8660254037844388,-0.10944576864891556,-0.993992768446958,Dry Season,0,2,5,3.8
2023-07-09,96073,SU,Sumatera Utara,22.0,32.4,27.1,87.0,2.4,6.7,,1010.8,,Sibolga (Pinangsori),North Sumatra,Sumatera Utara,1.8611111111111112,10.399999999999999,49.209132074097845,2023,7,190,3,9,-0.4999999999999997,-0.8660254037844388,-0.12652781683868314,-0.9919630595773397,Dry Season,0,2,5,2.4
2023-07-10,96073,SU,Sumatera Utara,22.6,28.6,25.2,93.0,9.4,6.6,,1011.4,,Sibolga (Pinangsori),North Sumatra,Sumatera Utara,1.8333333333333333,6.0,36.37777067255121,2023,7,191,3,10,-0.4999999999999997,-0.8660254037844388,-0.1435724234118113,-0.9896398128792412,Dry Season,0,2,5,9.4
2023-07-11,96073,SU,Sumatera Utara,22.8,32.4,27.3,90.0,1.1,6.0,,1011.0,,Sibolga (Pinangsori),North Sumatra,Sumatera Utara,1.6666666666666665,9.599999999999998,50.75049474780447,2023,7,192,3,11,-0.4999999999999997,-0.8660254037844388,-0.16057454459499376,-0.9870237158387383,Dry Season,0,2,5,1.1
2023-07-12,96073,SU,Sumatera Utara,22.2,32.6,27.9,85.0,1.9,6.2,,1010.8,,Sibolga (Pinangsori),North Sumatra,Sumatera Utara,1.7222222222222223,10.400000000000002,49.04887027731555,2023,7,193,3,12,-0.4999999999999997,-0.8660254037844388,-0.17752914918703497,-0.984115542601034,Dry Season,0,2,5,1.9
2023-07-13,96073,SU,Sumatera Utara,22.9,32.4,26.8,90.0,31.5,6.8,,1012.5,,Sibolga (Pinangsori),North Sumatra,Sumatera Utara,1.8888888888888888,9.5,50.75049474780447,2023,7,194,3,13,-0.4999999999999997,-0.8660254037844388,-0.19443122004766195,-0.9809161537413774,Dry Season,0,2,5,31.5
2023-07-14,96073,SU,Sumatera Utara,22.6,31.3,26.2,88.0,5.4,6.2,,1013.1,,Sibolga (Pinangsori),North Sumatra,Sumatera Utara,1.7222222222222223,8.7,45.07622866321562,2023,7,195,3,14,-0.4999999999999997,-0.8660254037844388,-0.2112757555821793,-0.9774264960104055,Dry Season,0,2,5,5.4
2023-07-15,96073,SU,Sumatera Utara,22.4,32.8,27.1,80.0,0.0,5.7,,1011.8,,Sibolga (Pinangsori),North Sumatra,Sumatera Utara,1.5833333333333333,10.399999999999999,47.3667130952178,2023,7,196,3,15,-0.4999999999999997,-0.8660254037844388,-0.2280577712215198,-0.9736476020539838,Dry Season,0,2,5,0.0
2023-07-16,96073,SU,Sumatera Utara,22.2,32.8,27.6,80.0,0.8,7.4,,1010.7,,Sibolga (Pinangsori),North Sumatra,Sumatera Utara,2.055555555555556,10.599999999999998,47.3667130952178,2023,7,197,3,16,-0.4999999999999997,-0.8660254037844388,-0.24477230089725957,-0.9695805901076308,Dry Season,0,2,5,0.8
2023-07-17,96073,SU,Sumatera Utara,22.2,32.0,26.5,90.0,4.9,6.8,,1010.1,,Sibolga (Pinangsori),North Sumatra,Sumatera Utara,1.8888888888888888,9.8,48.95240732844463,2023,7,198,3,17,-0.4999999999999997,-0.8660254037844388,-0.2614143985111562,-0.965226663665613,Dry Season,0,2,5,4.9
2023-07-18,96073,SU,Sumatera Utara,22.1,31.8,26.8,92.0,9.9,6.3,,1010.1,,Sibolga (Pinangsori),North Sumatra,Sumatera Utara,1.75,9.7,49.02979631159108,2023,7,199,3,18,-0.4999999999999997,-0.8660254037844388,-0.2779791393987801,-0.9605871111248129,Dry Season,0,2,5,9.9
2023-07-19,96073,SU,Sumatera Utara,22.6,29.0,25.4,96.0,18.2,7.3,,1010.4,,Sibolga (Pinangsori),North Sumatra,Sumatera Utara,2.0277777777777777,6.399999999999999,38.629906313777745,2023,7,200,3,19,-0.4999999999999997,-0.8660254037844388,-0.2944616217868012,-0.9556633054034704,Dry Season,0,2,5,18.2
2023-07-20,96073,SU,Sumatera Utara,23.2,29.0,25.5,95.0,9.1,8.2,,1010.9,,Sibolga (Pinangsori),North Sumatra,Sumatera Utara,2.2777777777777777,5.800000000000001,38.36285572044428,2023,7,201,3,20,-0.4999999999999997,-0.8660254037844388,-0.3108569682435036,-0.9504567035349151,Dry Season,0,2,5,9.1
2023-07-21,96073,SU,Sumatera Utara,22.4,32.2,26.6,87.0,0.9,6.2,,1011.3,,Sibolga (Pinangsori),North Sumatra,Sumatera Utara,1.7222222222222223,9.800000000000004,48.354305592657965,2023,7,202,3,21,-0.4999999999999997,-0.8660254037844388,-0.3271603271220951,-0.9449688462364056,Dry Season,0,2,5,0.9
2023-07-22,96073,SU,Sumatera Utara,22.3,32.4,27.2,85.0,0.6,6.4,,1011.9,,Sibolga (Pinangsori),North Sumatra,Sumatera Utara,1.777777777777778,10.099999999999998,48.214755317315564,2023,7,203,3,22,-0.4999999999999997,-0.8660254037844388,-0.34336687399638804,-0.939201357453208,Dry Season,0,2,5,0.6
2023-07-23,96073,SU,Sumatera Utara,22.1,29.6,25.8,89.0,7.7,6.3,,1012.6,,Sibolga (Pinangsori),North Sumatra,Sumatera Utara,1.75,7.5,38.930549066897875,2023,7,204,3,23,-0.4999999999999997,-0.8660254037844388,-0.3594718130884232,-0.9331559438780432,Dry Season,0,2,5,7.7
2023-07-24,96073,SU,Sumatera Utara,21.3,32.4,27.5,86.0,3.1,6.9,,1011.3,,Sibolga (Pinangsori),North Sumatra,Sumatera Utara,1.9166666666666667,11.099999999999998,48.708623859804554,2023,7,205,3,24,-0.4999999999999997,-0.8660254037844388,-0.3754703786876202,-0.9268343944460494,Dry Season,0,2,5,3.1
2023-07-25,96073,SU,Sumatera Utara,22.4,32.6,27.2,83.0,0.0,6.6,,1011.2,,Sibolga (Pinangsori),North Sumatra,Sumatera Utara,1.8333333333333333,10.200000000000003,48.048888859751145,2023,7,206,3,25,-0.4999999999999997,-0.8660254037844388,-0.3913578365610259,-0.9202385798054075,Dry Season,0,2,5,0.0
2023-07-26,96073,SU,Sumatera Utara,22.3,32.6,27.7,84.0,0.2,5.9,,1012.0,,Sibolga (Pinangsori),North Sumatra,Sumatera Utara,1.6388888888888888,10.3,48.54546120663123,2023,7,207,3,26,-0.4999999999999997,-0.8660254037844388,-0.4071294853542516,-0.9133704517637858,Dry Season,0,2,5,0.2
2023-07-27,96073,SU,Sumatera Utara,22.4,34.1,27.8,82.0,0.0,5.8,,1011.9,,Sibolga (Pinangsori),North Sumatra,Sumatera Utara,1.611111111111111,11.700000000000003,53.82506443977558,2023,7,208,3,27,-0.4999999999999997,-0.8660254037844388,-0.4227806579826773,-0.9062320427107697,Dry Season,0,2,5,0.0
2023-07-28,96073,SU,Sumatera Utara,22.1,33.2,27.6,83.0,0.0,5.8,,1011.0,,Sibolga (Pinangsori),North Sumatra,Sumatera Utara,1.611111111111111,11.100000000000001,50.52510654247124,2023,7,209,3,28,-0.4999999999999997,-0.8660254037844388,-0.4383067230125192,-0.898825465016444,Dry Season,0,2,5,0.0
2023-07-29,96073,SU,Sumatera Utara,22.6,33.4,27.9,82.0,0.2,6.8,,1010.8,,Sibolga (Pinangsori),North Sumatra,Sumatera Utara,1.8888888888888888,10.799999999999997,50.81979015027563,2023,7,210,3,29,-0.4999999999999997,-0.8660254037844388,-0.45370308603134424,-0.8911529104063088,Dry Season,0,2,5,0.2
2023-07-30,96073,SU,Sumatera Utara,22.5,32.8,26.7,90.0,10.4,6.9,,1011.0,,Sibolga (Pinangsori),North Sumatra,Sumatera Utara,1.9166666666666667,10.299999999999997,52.59905691468443,2023,7,211,3,30,-0.4999999999999997,-0.8660254037844388,-0.46896519100763184,-0.8832166493127127,Dry Season,0,2,5,10.4
2023-07-31,96073,SU,Sumatera Utara,23.3,32.2,27.8,90.0,17.5,5.5,,1010.5,,Sibolga (Pinangsori),North Sumatra,Sumatera Utara,1.5277777777777777,8.900000000000002,49.84514169468456,2023,7,212,3,31,-0.4999999999999997,-0.8660254037844388,-0.48408852163897587,-0.8750190302029955,Dry Season,0,2,5,17.5
2023-08-01,96073,SU,Sumatera Utara,22.9,32.0,25.4,95.0,19.1,8.1,,1012.1,,Sibolga (Pinangsori),North Sumatra,Sumatera Utara,2.25,9.100000000000001,51.47843126844473,2023,8,213,3,1,-0.8660254037844385,-0.5000000000000004,-0.4990686026885319,-0.8665624788845385,Dry Season,0,2,5,19.1
2023-08-02,96073,SU,Sumatera Utara,23.2,31.0,26.2,88.0,1.3,5.9,,1012.4,,Sibolga (Pinangsori),North Sumatra,Sumatera Utara,1.6388888888888888,7.800000000000001,43.87568595955574,2023,8,214,3,2,-0.8660254037844385,-0.5000000000000004,-0.5139010013093103,-0.8578494977869301,Dry Season,0,2,5,1.3
2023-08-03,96073,SU,Sumatera Utara,22.8,32.6,27.4,84.0,0.5,6.1,,1012.5,,Sibolga (Pinangsori),North Sumatra,Sumatera Utara,1.6944444444444442,9.8,48.54546120663123,2023,8,215,3,3,-0.8660254037844385,-0.5000000000000004,-0.5285813283559292,-0.8488826652214553,Dry Season,0,2,5,0.5
2023-08-04,96073,SU,Sumatera Utara,23.0,33.6,27.6,83.0,1.4,6.4,,1013.3,,Sibolga (Pinangsori),North Sumatra,Sumatera Utara,1.777777777777778,10.600000000000001,52.234554036550975,2023,8,216,3,4,-0.8660254037844385,-0.5000000000000004,-0.5431052396834317,-0.8396646346181327,Dry Season,0,2,5,1.4
2023-08-05,96073,SU,Sumatera Utara,21.4,33.4,27.8,84.0,2.7,7.4,,1013.2,,Sibolga (Pinangsori),North Sumatra,Sumatera Utara,2.055555555555556,12.0,51.935762488231035,2023,8,217,3,5,-0.8660254037844385,-0.5000000000000004,-0.5574684374327892,-0.8301981337405212,Dry Season,0,2,5,2.7
2023-08-06,96073,SU,Sumatera Utara,22.1,31.9,27.1,87.0,0.1,5.4,,1012.6,,Sibolga (Pinangsori),North Sumatra,Sumatera Utara,1.5,9.799999999999997,47.09501593529777,2023,8,218,3,6,-0.8660254037844385,-0.5000000000000004,-0.5716666713027052,-0.8204859638785327,Dry Season,0,2,5,0.1
2023-08-07,96073,SU,Sumatera Utara,23.0,32.4,27.6,88.0,8.0,7.3,,1011.8,,Sibolga (Pinangsori),North Sumatra,Sumatera Utara,2.0277777777777777,9.399999999999999,49.71627996019563,2023,8,219,3,7,-0.8660254037844385,-0.5000000000000004,-0.5856957398073508,-0.8105309990194823,Dry Season,0,2,5,8.0
2023-08-08,96073,SU,Sumatera Utara,23.0,31.8,26.8,89.0,2.1,7.1,,1012.2,,Sibolga (Pinangsori),North Sumatra,Sumatera Utara,1.972222222222222,8.8,47.60260693345763,2023,8,220,3,8,-0.8660254037844385,-0.5000000000000004,-0.5995514915196489,-0.8003361849976323,Dry Season,0,2,5,2.1
2023-08-09,96073,SU,Sumatera Utara,23.0,31.4,26.1,90.0,31.3,6.6,,1012.5,,Sibolga (Pinangsori),North Sumatra,Sumatera Utara,1.8333333333333333,8.399999999999999,46.34991635100436,2023,8,221,3,9,-0.8660254037844385,-0.5000000000000004,-0.6132298262997502,-0.7899045386224707,Dry Season,0,2,5,31.3
2023-08-10,96073,SU,Sumatera Utara,23.0,31.2,25.4,92.0,19.5,6.0,,1013.2,,Sibolga (Pinangsori),North Sumatra,Sumatera Utara,1.6666666666666665,8.2,46.36413870599137,2023,8,222,3,10,-0.8660254037844385,-0.5000000000000004,-0.6267266965083301,-0.7792391467859886,Dry Season,0,2,5,19.5
2023-08-11,96073,SU,Sumatera Utara,21.3,31.2,26.7,91.0,10.8,6.1,,1012.2,,Sibolga (Pinangsori),North Sumatra,Sumatera Utara,1.6944444444444442,9.899999999999999,45.93317505699567,2023,8,223,3,11,-0.8660254037844385,-0.5000000000000004,-0.6400381082043503,-0.7683431655492202,Dry Season,0,2,5,10.8
2023-08-12,96073,SU,Sumatera Utara,22.9,29.1,25.7,90.0,3.6,5.4,,1011.7,,Sibolga (Pinangsori),North Sumatra,Sumatera Utara,1.5,6.200000000000003,37.42578395610456,2023,8,224,3,12,-0.8660254037844385,-0.5000000000000004,-0.65316012232693,-0.7572198192083127,Dry Season,0,2,5,3.6
2023-08-13,96073,SU,Sumatera Utara,22.6,33.4,26.7,92.0,16.8,8.9,,1011.6,,Sibolga (Pinangsori),North Sumatra,Sumatera Utara,2.4722222222222223,10.799999999999997,56.704419864231184,2023,8,225,3,13,-0.8660254037844385,-0.5000000000000004,-0.666088855860977,-0.7458723993404063,Dry Season,0,2,5,16.8
2023-08-14,96073,SU,Sumatera Utara,21.2,32.2,24.4,96.0,21.3,6.3,,1012.6,,Sibolga (Pinangsori),North Sumatra,Sumatera Utara,1.75,11.000000000000004,53.000749159217925,2023,8,226,3,14,-0.8660254037844385,-0.5000000000000004,-0.6788204829862355,-0.734304263829602,Dry Season,0,2,5,21.3
2023-08-15,96073,SU,Sumatera Utara,22.6,31.4,26.8,88.0,6.0,5.7,,1012.7,,Sibolga (Pinangsori),North Sumatra,Sumatera Utara,1.5833333333333333,8.799999999999997,45.48259297699553,2023,8,227,3,15,-0.8660254037844385,-0.5000000000000004,-0.6913512362094071,-0.722518835873311,Dry Season,0,2,5,6.0
2023-08-16,96073,SU,Sumatera Utara,22.8,32.8,27.7,88.0,6.3,5.6,,1011.9,,Sibolga (Pinangsori),North Sumatra,Sumatera Utara,1.5555555555555554,9.999999999999996,51.49632252931549,2023,8,228,3,16,-0.8660254037844385,-0.5000000000000004,-0.7036774074790128,-0.7105196029692745,Dry Season,0,2,5,6.3
2023-08-17,96073,SU,Sumatera Utara,21.4,30.2,25.2,93.0,27.5,6.3,,1011.7,,Sibolga (Pinangsori),North Sumatra,Sumatera Utara,1.75,8.8,42.53194366967125,2023,8,229,3,17,-0.8660254037844385,-0.5000000000000004,-0.7157953492826642,-0.6983101158835584,Dry Season,0,2,5,27.5
2023-08-18,96073,SU,Sumatera Utara,22.0,31.8,26.8,90.0,5.6,5.8,,1010.9,,Sibolga (Pinangsori),North Sumatra,Sumatera Utara,1.611111111111111,9.8,48.072291649084335,2023,8,230,3,18,-0.8660254037844385,-0.5000000000000004,-0.7277014757264236,-0.6858939875998223,Dry Season,0,2,5,5.6
2023-08-19,96073,SU,Sumatera Utara,21.4,32.0,26.1,92.0,3.1,6.0,,1010.8,,Sibolga (Pinangsori),North Sumatra,Sumatera Utara,1.6666666666666665,10.600000000000001,49.94408535911126,2023,8,231,3,19,-0.8660254037844385,-0.5000000000000004,-0.7393922635959241,-0.673274892250183,Dry Season,0,2,5,3.1
2023-08-20,96073,SU,Sumatera Utara,23.2,31.2,26.1,92.0,31.0,5.9,,1011.1,,Sibolga (Pinangsori),North Sumatra,Sumatera Utara,1.6388888888888888,8.0,46.36413870599137,2023,8,232,3,20,-0.8660254037844385,-0.5000000000000004,-0.7508642533989489,-0.6604565640279754,Dry Season,0,2,5,31.0
2023-08-21,96073,SU,Sumatera Utara,22.8,32.0,27.4,91.0,0.9,5.4,,1010.5,,Sibolga (Pinangsori),North Sumatra,Sumatera Utara,1.5,9.2,49.445124419555746,2023,8,233,3,21,-0.8660254037844385,-0.5000000000000004,-0.7621140503891487,-0.6474427960827475,Dry Season,0,2,5,0.9
2023-08-22,96073,SU,Sumatera Utara,22.3,31.4,26.9,88.0,8.4,5.0,,1010.3,,Sibolga (Pinangsori),North Sumatra,Sumatera Utara,1.3888888888888888,9.099999999999998,45.48259297699553,2023,8,234,3,22,-0.8660254037844385,-0.5000000000000004,-0.7731383255706026,-0.6342374393978054,Dry Season,0,2,5,8.4
2023-08-23,96073,SU,Sumatera Utara,22.0,33.2,28.2,87.0,1.4,5.7,,1010.4,,Sibolga (Pinangsori),North Sumatra,Sumatera Utara,1.5833333333333333,11.200000000000003,52.75083834545785,2023,8,235,3,23,-0.8660254037844385,-0.5000000000000004,-0.7839338166829201,-0.620844401650647,Dry Season,0,2,5,1.4
2023-08-24,96073,SU,Sumatera Utara,22.4,31.4,26.7,88.0,6.3,5.4,,1010.1,,Sibolga (Pinangsori),North Sumatra,Sumatera Utara,1.5,9.0,45.48259297699553,2023,8,236,3,24,-0.8660254037844385,-0.5000000000000004,-0.7944973291665992,-0.6072676460566135,Dry Season,0,2,5,6.3
2023-08-25,96073,SU,Sumatera Utara,21.6,30.0,25.5,94.0,50.1,5.3,,1011.1,,Sibolga (Pinangsori),North Sumatra,Sumatera Utara,1.472222222222222,8.399999999999999,42.0583627555556,2023,8,237,3,25,-0.8660254037844385,-0.5000000000000004,-0.8048257371083452,-0.593511190196115,Dry Season,0,2,5,50.1
2023-08-26,96073,SU,Sumatera Utara,22.4,29.8,26.3,92.0,20.3,7.2,,1011.9,,Sibolga (Pinangsori),North Sumatra,Sumatera Utara,2.0,7.400000000000002,40.594659925191245,2023,8,238,3,26,-0.8660254037844385,-0.5000000000000004,-0.8149159841660791,-0.5795791048257612,Dry Season,0,2,5,20.3
2023-08-27,96073,SU,Sumatera Utara,22.1,33.0,28.2,87.0,4.0,5.7,,1010.4,,Sibolga (Pinangsori),North Sumatra,Sumatera Utara,1.5833333333333333,10.899999999999999,51.84705172577783,2023,8,239,3,27,-0.8660254037844385,-0.5000000000000004,-0.8247650844733614,-0.5654755126737576,Dry Season,0,2,5,4.0
2023-08-28,96073,SU,Sumatera Utara,23.2,31.8,27.1,91.0,4.9,6.3,,1010.8,,Sibolga (Pinangsori),North Sumatra,Sumatera Utara,1.75,8.600000000000001,48.54802144179544,2023,8,240,3,28,-0.8660254037844385,-0.5000000000000004,-0.8343701235229538,-0.5512045872199277,Dry Season,0,2,5,4.9
2023-08-29,96073,SU,Sumatera Utara,21.2,31.3,27.1,90.0,12.0,4.8,,1010.2,,Sibolga (Pinangsori),North Sumatra,Sumatera Utara,1.3333333333333333,10.100000000000001,45.927209205784365,2023,8,241,3,29,-0.8660254037844385,-0.5000000000000004,-0.8437282590292712,-0.5367705514607103,Dry Season,0,2,5,12.0
2023-08-30,96073,SU,Sumatera Utara,23.2,32.4,27.7,86.0,0.4,7.4,,1010.2,,Sibolga (Pinangsori),North Sumatra,Sumatera Utara,2.055555555555556,9.2,48.708623859804554,2023,8,242,3,30,-0.8660254037844385,-0.5000000000000004,-0.8528367217694595,-0.522177676659508,Dry Season,0,2,5,0.4
2023-08-31,96073,SU,Sumatera Utara,23.6,31.0,26.6,92.0,9.5,4.8,,1011.4,,Sibolga (Pinangsori),North Sumatra,Sumatera Utara,1.3333333333333333,7.399999999999999,45.50132268311144,2023,8,243,3,31,-0.8660254037844385,-0.5000000000000004,-0.8616928164028522,-0.5074302810827518,Dry Season,0,2,5,9.5
2023-09-01,96073,SU,Sumatera Utara,22.6,28.9,24.8,93.0,3.7,6.5,,1012.1,,Sibolga (Pinangsori),North Sumatra,Sumatera Utara,1.8055555555555556,6.299999999999997,37.468341226551196,2023,9,244,3,1,-1.0,-1.8369701987210297e-16,-0.8702939222685674,-0.49253272872205434,Dry Season,0,2,5,3.7
2023-09-02,96073,SU,Sumatera Utara,22.2,32.2,27.7,85.0,3.7,5.7,,1010.6,,Sibolga (Pinangsori),North Sumatra,Sumatera Utara,1.5833333333333333,10.000000000000004,47.39262509139572,2023,9,245,3,2,-1.0,-1.8369701987210297e-16,-0.8786374941610001,-0.4774894280028391,Dry Season,0,2,5,3.7
2023-09-03,96073,SU,Sumatera Utara,23.3,28.4,25.2,92.0,9.4,7.4,,1010.1,,Sibolga (Pinangsori),North Sumatra,Sumatera Utara,2.055555555555556,5.099999999999998,35.45572569623131,2023,9,246,3,3,-1.0,-1.8369701987210297e-16,-0.886721063082993,-0.46230483047981086,Dry Season,0,2,5,9.4
2023-09-04,96073,SU,Sumatera Utara,22.1,32.1,27.2,92.0,16.7,5.3,,1008.9,,Sibolga (Pinangsori),North Sumatra,Sumatera Utara,1.472222222222222,10.0,50.406055478931094,2023,9,247,3,4,-1.0,-1.8369701987210297e-16,-0.8945422369764496,-0.4469834295196741,Dry Season,0,2,5,16.7
2023-09-05,96073,SU,Sumatera Utara,23.5,29.0,25.3,95.0,24.4,6.5,,1010.5,,Sibolga (Pinangsori),North Sumatra,Sumatera Utara,1.8055555555555556,5.5,38.36285572044428,2023,9,248,3,5,-1.0,-1.8369701987210297e-16,-0.9020987014301837,-0.43152975897147144,Dry Season,0,2,5,24.4
2023-09-06,96073,SU,Sumatera Utara,22.7,28.0,24.4,96.0,10.4,4.4,,1011.7,,Sibolga (Pinangsori),North Sumatra,Sumatera Utara,1.2222222222222223,5.300000000000001,34.84044508177789,2023,9,249,3,6,-1.0,-1.8369701987210297e-16,-0.9093882203647925,-0.4159483918249421,Dry Season,0,2,5,10.4
2023-09-07,96073,SU,Sumatera Utara,21.0,31.7,26.9,90.0,2.9,6.1,,1010.4,,Sibolga (Pinangsori),North Sumatra,Sumatera Utara,1.6944444444444442,10.7,47.63696581698447,2023,9,250,3,7,-1.0,-1.8369701987210297e-16,-0.9164086366943458,-0.4002439388573056,Dry Season,0,2,5,2.9
2023-09-08,96073,SU,Sumatera Utara,22.3,33.4,26.4,89.0,21.5,5.9,,1010.6,,Sibolga (Pinangsori),North Sumatra,Sumatera Utara,1.6388888888888888,11.099999999999998,54.859029343697834,2023,9,251,3,8,-1.0,-1.8369701987210297e-16,-0.9231578729647039,-0.38442104726885545,Dry Season,0,2,5,21.5
2023-09-09,96073,SU,Sumatera Utara,21.4,31.2,24.7,94.0,23.2,5.7,,1012.0,,Sibolga (Pinangsori),North Sumatra,Sumatera Utara,1.5833333333333333,9.8,47.24240197683572,2023,9,252,3,9,-1.0,-1.8369701987210297e-16,-0.9296339319682695,-0.3684843993077793,Dry Season,0,2,5,23.2
2023-09-10,96073,SU,Sumatera Utara,21.3,30.8,26.1,91.0,3.7,5.7,,1011.9,,Sibolga (Pinangsori),North Sumatra,Sumatera Utara,1.5833333333333333,9.5,44.25366292419539,2023,9,253,3,10,-1.0,-1.8369701987210297e-16,-0.9358348973349941,-0.35243871088460327,Dry Season,0,2,5,3.7
2023-09-11,96073,SU,Sumatera Utara,22.3,32.4,27.8,84.0,7.2,9.1,,1010.6,,Sibolga (Pinangsori),North Sumatra,Sumatera Utara,2.5277777777777777,10.099999999999998,47.727526446631316,2023,9,254,3,11,-1.0,-1.8369701987210297e-16,-0.9417589340994617,-0.33628873017668287,Dry Season,0,2,5,7.2
2023-09-12,96073,SU,Sumatera Utara,23.2,32.8,26.7,89.0,6.8,6.3,,1011.4,,Sibolga (Pinangsori),North Sumatra,Sumatera Utara,1.75,9.599999999999998,52.04417312065772,2023,9,255,3,12,-1.0,-1.8369701987210297e-16,-0.9474042892438845,-0.32003923622313857,Dry Season,0,2,5,6.8
2023-09-13,96073,SU,Sumatera Utara,22.8,33.4,26.9,89.0,8.1,5.5,,1011.4,,Sibolga (Pinangsori),North Sumatra,Sumatera Utara,1.5277777777777777,10.599999999999998,54.859029343697834,2023,9,256,3,13,-1.0,-1.8369701987210297e-16,-0.9527692922168511,-0.30369503751065885,Dry Season,0,2,5,8.1
2023-09-14,96073,SU,Sumatera Utara,23.0,31.8,27.3,90.0,9.8,6.4,,1011.6,,Sibolga (Pinangsori),North Sumatra,Sumatera Utara,1.777777777777778,8.8,48.072291649084335,2023,9,257,3,14,-1.0,-1.8369701987210297e-16,-0.9578523554276669,-0.28726097055059635,Dry Season,0,2,5,9.8
2023-09-15,96073,SU,Sumatera Utara,22.1,31.6,26.2,90.0,19.4,5.6,,1010.8,,Sibolga (Pinangsori),North Sumatra,Sumatera Utara,1.5555555555555554,9.5,47.204794656604385,2023,9,258,3,15,-1.0,-1.8369701987210297e-16,-0.9626519747161487,-0.2707418984477642,Dry Season,0,2,5,19.4
2023-09-16,96073,SU,Sumatera Utara,22.6,31.6,26.8,92.0,16.6,5.4,,1010.7,,Sibolga (Pinangsori),North Sumatra,Sumatera Utara,1.5,9.0,48.12837552023112,2023,9,259,3,16,-1.0,-1.8369701987210297e-16,-0.9671667297977312,-0.2541427094613622,Dry Season,0,2,5,16.6
2023-09-17,96073,SU,Sumatera Utara,22.2,29.1,25.6,93.0,14.4,5.6,,1010.9,,Sibolga (Pinangsori),North Sumatra,Sumatera Utara,1.5555555555555554,6.900000000000002,38.21162848895142,2023,9,260,3,17,-1.0,-1.8369701987210297e-16,-0.97139528468375,-0.23746831555846842,Dry Season,0,2,5,14.4
2023-09-18,96073,SU,Sumatera Utara,23.2,30.4,26.2,89.0,0.0,5.1,,1010.2,,Sibolga (Pinangsori),North Sumatra,Sumatera Utara,1.4166666666666665,7.199999999999999,41.90912205889781,2023,9,261,3,18,-1.0,-1.8369701987210297e-16,-0.9753363880767837,-0.2207236509605022,Dry Season,0,2,5,0.0
2023-09-19,96073,SU,Sumatera Utara,22.4,32.8,27.6,89.0,17.6,5.4,,1010.4,,Sibolga (Pinangsori),North Sumatra,Sumatera Utara,1.5,10.399999999999999,52.04417312065772,2023,9,262,3,19,-1.0,-1.8369701987210297e-16,-0.9789888737409319,-0.20391367068311472,Dry Season,0,2,5,17.6
2023-09-20,96073,SU,Sumatera Utara,23.3,32.8,24.8,96.0,25.7,5.6,,1011.6,,Sibolga (Pinangsori),North Sumatra,Sumatera Utara,1.5555555555555554,9.499999999999996,56.076056935217906,2023,9,263,3,20,-1.0,-1.8369701987210297e-16,-0.9823516608469237,-0.18704334906991657,Dry Season,0,2,5,25.7
2023-09-21,96073,SU,Sumatera Utara,23.0,31.3,26.0,92.0,9.8,6.4,,1012.3,,Sibolga (Pinangsori),North Sumatra,Sumatera Utara,1.777777777777778,8.3,46.800372313491245,2023,9,264,3,21,-1.0,-1.8369701987210297e-16,-0.9854237542919524,-0.17011767832049052,Dry Season,0,2,5,9.8
2023-09-22,96073,SU,Sumatera Utara,22.8,31.0,26.8,90.0,2.4,6.2,,1012.3,,Sibolga (Pinangsori),North Sumatra,Sumatera Utara,1.7222222222222223,8.2,44.678015800444605,2023,9,265,3,22,-1.0,-1.8369701987210297e-16,-0.9882042449941422,-0.15314166701312007,Dry Season,0,2,5,2.4
2023-09-23,96073,SU,Sumatera Utara,23.2,32.8,27.1,88.0,2.1,6.7,,1011.5,,Sibolga (Pinangsori),North Sumatra,Sumatera Utara,1.8611111111111112,9.599999999999998,51.49632252931549,2023,9,266,3,23,-1.0,-1.8369701987210297e-16,-0.9906923101615609,-0.13612033862266704,Dry Season,0,2,5,2.1
2023-09-24,96073,SU,Sumatera Utara,22.1,28.8,26.1,91.0,3.8,5.3,,1011.7,,Sibolga (Pinangsori),North Sumatra,Sumatera Utara,1.472222222222222,6.699999999999999,36.62072774499562,2023,9,267,3,24,-1.0,-1.8369701987210297e-16,-0.9928872135356962,-0.11905873003404988,Dry Season,0,2,5,3.8
2023-09-25,96073,SU,Sumatera Utara,23.6,30.6,26.7,88.0,3.1,6.7,,1011.2,,Sibolga (Pinangsori),North Sumatra,Sumatera Utara,1.8611111111111112,7.0,42.318246242595514,2023,9,268,3,25,-1.0,-1.8369701987210297e-16,-0.994788305609327,-0.10196189005174576,Dry Season,0,2,5,3.1
2023-09-26,96073,SU,Sumatera Utara,22.3,31.4,26.6,86.0,0.4,6.0,,1010.7,,Sibolga (Pinangsori),North Sumatra,Sumatera Utara,1.6666666666666665,9.099999999999998,44.63785286300441,2023,9,269,3,26,-1.0,-1.8369701987210297e-16,-0.9963950238187231,-0.08483487790576538,Dry Season,0,2,5,0.4
2023-09-27,96073,SU,Sumatera Utara,22.1,30.2,26.5,89.0,3.1,6.5,,1010.8,,Sibolga (Pinangsori),North Sumatra,Sumatera Utara,1.8055555555555556,8.099999999999998,41.14573924705801,2023,9,270,3,27,-1.0,-1.8369701987210297e-16,-0.9977068927101168,-0.06768276175455162,Dry Season,0,2,5,3.1
2023-09-28,96073,SU,Sumatera Utara,22.8,31.1,27.2,86.0,2.1,7.2,,1010.7,,Sibolga (Pinangsori),North Sumatra,Sumatera Utara,2.0,8.3,43.4756708345047,2023,9,271,3,28,-1.0,-1.8369701987210297e-16,-0.9987235240803972,-0.050510617185222886,Dry Season,0,2,5,2.1
2023-09-29,96073,SU,Sumatera Utara,23.0,30.6,25.9,92.0,3.1,5.7,,1013.0,,Sibolga (Pinangsori),North Sumatra,Sumatera Utara,1.5833333333333333,7.600000000000001,43.81429540583109,2023,9,272,3,29,-1.0,-1.8369701987210297e-16,-0.9994446170919858,-0.033323525711631344,Dry Season,0,2,5,3.1
2023-09-30,96073,SU,Sumatera Utara,23.2,30.8,27.0,91.0,4.8,6.4,,1012.5,,Sibolga (Pinangsori),North Sumatra,Sumatera Utara,1.777777777777778,7.600000000000001,44.25366292419539,2023,9,273,3,30,-1.0,-1.8369701987210297e-16,-0.9998699583618592,-0.016126573270657762,Dry Season,0,2,5,4.8
2023-10-01,96073,SU,Sumatera Utara,24.0,35.0,27.4,92.0,5.6,6.1,,1012.2,,Sibolga (Pinangsori),North Sumatra,Sumatera Utara,1.6944444444444442,11.0,65.20261181111124,2023,10,274,4,1,-0.8660254037844386,0.5000000000000001,-0.9999994220246925,0.001075151282798226,Transition,2,2,5,5.6
2023-10-02,96073,SU,Sumatera Utara,23.8,28.8,26.2,92.0,14.5,7.5,,1013.4,,Sibolga (Pinangsori),North Sumatra,Sumatera Utara,2.0833333333333335,5.0,36.85965133799117,2023,10,275,4,2,-0.8660254037844386,0.5000000000000001,-0.999832969770105,0.018276557681691223,Transition,2,2,5,14.5
2023-10-03,96073,SU,Sumatera Utara,22.1,31.4,26.9,87.0,1.8,7.7,,1013.4,,Sibolga (Pinangsori),North Sumatra,Sumatera Utara,2.138888888888889,9.299999999999997,45.05740001249784,2023,10,276,4,3,-0.8660254037844386,0.5000000000000001,-0.9993706508539969,0.03547255575312556,Transition,2,2,5,1.8
2023-10-04,96073,SU,Sumatera Utara,22.2,32.0,26.6,83.0,0.0,5.9,,1012.4,,Sibolga (Pinangsori),North Sumatra,Sumatera Utara,1.6388888888888888,9.8,45.67821544711137,2023,10,277,4,4,-0.8660254037844386,0.5000000000000001,-0.9986126020839734,0.052658056924614005,Transition,2,2,5,0.0
2023-10-05,96073,SU,Sumatera Utara,22.4,31.8,27.8,87.0,6.4,6.5,,1011.4,,Sibolga (Pinangsori),North Sumatra,Sumatera Utara,1.8055555555555556,9.400000000000002,46.68137273345767,2023,10,278,4,5,-0.8660254037844386,0.5000000000000001,-0.9975590477788613,0.06982797572987089,Transition,2,2,5,6.4
2023-10-06,96073,SU,Sumatera Utara,23.4,32.0,27.7,89.0,1.9,5.6,,1011.6,,Sibolga (Pinangsori),North Sumatra,Sumatera Utara,1.5555555555555554,8.600000000000001,48.4659340857778,2023,10,279,4,6,-0.8660254037844386,0.5000000000000001,-0.9962102997023297,0.0869772313136861,Transition,2,2,5,1.9
2023-10-07,96073,SU,Sumatera Utara,23.1,32.6,27.3,90.0,8.3,5.2,,1011.3,,Sibolga (Pinangsori),North Sumatra,Sumatera Utara,1.4444444444444444,9.5,51.66846648780459,2023,10,280,4,7,-0.8660254037844386,0.5000000000000001,-0.9945667569706337,0.1041007489354256,Transition,2,2,5,8.3
2023-10-08,96073,SU,Sumatera Utara,23.3,31.4,26.6,91.0,5.7,5.8,,1012.6,,Sibolga (Pinangsori),North Sumatra,Sumatera Utara,1.611111111111111,8.099999999999998,46.792046760515575,2023,10,281,4,8,-0.8660254037844386,0.5000000000000001,-0.9926289059345095,0.121193461470736,Transition,2,2,5,5.7
2023-10-09,96073,SU,Sumatera Utara,23.6,31.8,26.9,91.0,11.0,4.2,,1012.6,,Sibolga (Pinangsori),North Sumatra,Sumatera Utara,1.1666666666666667,8.2,48.54802144179544,2023,10,282,4,9,-0.8660254037844386,0.5000000000000001,-0.9903973200352558,0.1382503109109819,Transition,2,2,5,11.0
2023-10-10,96073,SU,Sumatera Utara,23.8,30.4,26.2,95.0,16.1,4.5,,1012.4,,Sibolga (Pinangsori),North Sumatra,Sumatera Utara,1.25,6.599999999999998,44.112784915804625,2023,10,283,4,10,-0.8660254037844386,0.5000000000000001,-0.9878726596350429,0.15526624985999563,Transition,2,2,5,16.1
2023-10-11,96073,SU,Sumatera Utara,23.9,30.8,26.5,93.0,15.5,5.8,,1011.9,,Sibolga (Pinangsori),North Sumatra,Sumatera Utara,1.611111111111111,6.900000000000002,45.054129532071194,2023,10,284,4,11,-0.8660254037844386,0.5000000000000001,-0.9850556718215013,0.172236243027682,Transition,2,2,5,15.5
2023-10-12,96073,SU,Sumatera Utara,23.2,30.0,27.2,92.0,13.6,5.4,,1012.4,,Sibolga (Pinangsori),North Sumatra,Sumatera Utara,1.5,6.800000000000001,41.38026641111113,2023,10,285,4,12,-0.8660254037844386,0.5000000000000001,-0.981947190186646,0.18915526872004093,Transition,2,2,5,13.6
2023-10-13,96073,SU,Sumatera Utara,22.4,31.2,25.8,93.0,9.5,5.0,,1012.7,,Sibolga (Pinangsori),North Sumatra,Sumatera Utara,1.3888888888888888,8.8,46.80054767927127,2023,10,286,4,13,-0.8660254037844386,0.5000000000000001,-0.9785481345802031,0.20601832032517084,Transition,2,2,5,9.5
2023-10-14,96073,SU,Sumatera Utara,22.9,28.4,24.4,94.0,12.6,5.8,,1012.9,,Sibolga (Pinangsori),North Sumatra,Sumatera Utara,1.611111111111111,5.5,35.880780306275646,2023,10,287,4,14,-0.8660254037844386,0.5000000000000001,-0.9748595108374125,0.22282040779479959,Transition,2,2,5,12.6
2023-10-15,96073,SU,Sumatera Utara,22.4,31.8,26.0,92.0,15.5,6.2,,1012.0,,Sibolga (Pinangsori),North Sumatra,Sumatera Utara,1.7222222222222223,9.400000000000002,49.02979631159108,2023,10,288,4,15,-0.8660254037844386,0.5000000000000001,-0.9708824104813836,0.23955655912092708,Transition,2,2,5,15.5
2023-10-16,96073,SU,Sumatera Utara,22.8,32.6,26.8,90.0,9.1,4.8,,1011.7,,Sibolga (Pinangsori),North Sumatra,Sumatera Utara,1.3333333333333333,9.8,51.66846648780459,2023,10,289,4,16,-0.8660254037844386,0.5000000000000001,-0.9666180104000972,0.2562218218071163,Transition,2,2,5,9.1
2023-10-17,96073,SU,Sumatera Utara,23.1,30.8,27.3,91.0,12.0,4.9,,1012.5,,Sibolga (Pinangsori),North Sumatra,Sumatera Utara,1.3611111111111112,7.699999999999999,44.25366292419539,2023,10,290,4,17,-0.8660254037844386,0.5000000000000001,-0.9620675724981452,0.27281126433401914,Transition,2,2,5,12.0
2023-10-18,96073,SU,Sumatera Utara,23.6,31.8,27.8,87.0,3.5,6.0,,1011.9,,Sibolga (Pinangsori),North Sumatra,Sumatera Utara,1.6666666666666665,8.2,46.68137273345767,2023,10,291,4,18,-0.8660254037844386,0.5000000000000001,-0.957232443323312,0.28931997761869527,Transition,2,2,5,3.5
2023-10-19,96073,SU,Sumatera Utara,23.2,31.4,26.1,93.0,20.0,4.9,,1012.0,,Sibolga (Pinangsori),North Sumatra,Sumatera Utara,1.3611111111111112,8.2,47.69324502455109,2023,10,292,4,19,-0.8660254037844386,0.5000000000000001,-0.9521140536681102,0.3057430764672831,Transition,2,2,5,20.0
2023-10-20,96073,SU,Sumatera Utara,23.4,30.6,25.4,95.0,25.4,5.6,,1012.7,,Sibolga (Pinangsori),North Sumatra,Sumatera Utara,1.5555555555555554,7.200000000000003,44.98715661900448,2023,10,293,4,20,-0.8660254037844386,0.5000000000000001,-0.9467139181463862,0.3220757010206104,Transition,2,2,5,25.4
2023-10-21,96073,SU,Sumatera Utara,22.1,31.8,26.4,91.0,17.1,4.7,,1013.0,,Sibolga (Pinangsori),North Sumatra,Sumatera Utara,1.3055555555555556,9.7,48.54802144179544,2023,10,294,4,21,-0.8660254037844386,0.5000000000000001,-0.9410336347451197,0.3383130181923076,Transition,2,2,5,17.1
2023-10-22,96073,SU,Sumatera Utara,22.4,30.8,26.9,92.0,22.8,5.1,,1013.2,,Sibolga (Pinangsori),North Sumatra,Sumatera Utara,1.4166666666666665,8.400000000000002,44.651374916391184,2023,10,295,4,22,-0.8660254037844386,0.5000000000000001,-0.9350748843515574,0.3544502230989869,Transition,2,2,5,22.8
2023-10-23,96073,SU,Sumatera Utara,23.2,31.2,26.4,92.0,18.3,4.4,,1012.8,,Sibolga (Pinangsori),North Sumatra,Sumatera Utara,1.2222222222222223,8.0,46.36413870599137,2023,10,296,4,23,-0.8660254037844386,0.5000000000000001,-0.9288394302558068,0.3704825404820963,Transition,2,2,5,18.3
2023-10-24,96073,SU,Sumatera Utara,22.3,30.4,24.7,94.0,8.2,4.3,,1013.0,,Sibolga (Pinangsori),North Sumatra,Sumatera Utara,1.1944444444444444,8.099999999999998,43.73391369747571,2023,10,297,4,24,-0.8660254037844386,0.5000000000000001,-0.9223291176290545,0.3864052261209853,Transition,2,2,5,8.2
2023-10-25,96073,SU,Sumatera Utara,21.3,30.7,25.6,93.0,11.3,4.1,,1013.4,,Sibolga (Pinangsori),North Sumatra,Sumatera Utara,1.1388888888888888,9.399999999999999,44.6256451084713,2023,10,298,4,25,-0.8660254037844386,0.5000000000000001,-0.9155458729775467,0.40221356823680365,Transition,2,2,5,11.3
2023-10-26,96073,SU,Sumatera Utara,22.2,31.2,26.7,91.0,13.9,5.5,,1012.7,,Sibolga (Pinangsori),North Sumatra,Sumatera Utara,1.5277777777777777,9.0,45.93317505699567,2023,10,299,4,26,-0.8660254037844386,0.5000000000000001,-0.9084917035725082,0.41790288888678667,Transition,2,2,5,13.9
2023-10-27,96073,SU,Sumatera Utara,23.0,31.0,26.0,92.0,15.1,5.3,,1011.8,,Sibolga (Pinangsori),North Sumatra,Sumatera Utara,1.472222222222222,8.0,45.50132268311144,2023,10,300,4,27,-0.8660254037844386,0.5000000000000001,-0.9011686968561569,0.4334685453485363,Transition,2,2,5,15.1
2023-10-28,96073,SU,Sumatera Utara,23.2,31.4,27.1,91.0,15.0,5.0,,1011.2,,Sibolga (Pinangsori),North Sumatra,Sumatera Utara,1.3888888888888888,8.2,46.792046760515575,2023,10,301,4,28,-0.8660254037844386,0.5000000000000001,-0.8935790198239952,0.4489059314938798,Transition,2,2,5,15.0
2023-10-29,96073,SU,Sumatera Utara,22.3,31.4,25.7,94.0,23.4,4.7,,1011.0,,Sibolga (Pinangsori),North Sumatra,Sumatera Utara,1.3055555555555556,9.099999999999998,48.15231287907559,2023,10,302,4,29,-0.8660254037844386,0.5000000000000001,-0.8857249183835637,0.4642104791518923,Transition,2,2,5,23.4
2023-10-30,96073,SU,Sumatera Utara,22.8,29.7,25.9,92.0,37.1,3.9,,1010.4,,Sibolga (Pinangsori),North Sumatra,Sumatera Utara,1.0833333333333333,6.899999999999999,40.20668227829132,2023,10,303,4,30,-0.8660254037844386,0.5000000000000001,-0.8776087166898392,0.4793776594606945,Transition,2,2,5,37.1
2023-10-31,96073,SU,Sumatera Utara,23.1,31.2,26.0,92.0,20.4,4.2,,1010.7,,Sibolga (Pinangsori),North Sumatra,Sumatera Utara,1.1666666666666667,8.099999999999998,46.36413870599137,2023,10,304,4,31,-0.8660254037844386,0.5000000000000001,-0.8692328164574792,0.49440298420761813,Transition,2,2,5,20.4
2023-11-01,96073,SU,Sumatera Utara,22.3,30.2,26.2,92.0,15.8,5.8,,1011.5,,Sibolga (Pinangsori),North Sumatra,Sumatera Utara,1.611111111111111,7.899999999999999,42.17874115319121,2023,11,305,4,1,-0.5000000000000004,0.8660254037844384,-0.8605996962501181,0.5092820071573356,Rainy Season,1,2,5,15.8
2023-11-02,96073,SU,Sumatera Utara,23.4,30.4,26.8,92.0,6.6,4.1,,1011.2,,Sibolga (Pinangsori),North Sumatra,Sumatera Utara,1.1388888888888888,7.0,42.99008415143124,2023,11,306,4,2,-0.5000000000000004,0.8660254037844384,-0.8517119107469189,0.5240103253675756,Rainy Season,1,2,5,6.6
2023-11-03,96073,SU,Sumatera Utara,22.1,31.0,26.2,92.0,13.3,4.8,,1010.4,,Sibolga (Pinangsori),North Sumatra,Sumatera Utara,1.3333333333333333,8.899999999999999,45.50132268311144,2023,11,307,4,3,-0.5000000000000004,0.8660254037844384,-0.8425720899866032,0.5385835804920232,Rainy Season,1,2,5,13.3
2023-11-04,96073,SU,Sumatera Utara,22.3,31.5,26.5,92.0,12.3,5.4,,1010.2,,Sibolga (Pinangsori),North Sumatra,Sumatera Utara,1.5,9.2,47.682490720611206,2023,11,308,4,4,-0.5000000000000004,0.8660254037844384,-0.8331829385891785,0.5529974600700271,Rainy Season,1,2,5,12.3
2023-11-05,96073,SU,Sumatera Utara,23.2,31.6,26.6,92.0,18.9,4.4,,1010.7,,Sibolga (Pinangsori),North Sumatra,Sumatera Utara,1.2222222222222223,8.400000000000002,48.12837552023112,2023,11,309,4,5,-0.5000000000000004,0.8660254037844384,-0.8235472349556007,0.5672476988027229,Rainy Season,1,2,5,18.9
2023-11-06,96073,SU,Sumatera Utara,20.6,30.1,26.9,92.0,13.5,5.2,,1011.4,,Sibolga (Pinangsori),North Sumatra,Sumatera Utara,1.4444444444444444,9.5,41.77789525013126,2023,11,310,4,6,-0.5000000000000004,0.8660254037844384,-0.8136678304455991,0.5813300798152042,Rainy Season,1,2,5,13.5
2023-11-07,96073,SU,Sumatera Utara,22.4,31.2,26.0,92.0,6.9,4.7,,1011.6,,Sibolga (Pinangsori),North Sumatra,Sumatera Utara,1.3055555555555556,8.8,46.36413870599137,2023,11,311,4,7,-0.5000000000000004,0.8660254037844384,-0.8035476485339116,0.5952404359043674,Rainy Season,1,2,5,6.9
2023-11-08,96073,SU,Sumatera Utara,23.6,31.3,27.0,94.0,5.9,4.5,,1011.4,,Sibolga (Pinangsori),North Sumatra,Sumatera Utara,1.25,7.699999999999999,47.695717986335524,2023,11,312,4,8,-0.5000000000000004,0.8660254037844384,-0.7931896839451843,0.6089746507720486,Rainy Season,1,2,5,5.9
2023-11-09,96073,SU,Sumatera Utara,23.6,31.4,25.9,93.0,4.2,5.1,,1012.3,,Sibolga (Pinangsori),North Sumatra,Sumatera Utara,1.4166666666666665,7.799999999999997,47.69324502455109,2023,11,313,4,9,-0.5000000000000004,0.8660254037844384,-0.7825970017677834,0.6225286602431057,Rainy Season,1,2,5,4.2
2023-11-10,96073,SU,Sumatera Utara,23.4,32.4,26.9,89.0,10.8,5.8,,1012.5,,Sibolga (Pinangsori),North Sumatra,Sumatera Utara,1.611111111111111,9.0,50.2300675180979,2023,11,314,4,10,-0.5000000000000004,0.8660254037844384,-0.7717727365467836,0.6358984534680745,Rainy Season,1,2,5,10.8
2023-11-11,96073,SU,Sumatera Utara,23.9,31.8,27.0,91.0,2.9,5.6,,1013.0,,Sibolga (Pinangsori),North Sumatra,Sumatera Utara,1.5555555555555554,7.900000000000002,48.54802144179544,2023,11,315,4,11,-0.5000000000000004,0.8660254037844384,-0.7607200913564104,0.6490800741100398,Rainy Season,1,2,5,2.9
2023-11-12,96073,SU,Sumatera Utara,23.8,32.6,27.1,87.0,0.7,4.6,,1011.8,,Sibolga (Pinangsori),North Sumatra,Sumatera Utara,1.2777777777777777,8.8,50.07619859009788,2023,11,316,4,12,-0.5000000000000004,0.8660254037844384,-0.7494423368521954,0.6620696215153815,Rainy Season,1,2,5,0.7
2023-11-13,96073,SU,Sumatera Utara,22.1,30.6,26.7,90.0,13.6,5.4,,1011.4,,Sibolga (Pinangsori),North Sumatra,Sumatera Utara,1.5,8.5,43.056589997404544,2023,11,317,4,13,-0.5000000000000004,0.8660254037844384,-0.7379428103031386,0.6748632518680403,Rainy Season,1,2,5,13.6
2023-11-14,96073,SU,Sumatera Utara,23.2,30.8,27.0,93.0,12.1,5.1,,1012.2,,Sibolga (Pinangsori),North Sumatra,Sumatera Utara,1.4166666666666665,7.600000000000001,45.054129532071194,2023,11,318,4,14,-0.5000000000000004,0.8660254037844384,-0.7262249146041543,0.6874571793269664,Rainy Season,1,2,5,12.1
2023-11-15,96073,SU,Sumatera Utara,23.3,30.9,27.0,88.0,1.9,5.2,,1012.0,,Sibolga (Pinangsori),North Sumatra,Sumatera Utara,1.4444444444444444,7.599999999999998,43.481688470895584,2023,11,319,4,15,-0.5000000000000004,0.8660254037844384,-0.7142921172691032,0.699847677146407,Rainy Season,1,2,5,1.9
2023-11-16,96073,SU,Sumatera Utara,23.4,32.4,26.8,90.0,4.6,5.4,,1012.4,,Sibolga (Pinangsori),North Sumatra,Sumatera Utara,1.5,9.0,50.75049474780447,2023,11,320,4,16,-0.5000000000000004,0.8660254037844384,-0.7021479494046978,0.7120310787787131,Rainy Season,1,2,5,4.6
2023-11-17,96073,SU,Sumatera Utara,22.3,30.6,26.5,92.0,8.0,5.4,,1012.0,,Sibolga (Pinangsori),North Sumatra,Sumatera Utara,1.5,8.3,43.81429540583109,2023,11,321,4,17,-0.5000000000000004,0.8660254037844384,-0.6897960046655887,0.7240037789593305,Rainy Season,1,2,5,8.0
2023-11-18,96073,SU,Sumatera Utara,23.6,31.8,25.9,92.0,14.8,5.7,,1011.1,,Sibolga (Pinangsori),North Sumatra,Sumatera Utara,1.5833333333333333,8.2,49.02979631159108,2023,11,322,4,18,-0.5000000000000004,0.8660254037844384,-0.6772399381909491,0.7357622347736527,Rainy Season,1,2,5,14.8
2023-11-19,96073,SU,Sumatera Utara,23.3,31.4,26.5,94.0,6.8,4.7,,1011.1,,Sibolga (Pinangsori),North Sumatra,Sumatera Utara,1.3055555555555556,8.099999999999998,48.15231287907559,2023,11,323,4,19,-0.5000000000000004,0.8660254037844384,-0.6644834655228552,0.7473029667054296,Rainy Season,1,2,5,6.8
2023-11-20,96073,SU,Sumatera Utara,21.3,31.0,27.1,92.0,20.1,5.3,,1011.1,,Sibolga (Pinangsori),North Sumatra,Sumatera Utara,1.472222222222222,9.7,45.50132268311144,2023,11,324,4,20,-0.5000000000000004,0.8660254037844384,-0.6515303615068021,0.75862255966641,Rainy Season,1,2,5,20.1
2023-11-21,96073,SU,Sumatera Utara,23.8,31.2,26.9,93.0,15.7,5.2,,1010.9,,Sibolga (Pinangsori),North Sumatra,Sumatera Utara,1.4444444444444444,7.399999999999999,46.80054767927127,2023,11,325,4,21,-0.5000000000000004,0.8660254037844384,-0.6383844591746642,0.7697176640069211,Rainy Season,1,2,5,15.7
2023-11-22,96073,SU,Sumatera Utara,24.0,30.6,26.9,90.0,0.3,4.1,,1010.2,,Sibolga (Pinangsori),North Sumatra,Sumatera Utara,1.1388888888888888,6.600000000000001,43.056589997404544,2023,11,326,4,22,-0.5000000000000004,0.8660254037844384,-0.6250496486104377,0.7805849965070866,Rainy Season,1,2,5,0.3
2023-11-23,96073,SU,Sumatera Utara,23.6,32.0,26.4,91.0,3.0,3.9,,1009.4,,Sibolga (Pinangsori),North Sumatra,Sumatera Utara,1.0833333333333333,8.399999999999999,49.445124419555746,2023,11,327,4,23,-0.5000000000000004,0.8660254037844384,-0.6115298757991053,0.7912213413483807,Rainy Season,1,2,5,3.0
2023-11-24,96073,SU,Sumatera Utara,23.2,31.4,27.1,92.0,10.2,4.8,,1009.8,,Sibolga (Pinangsori),North Sumatra,Sumatera Utara,1.3333333333333333,8.2,47.239822985031246,2023,11,328,4,24,-0.5000000000000004,0.8660254037844384,-0.5978291414589552,0.801623551065242,Rainy Season,1,2,5,10.2
2023-11-25,96073,SU,Sumatera Utara,23.1,30.2,26.1,94.0,20.1,5.1,,1010.3,,Sibolga (Pinangsori),North Sumatra,Sumatera Utara,1.4166666666666665,7.099999999999998,42.88958046003564,2023,11,329,4,25,-0.5000000000000004,0.8660254037844384,-0.5839514998576998,0.8117885474764613,Rainy Season,1,2,5,20.1
2023-11-26,96073,SU,Sumatera Utara,22.4,32.2,27.2,88.0,9.1,4.8,,1010.8,,Sibolga (Pinangsori),North Sumatra,Sumatera Utara,1.3333333333333333,9.800000000000004,48.84480891331581,2023,11,330,4,26,-0.5000000000000004,0.8660254037844384,-0.5699010576127624,0.8217133225960589,Rainy Season,1,2,5,9.1
2023-11-27,96073,SU,Sumatera Utara,23.2,32.4,27.6,86.0,0.3,5.3,,1010.1,,Sibolga (Pinangsori),North Sumatra,Sumatera Utara,1.472222222222222,9.2,48.708623859804554,2023,11,331,4,27,-0.5000000000000004,0.8660254037844384,-0.5556819724760489,0.8313949395234058,Rainy Season,1,2,5,0.3
2023-11-28,96073,SU,Sumatera Utara,23.0,31.0,28.5,89.0,0.5,5.0,,1008.9,,Sibolga (Pinangsori),North Sumatra,Sumatera Utara,1.3888888888888888,8.0,44.274228749777926,2023,11,332,4,28,-0.5000000000000004,0.8660254037844384,-0.5412984521036173,0.8408305333122887,Rainy Season,1,2,5,0.5
2023-11-29,96073,SU,Sumatera Utara,24.4,32.0,26.8,91.0,1.8,5.8,,1009.3,,Sibolga (Pinangsori),North Sumatra,Sumatera Utara,1.611111111111111,7.600000000000001,49.445124419555746,2023,11,333,4,29,-0.5000000000000004,0.8660254037844384,-0.5267547528105542,0.8500173118187018,Rainy Season,1,2,5,1.8
2023-11-30,96073,SU,Sumatera Utara,23.2,30.6,25.9,95.0,6.9,3.7,,1010.5,,Sibolga (Pinangsori),North Sumatra,Sumatera Utara,1.027777777777778,7.400000000000002,44.98715661900448,2023,11,334,4,30,-0.5000000000000004,0.8660254037844384,-0.5120551783114646,0.8589525565270845,Rainy Season,1,2,5,6.9
2023-12-01,96073,SU,Sumatera Utara,23.2,30.2,26.7,92.0,26.3,4.4,,1010.2,,Sibolga (Pinangsori),North Sumatra,Sumatera Utara,1.2222222222222223,7.0,42.17874115319121,2023,12,335,4,1,-2.4492935982947064e-16,1.0,-0.4972040784469378,0.8676336233547726,Rainy Season,1,2,5,26.3
2023-12-02,96073,SU,Sumatera Utara,23.2,29.8,25.8,93.0,12.2,4.7,,1009.9,,Sibolga (Pinangsori),North Sumatra,Sumatera Utara,1.3055555555555556,6.600000000000001,40.915447333671075,2023,12,336,4,2,-2.4492935982947064e-16,1.0,-0.4822058478963526,0.8760579434344281,Rainy Season,1,2,5,12.2
2023-12-03,96073,SU,Sumatera Utara,23.3,28.6,24.5,94.0,30.0,4.4,,1011.0,,Sibolga (Pinangsori),North Sumatra,Sumatera Utara,1.2222222222222223,5.300000000000001,36.60707374707579,2023,12,337,4,3,-2.4492935982947064e-16,1.0,-0.46706492487743034,0.8842230238742036,Rainy Season,1,2,5,30.0
2023-12-04,96073,SU,Sumatera Utara,22.2,32.0,26.5,88.0,0.0,5.5,,1010.2,,Sibolga (Pinangsori),North Sumatra,Sumatera Utara,1.5277777777777777,9.8,47.98570469155576,2023,12,338,4,4,-2.4492935982947064e-16,1.0,-0.451785789832884,0.8921264484954345,Rainy Season,1,2,5,0.0
2023-12-05,96073,SU,Sumatera Utara,21.2,32.6,27.4,84.0,0.4,6.5,,1009.9,,Sibolga (Pinangsori),North Sumatra,Sumatera Utara,1.8055555555555556,11.400000000000002,48.54546120663123,2023,12,339,4,5,-2.4492935982947064e-16,1.0,-0.4363729641045924,0.8997658785476209,Rainy Season,1,2,5,0.4
2023-12-06,96073,SU,Sumatera Utara,22.0,31.2,26.1,90.0,18.0,4.9,,1010.9,,Sibolga (Pinangsori),North Sumatra,Sumatera Utara,1.3611111111111112,9.2,45.507656732284595,2023,12,340,4,6,-2.4492935982947064e-16,1.0,-0.42083100859565564,0.9071390534005044,Rainy Season,1,2,5,18.0
2023-12-07,96073,SU,Sumatera Utara,23.0,29.0,25.8,95.0,19.3,5.7,,1011.7,,Sibolga (Pinangsori),North Sumatra,Sumatera Utara,1.5833333333333333,6.0,38.36285572044428,2023,12,341,4,7,-2.4492935982947064e-16,1.0,-0.4051645224207563,0.9142437912130223,Rainy Season,1,2,5,19.3
2023-12-08,96073,SU,Sumatera Utara,22.9,32.6,27.5,90.0,19.5,5.3,,1010.4,,Sibolga (Pinangsori),North Sumatra,Sumatera Utara,1.472222222222222,9.700000000000003,51.66846648780459,2023,12,342,4,8,-2.4492935982947064e-16,1.0,-0.3893781415452015,0.9210779895789526,Rainy Season,1,2,5,19.5
2023-12-09,96073,SU,Sumatera Utara,23.0,30.4,26.9,92.0,18.2,4.4,,1010.8,,Sibolga (Pinangsori),North Sumatra,Sumatera Utara,1.2222222222222223,7.399999999999999,42.99008415143124,2023,12,343,4,9,-2.4492935982947064e-16,1.0,-0.37347653741307074,0.9276396261490467,Rainy Season,1,2,5,18.2
2023-12-10,96073,SU,Sumatera Utara,23.3,31.8,27.1,92.0,28.7,4.9,,1010.2,,Sibolga (Pinangsori),North Sumatra,Sumatera Utara,1.3611111111111112,8.5,49.02979631159108,2023,12,344,4,10,-2.4492935982947064e-16,1.0,-0.3574644155648614,0.9339267592294762,Rainy Season,1,2,5,28.7
2023-12-11,96073,SU,Sumatera Utara,22.5,31.6,26.5,91.0,9.4,5.8,,1010.5,,Sibolga (Pinangsori),North Sumatra,Sumatera Utara,1.611111111111111,9.100000000000001,47.66366222211559,2023,12,345,4,11,-2.4492935982947064e-16,1.0,-0.34134651424503615,0.9399375283564133,Rainy Season,1,2,5,9.4
2023-12-12,96073,SU,Sumatera Utara,23.6,29.0,25.8,94.0,13.6,4.9,,1010.4,,Sibolga (Pinangsori),North Sumatra,Sumatera Utara,1.3611111111111112,5.399999999999999,38.09900722755554,2023,12,346,4,12,-2.4492935982947064e-16,1.0,-0.3251276029999093,0.9456701548465688,Rainy Season,1,2,5,13.6
2023-12-13,96073,SU,Sumatera Utara,22.8,32.2,26.8,89.0,0.8,5.2,,1010.2,,Sibolga (Pinangsori),North Sumatra,Sumatera Utara,1.4444444444444444,9.400000000000002,49.34175428065807,2023,12,347,4,13,-2.4492935982947064e-16,1.0,-0.30881248126625377,0.9511229423235357,Rainy Season,1,2,5,0.8
2023-12-14,96073,SU,Sumatera Utara,22.8,31.6,26.8,91.0,15.6,5.2,,1011.1,,Sibolga (Pinangsori),North Sumatra,Sumatera Utara,1.4444444444444444,8.8,47.66366222211559,2023,12,348,4,14,-2.4492935982947064e-16,1.0,-0.29240597695107734,0.9562942772197719,Rainy Season,1,2,5,15.6
2023-12-15,96073,SU,Sumatera Utara,23.8,31.0,26.7,93.0,1.0,5.0,,1010.9,,Sibolga (Pinangsori),North Sumatra,Sumatera Utara,1.3888888888888888,7.199999999999999,45.920842515111275,2023,12,349,4,15,-2.4492935982947064e-16,1.0,-0.27591294500296043,0.9611826292540837,Rainy Season,1,2,5,1.0
2023-12-16,96073,SU,Sumatera Utara,22.3,32.0,28.0,90.0,11.8,4.3,,1010.4,,Sibolga (Pinangsori),North Sumatra,Sumatera Utara,1.1944444444444444,9.7,48.95240732844463,2023,12,350,4,16,-2.4492935982947064e-16,1.0,-0.2593382659754056,0.9657865518844574,Rainy Season,1,2,5,11.8
2023-12-17,96073,SU,Sumatera Utara,23.2,32.0,27.4,92.0,35.6,5.4,,1010.3,,Sibolga (Pinangsori),North Sumatra,Sumatera Utara,1.5,8.8,49.94408535911126,2023,12,351,4,17,-2.4492935982947064e-16,1.0,-0.2426868445825954,0.9701046827361175,Rainy Season,1,2,5,35.6
2023-12-18,96073,SU,Sumatera Utara,23.0,31.6,25.8,94.0,8.0,5.3,,1011.3,,Sibolga (Pinangsori),North Sumatra,Sumatera Utara,1.472222222222222,8.600000000000001,49.07533931427555,2023,12,352,4,18,-2.4492935982947064e-16,1.0,-0.22596360824801906,0.974135744004672,Rainy Season,1,2,5,8.0
2023-12-19,96073,SU,Sumatera Utara,23.0,32.6,27.7,88.0,12.0,5.6,,1011.1,,Sibolga (Pinangsori),North Sumatra,Sumatera Utara,1.5555555555555554,9.600000000000001,50.60011783219564,2023,12,353,4,19,-2.4492935982947064e-16,1.0,-0.20917350564635637,0.9778785428342386,Rainy Season,1,2,5,12.0
2023-12-20,96073,SU,Sumatera Utara,23.4,30.8,26.6,92.0,15.4,4.6,,1010.6,,Sibolga (Pinangsori),North Sumatra,Sumatera Utara,1.2777777777777777,7.400000000000002,44.651374916391184,2023,12,354,4,20,-2.4492935982947064e-16,1.0,-0.19232150523909483,0.9813319716704275,Rainy Season,1,2,5,15.4
2023-12-21,96073,SU,Sumatera Utara,23.8,31.8,26.7,93.0,15.1,5.3,,1011.0,,Sibolga (Pinangsori),North Sumatra,Sumatera Utara,1.472222222222222,8.0,49.517616258471044,2023,12,355,4,21,-2.4492935982947064e-16,1.0,-0.17541259380427843,0.9844950085880858,Rainy Season,1,2,5,15.1
2023-12-22,96073,SU,Sumatera Utara,22.1,32.2,27.7,92.0,14.5,4.9,,1010.7,,Sibolga (Pinangsori),North Sumatra,Sumatera Utara,1.3611111111111112,10.100000000000001,50.87124266279136,2023,12,356,4,22,-2.4492935982947064e-16,1.0,-0.15845177496083632,0.9873667175937016,Rainy Season,1,2,5,14.5
2023-12-23,96073,SU,Sumatera Utara,23.2,33.4,26.8,91.0,67.1,4.1,,1011.4,,Sibolga (Pinangsori),North Sumatra,Sumatera Utara,1.1388888888888888,10.2,56.081670490115684,2023,12,357,4,23,-2.4492935982947064e-16,1.0,-0.14144406768794202,0.9899462489023779,Rainy Season,1,2,5,67.1
2023-12-24,96073,SU,Sumatera Utara,23.3,29.8,26.6,94.0,17.4,5.2,,1012.5,,Sibolga (Pinangsori),North Sumatra,Sumatera Utara,1.4444444444444444,6.5,41.24026058403558,2023,12,358,4,24,-2.4492935982947064e-16,1.0,-0.12439450483979998,0.9922328391893008,Rainy Season,1,2,5,17.4
2023-12-25,96073,SU,Sumatera Utara,23.4,31.2,26.5,94.0,24.9,5.6,,1012.4,,Sibolga (Pinangsori),North Sumatra,Sumatera Utara,1.5555555555555554,7.800000000000001,47.24240197683572,2023,12,359,4,25,-2.4492935982947064e-16,1.0,-0.10730813165636247,0.9942258118156161,Rainy Season,1,2,5,24.9
2023-12-26,96073,SU,Sumatera Utara,23.1,32.8,27.9,91.0,8.2,5.0,,1011.8,,Sibolga (Pinangsori),North Sumatra,Sumatera Utara,1.3888888888888888,9.699999999999996,53.160973911395544,2023,12,360,4,26,-2.4492935982947064e-16,1.0,-0.09019000427034513,0.9959245770286599,Rainy Season,1,2,5,8.2
2023-12-27,96073,SU,Sumatera Utara,23.3,33.6,28.6,89.0,11.8,6.1,,1011.6,,Sibolga (Pinangsori),North Sumatra,Sumatera Utara,1.6944444444444442,10.3,55.82230083649771,2023,12,361,4,27,-2.4492935982947064e-16,1.0,-0.07304518821104743,0.9973286321364752,Rainy Season,1,2,5,11.8
2023-12-28,96073,SU,Sumatera Utara,23.8,34.6,28.3,90.0,20.5,5.7,,1010.7,,Sibolga (Pinangsori),North Sumatra,Sumatera Utara,1.5833333333333333,10.8,61.542211666204494,2023,12,362,4,28,-2.4492935982947064e-16,1.0,-0.05587875690537313,0.9984375616565666,Rainy Season,1,2,5,20.5
2023-12-29,96073,SU,Sumatera Utara,24.2,30.6,27.2,92.0,19.5,5.2,,1010.5,,Sibolga (Pinangsori),North Sumatra,Sumatera Utara,1.4444444444444444,6.400000000000002,43.81429540583109,2023,12,363,4,29,-2.4492935982947064e-16,1.0,-0.03869579017652689,0.9992510374388481,Rainy Season,1,2,5,19.5
2023-12-30,96073,SU,Sumatera Utara,23.4,30.4,26.8,94.0,20.2,4.5,,1010.8,,Sibolga (Pinangsori),North Sumatra,Sumatera Utara,1.25,7.0,43.73391369747571,2023,12,364,4,30,-2.4492935982947064e-16,1.0,-0.021501372740813793,0.999768818762748,Rainy Season,1,2,5,20.2
2023-12-31,96073,SU,Sumatera Utara,23.8,31.8,27.3,92.0,21.2,5.3,,1010.9,,Sibolga (Pinangsori),North Sumatra,Sumatera Utara,1.472222222222222,8.0,49.02979631159108,2023,12,365,4,31,-2.4492935982947064e-16,1.0,-0.004300592702981974,0.9999907524084426,Rainy Season,1,2,5,21.2
2023-01-01,96011,AC,Aceh,22.0,31.2,26.8,78.0,0.0,9.4,,1012.2,,Banda Aceh,Aceh,Aceh,2.611111111111111,9.2,40.826172129937866,2023,1,1,1,1,0.49999999999999994,0.8660254037844387,0.017201575418260506,0.9998520419557735,Rainy Season,1,0,0,0.0
2023-01-02,96011,AC,Aceh,22.6,31.1,26.5,79.0,1.9,9.5,,1012.5,,Banda Aceh,Aceh,Aceh,2.638888888888889,8.5,40.85416893067567,2023,1,2,1,2,0.49999999999999994,0.8660254037844387,0.03439806061360801,0.9994082116062598,Rainy Season,1,0,0,1.9
2023-01-03,96011,AC,Aceh,23.0,31.6,27.2,80.0,1.6,6.8,,1012.4,,Banda Aceh,Aceh,Aceh,1.8888888888888888,8.600000000000001,42.937634294737755,2023,1,3,1,3,0.49999999999999994,0.8660254037844387,0.051584366869408364,0.9986686402879997,Rainy Season,1,0,0,1.6
2023-01-04,96011,AC,Aceh,23.8,32.0,27.4,80.0,3.2,8.5,,1012.1,,Banda Aceh,Aceh,Aceh,2.361111111111111,8.2,44.36864808177802,2023,1,4,1,4,0.49999999999999994,0.8660254037844387,0.06875540848113941,0.9976335468520451,Rainy Season,1,0,0,3.2
2023-01-05,96011,AC,Aceh,22.9,32.6,27.0,78.0,0.0,10.9,,1011.2,,Banda Aceh,Aceh,Aceh,3.0277777777777777,9.700000000000003,45.66857798241801,2023,1,5,1,5,0.49999999999999994,0.8660254037844387,0.08590610426133272,0.9963032375991965,Rainy Season,1,0,0,0.0
2023-01-06,96011,AC,Aceh,23.0,30.8,26.7,78.0,1.9,8.7,,1011.8,,Banda Aceh,Aceh,Aceh,2.4166666666666665,7.800000000000001,39.542285762737876,2023,1,6,1,6,0.49999999999999994,0.8660254037844387,0.10303137904317879,0.9946781061893646,Rainy Season,1,0,0,1.9
2023-01-07,96011,AC,Aceh,23.0,29.8,25.4,84.0,3.6,7.4,,1011.8,,Banda Aceh,Aceh,Aceh,2.055555555555556,6.800000000000001,38.173290965191086,2023,1,7,1,7,0.49999999999999994,0.8660254037844387,0.1201261651823505,0.9927586335250793,Rainy Season,1,0,0,3.6
2023-01-08,96011,AC,Aceh,22.4,31.3,26.1,81.0,0.5,6.9,,1011.6,,Banda Aceh,Aceh,Aceh,1.9166666666666667,8.900000000000002,42.27248446468439,2023,1,8,1,8,0.49999999999999994,0.8660254037844387,0.13718540405660057,0.9905453876091833,Rainy Season,1,0,0,0.5
2023-01-09,96011,AC,Aceh,22.2,31.3,26.0,79.0,0.4,7.8,,1012.2,,Banda Aceh,Aceh,Aceh,2.1666666666666665,9.100000000000001,41.521325465235584,2023,1,9,1,9,0.49999999999999994,0.8660254037844387,0.1542040475626894,0.988039023376751,Rainy Season,1,0,0,0.4
2023-01-10,96011,AC,Aceh,22.0,31.0,26.4,78.0,0.0,8.3,,1011.6,,Banda Aceh,Aceh,Aceh,2.305555555555556,9.0,40.17869238177787,2023,1,10,1,10,0.49999999999999994,0.8660254037844387,0.17117705961019986,0.985240282501282,Rainy Season,1,0,0,0.0
2023-01-11,96011,AC,Aceh,22.2,30.4,26.1,78.0,0.0,7.5,,1010.6,,Banda Aceh,Aceh,Aceh,2.0833333333333335,8.2,38.30269191201789,2023,1,11,1,11,0.49999999999999994,0.8660254037844387,0.18809941761179758,0.9821499931752291,Rainy Season,1,0,0,0.0
2023-01-12,96011,AC,Aceh,22.4,32.2,27.2,77.0,0.7,7.4,,1010.1,,Banda Aceh,Aceh,Aceh,2.055555555555556,9.800000000000004,43.80358495372465,2023,1,12,1,12,0.49999999999999994,0.8660254037844387,0.20496611396949532,0.9787690698649216,Rainy Season,1,0,0,0.7
2023-01-13,96011,AC,Aceh,22.2,31.2,26.3,82.0,18.0,7.6,,1011.1,,Banda Aceh,Aceh,Aceh,2.111111111111111,9.0,42.29954180883569,2023,1,13,1,13,0.49999999999999994,0.8660254037844387,0.22177215755648186,0.975098513039961,Rainy Season,1,0,0,18.0
2023-01-14,96011,AC,Aceh,22.6,31.4,26.4,83.0,8.5,7.7,,1010.8,,Banda Aceh,Aceh,Aceh,2.138888888888889,8.799999999999997,43.413086304551115,2023,1,14,1,14,0.49999999999999994,0.8660254037844387,0.23851257519407648,0.9711394088771653,Rainy Season,1,0,0,8.5
2023-01-15,96011,AC,Aceh,22.8,30.6,26.3,83.0,2.0,7.8,,1010.4,,Banda Aceh,Aceh,Aceh,2.1666666666666665,7.800000000000001,40.557094090151104,2023,1,15,1,15,0.49999999999999994,0.8660254037844387,0.2551824131233728,0.9668929289391521,Rainy Season,1,0,0,2.0
2023-01-16,96011,AC,Aceh,22.2,31.8,26.4,84.0,3.6,7.3,,1011.0,,Banda Aceh,Aceh,Aceh,2.0277777777777777,9.600000000000001,45.34485951159112,2023,1,16,1,16,0.49999999999999994,0.8660254037844387,0.2717767384711357,0.9623603298276545,Rainy Season,1,0,0,3.6
2023-01-17,96011,AC,Aceh,22.7,31.0,25.5,80.0,0.0,10.5,,1011.5,,Banda Aceh,Aceh,Aceh,2.9166666666666665,8.3,40.87613701377783,2023,1,17,1,17,0.49999999999999994,0.8660254037844387,0.2882906407095177,0.9575429528116719,Rainy Season,1,0,0,0.0
2023-01-18,96011,AC,Aceh,20.5,31.0,25.4,76.0,1.0,11.0,,1012.1,,Banda Aceh,Aceh,Aceh,3.0555555555555554,10.5,39.50222479155574,2023,1,18,1,18,0.49999999999999994,0.8660254037844387,0.3047192331091634,0.9524422234305676,Rainy Season,1,0,0,1.0
2023-01-19,96011,AC,Aceh,20.8,31.4,26.7,77.0,1.0,11.3,,1011.0,,Banda Aceh,Aceh,Aceh,3.138888888888889,10.599999999999998,41.11599019276452,2023,1,19,1,19,0.49999999999999994,0.8660254037844387,0.321057654185271,0.9470596510722283,Rainy Season,1,0,0,1.0
2023-01-20,96011,AC,Aceh,21.6,31.6,26.3,80.0,1.9,9.8,,1010.5,,Banda Aceh,Aceh,Aceh,2.7222222222222223,10.0,42.937634294737755,2023,1,20,1,20,0.49999999999999994,0.8660254037844387,0.3373010691361842,0.9413968285264122,Rainy Season,1,0,0,1.9
2023-01-21,96011,AC,Aceh,23.0,28.0,23.6,88.0,4.7,9.9,,1010.4,,Banda Aceh,Aceh,Aceh,2.75,5.0,33.4006535315556,2023,1,21,1,21,0.49999999999999994,0.8660254037844387,0.3534446712740877,0.9354554315134164,Rainy Season,1,0,0,4.7
2023-01-22,96011,AC,Aceh,22.0,30.7,26.3,84.0,6.6,7.6,,1009.5,,Banda Aceh,Aceh,Aceh,2.111111111111111,8.7,41.25377603709121,2023,1,22,1,22,0.49999999999999994,0.8660254037844387,0.3694836834473831,0.9292372181882051,Rainy Season,1,0,0,6.6
2023-01-23,96011,AC,Aceh,23.0,28.0,24.7,89.0,48.1,7.0,,1009.4,,Banda Aceh,Aceh,Aceh,1.9444444444444444,5.0,33.57306912577787,2023,1,23,1,23,0.49999999999999994,0.8660254037844387,0.38541335945432564,0.9227440286201427,Rainy Season,1,0,0,48.1
2023-01-24,96011,AC,Aceh,22.8,28.6,24.9,87.0,4.0,9.6,,1009.1,,Banda Aceh,Aceh,Aceh,2.6666666666666665,5.800000000000001,35.060474836497825,2023,1,24,1,24,0.49999999999999994,0.8660254037844387,0.4012289854475009,0.9159777842484877,Rainy Season,1,0,0,4.0
2023-01-25,96011,AC,Aceh,22.4,32.2,25.8,82.0,1.4,8.6,,1008.6,,Banda Aceh,Aceh,Aceh,2.388888888888889,9.800000000000004,45.99841968963577,2023,1,25,1,25,0.49999999999999994,0.8660254037844387,0.4169258813287287,0.908940487313808,Rainy Season,1,0,0,1.4
2023-01-26,96011,AC,Aceh,22.2,30.4,24.8,86.0,17.0,8.7,,1009.2,,Banda Aceh,Aceh,Aceh,2.4166666666666665,8.2,40.869898638204496,2023,1,26,1,26,0.49999999999999994,0.8660254037844387,0.4324994021339788,0.901634220265486,Rainy Season,1,0,0,17.0
2023-01-27,96011,AC,Aceh,22.6,31.3,24.9,88.0,6.1,7.0,,1009.1,,Banda Aceh,Aceh,Aceh,1.9444444444444444,8.7,45.07622866321562,2023,1,27,1,27,0.49999999999999994,0.8660254037844387,0.44794493940789115,0.8940611451454876,Rainy Season,1,0,0,6.1
2023-01-28,96011,AC,Aceh,23.2,32.1,26.3,85.0,13.8,6.2,,1007.9,,Banda Aceh,Aceh,Aceh,1.7222222222222223,8.900000000000002,46.98605425371568,2023,1,28,1,28,0.49999999999999994,0.8660254037844387,0.4632579225674917,0.88622350294858,Rainy Season,1,0,0,13.8
2023-01-29,96011,AC,Aceh,23.0,29.8,26.3,85.0,9.0,6.9,,1007.9,,Banda Aceh,Aceh,Aceh,1.9166666666666667,6.800000000000001,38.46187163859545,2023,1,29,1,29,0.49999999999999994,0.8660254037844387,0.4784338202547012,0.8781236129591848,Rainy Season,1,0,0,9.0
2023-01-30,96011,AC,Aceh,22.6,30.6,26.3,82.0,1.6,8.5,,1009.1,,Banda Aceh,Aceh,Aceh,2.361111111111111,8.0,40.21938489987571,2023,1,30,1,30,0.49999999999999994,0.8660254037844387,0.49346814167723735,0.8697638720650646,Rainy Season,1,0,0,1.6
2023-01-31,96011,AC,Aceh,23.2,30.6,24.5,85.0,11.0,7.1,,1009.5,,Banda Aceh,Aceh,Aceh,1.972222222222222,7.400000000000002,41.24703371091566,2023,1,31,1,31,0.49999999999999994,0.8660254037844387,0.5083564379375122,0.8611467540480452,Rainy Season,1,0,0,11.0
2023-02-01,96011,AC,Aceh,22.8,31.2,26.4,82.0,0.0,7.1,,1009.2,,Banda Aceh,Aceh,Aceh,1.972222222222222,8.399999999999999,42.29954180883569,2023,2,32,1,1,0.8660254037844386,0.5000000000000001,0.5230943033491326,0.8522748088519838,Rainy Season,1,0,0,0.0
2023-02-02,96011,AC,Aceh,22.8,31.0,27.0,80.0,5.2,7.7,,1009.1,,Banda Aceh,Aceh,Aceh,2.138888888888889,8.2,40.87613701377783,2023,2,33,1,2,0.8660254037844386,0.5000000000000001,0.5376773767406141,0.8431506618282,Rainy Season,1,0,0,5.2
2023-02-03,96011,AC,Aceh,24.1,32.0,27.2,82.0,7.7,10.4,,1009.2,,Banda Aceh,Aceh,Aceh,2.888888888888889,7.899999999999999,45.23544914355571,2023,2,34,1,3,0.8660254037844386,0.5000000000000001,0.5521013427459208,0.8337770129585915,Rainy Season,1,0,0,7.7
2023-02-04,96011,AC,Aceh,23.7,32.0,25.0,87.0,7.7,5.7,,1008.4,,Banda Aceh,Aceh,Aceh,1.5833333333333333,8.3,47.51171914577806,2023,2,35,1,4,0.8660254037844386,0.5000000000000001,0.5663619330814524,0.8241566360566663,Rainy Season,1,0,0,7.7
2023-02-05,96011,AC,Aceh,22.5,31.1,25.9,86.0,4.8,5.8,,1008.6,,Banda Aceh,Aceh,Aceh,1.611111111111111,8.600000000000001,43.4756708345047,2023,2,36,1,5,0.8660254037844386,0.5000000000000001,0.580454927809098,0.8142923779467267,Rainy Season,1,0,0,4.8
2023-02-06,96011,AC,Aceh,23.8,30.0,25.6,86.0,11.5,6.3,,1009.5,,Banda Aceh,Aceh,Aceh,1.75,6.199999999999999,39.447505644444455,2023,2,37,1,6,0.8660254037844386,0.5000000000000001,0.5943761565849831,0.804187157621448,Rainy Season,1,0,0,11.5
2023-02-07,96011,AC,Aceh,22.5,32.0,26.2,84.0,8.8,6.3,,1009.4,,Banda Aceh,Aceh,Aceh,1.75,9.5,46.12722559911136,2023,2,38,1,7,0.8660254037844386,0.5000000000000001,0.6081214998935418,0.7938439653781019,Rainy Season,1,0,0,8.8
2023-02-08,96011,AC,Aceh,23.2,30.2,26.0,83.0,1.3,9.2,,1009.2,,Banda Aceh,Aceh,Aceh,2.5555555555555554,7.0,39.19946082967129,2023,2,39,1,8,0.8660254037844386,0.5000000000000001,0.6216868902665479,0.7832658619336791,Rainy Season,1,0,0,1.3
2023-02-09,96011,AC,Aceh,22.6,31.2,26.6,81.0,5.5,7.3,,1008.8,,Banda Aceh,Aceh,Aceh,2.0277777777777777,8.599999999999998,41.92303140268456,2023,2,40,1,9,0.8660254037844386,0.5000000000000001,0.6350683134867438,0.7724559775191742,Rainy Season,1,0,0,5.5
2023-02-10,96011,AC,Aceh,22.3,29.8,24.2,89.0,31.5,5.7,,1010.0,,Banda Aceh,Aceh,Aceh,1.5833333333333333,7.5,39.65645275105779,2023,2,41,1,10,0.8660254037844386,0.5000000000000001,0.6482618097757122,0.7614175109532997,Rainy Season,1,0,0,31.5
2023-02-11,96011,AC,Aceh,21.7,31.5,26.2,85.0,5.6,6.1,,1010.1,,Banda Aceh,Aceh,Aceh,1.6944444444444442,9.8,44.60954908155565,2023,2,42,1,11,0.8660254037844386,0.5000000000000001,0.6612634749656386,0.7501537286959042,Rainy Season,1,0,0,5.6
2023-02-12,96011,AC,Aceh,22.1,31.8,27.2,81.0,10.6,6.5,,1010.6,,Banda Aceh,Aceh,Aceh,1.8055555555555556,9.7,44.06275198348442,2023,2,43,1,12,0.8660254037844386,0.5000000000000001,0.6740694616546161,0.7386679638813748,Rainy Season,1,0,0,10.6
2023-02-13,96011,AC,Aceh,22.6,32.2,26.8,81.0,1.1,6.5,,1011.0,,Banda Aceh,Aceh,Aceh,1.8055555555555556,9.600000000000001,45.54656864908453,2023,2,44,1,13,0.8660254037844386,0.5000000000000001,0.6866759803451553,0.726963615332308,Rainy Season,1,0,0,1.1
2023-02-14,96011,AC,Aceh,22.6,32.0,27.3,80.0,1.8,7.6,,1010.5,,Banda Aceh,Aceh,Aceh,2.111111111111111,9.399999999999999,44.36864808177802,2023,2,45,1,14,0.8660254037844386,0.5000000000000001,0.6990793005655562,0.7150441465537444,Rainy Season,1,0,0,1.8
2023-02-15,96011,AC,Aceh,23.9,32.0,26.9,80.0,1.1,10.1,,1009.6,,Banda Aceh,Aceh,Aceh,2.8055555555555554,8.100000000000001,44.36864808177802,2023,2,46,1,15,0.8660254037844386,0.5000000000000001,0.7112757519738152,0.7029130847082615,Rainy Season,1,0,0,1.1
2023-02-16,96011,AC,Aceh,23.2,31.2,26.8,81.0,0.1,10.4,,1009.8,,Banda Aceh,Aceh,Aceh,2.888888888888889,8.0,41.92303140268456,2023,2,47,1,16,0.8660254037844386,0.5000000000000001,0.7232617254437388,0.6905740195722293,Rainy Season,1,0,0,0.1
2023-02-17,96011,AC,Aceh,23.5,31.0,26.4,83.0,5.8,7.5,,1010.7,,Banda Aceh,Aceh,Aceh,2.0833333333333335,7.5,41.961635915111245,2023,2,48,1,17,0.8660254037844386,0.5000000000000001,0.7350336741329413,0.6780306024735382,Rainy Season,1,0,0,5.8
2023-02-18,96011,AC,Aceh,22.9,31.2,26.2,83.0,7.3,8.8,,1011.0,,Banda Aceh,Aceh,Aceh,2.4444444444444446,8.3,42.6814975392713,2023,2,49,1,18,0.8660254037844386,0.5000000000000001,0.746588114532413,0.6652865452111116,Rainy Season,1,0,0,7.3
2023-02-19,96011,AC,Aceh,23.0,32.0,27.0,79.0,2.7,8.6,,1011.0,,Banda Aceh,Aceh,Aceh,2.388888888888889,9.0,43.94461332355576,2023,2,50,1,19,0.8660254037844386,0.5000000000000001,0.7579216274973472,0.6523456189565257,Rainy Season,1,0,0,2.7
2023-02-20,96011,AC,Aceh,22.4,32.6,27.1,77.0,2.9,10.1,,1010.6,,Banda Aceh,Aceh,Aceh,2.8055555555555554,10.200000000000003,45.21302597836463,2023,2,51,1,20,0.8660254037844386,0.5000000000000001,0.7690308592589181,0.6392116531380588,Rainy Season,1,0,0,2.9
2023-02-21,96011,AC,Aceh,23.0,31.2,27.2,79.0,1.6,9.0,,1011.0,,Banda Aceh,Aceh,Aceh,2.5,8.2,41.186346563235716,2023,2,52,1,21,0.8660254037844386,0.5000000000000001,0.7799125224167177,0.6258885343075018,Rainy Season,1,0,0,1.6
2023-02-22,96011,AC,Aceh,23.6,32.8,27.3,79.0,3.2,9.9,,1010.8,,Banda Aceh,Aceh,Aceh,2.75,9.199999999999996,46.88216132803563,2023,2,53,1,22,0.8660254037844386,0.5000000000000001,0.7905633969115482,0.612380204990065,Rainy Season,1,0,0,3.2
2023-02-23,96011,AC,Aceh,23.6,32.0,27.0,82.0,3.4,9.0,,1010.6,,Banda Aceh,Aceh,Aceh,2.5,8.399999999999999,45.23544914355571,2023,2,54,1,23,0.8660254037844386,0.5000000000000001,0.8009803309782905,0.5986906625177214,Rainy Season,1,0,0,3.4
2023-02-24,96011,AC,Aceh,23.3,32.5,26.8,81.0,1.1,10.4,,1010.6,,Banda Aceh,Aceh,Aceh,2.888888888888889,9.2,46.689532694444615,2023,2,55,1,24,0.8660254037844386,0.5000000000000001,0.8111602420785621,0.5848239578463322,Rainy Season,1,0,0,1.1
2023-02-25,96011,AC,Aceh,22.0,32.6,26.8,78.0,0.0,10.7,,1011.6,,Banda Aceh,Aceh,Aceh,2.972222222222222,10.600000000000001,45.66857798241801,2023,2,56,1,25,0.8660254037844386,0.5000000000000001,0.8211001178128892,0.5707841943569036,Rainy Season,1,0,0,0.0
2023-02-26,96011,AC,Aceh,21.8,30.2,25.1,80.0,2.3,11.2,,1012.5,,Banda Aceh,Aceh,Aceh,3.1111111111111107,8.399999999999999,38.286184318417824,2023,2,57,1,26,0.8660254037844386,0.5000000000000001,0.8307970168121247,0.5565755266413303,Rainy Season,1,0,0,2.3
2023-02-27,96011,AC,Aceh,22.4,32.2,27.2,77.0,0.0,11.0,,1013.0,,Banda Aceh,Aceh,Aceh,3.0555555555555554,9.800000000000004,43.80358495372465,2023,2,58,1,27,0.8660254037844386,0.5000000000000001,0.8402480696078469,0.5422021592729844,Rainy Season,1,0,0,0.0
2023-02-28,96011,AC,Aceh,23.2,32.0,26.6,78.0,5.5,10.0,,1013.5,,Banda Aceh,Aceh,Aceh,2.7777777777777777,8.8,43.52682241377802,2023,2,59,1,28,0.8660254037844386,0.5000000000000001,0.8494504794814806,0.527668345562516,Rainy Season,1,0,0,5.5
2023-03-01,96011,AC,Aceh,23.2,31.5,26.4,81.0,2.8,11.2,,1013.1,,Banda Aceh,Aceh,Aceh,3.1111111111111107,8.3,42.97999103044457,2023,3,60,1,1,1.0,6.123233995736766e-17,0.8584015232918917,0.512978386299228,Rainy Season,1,0,0,2.8
2023-03-02,96011,AC,Aceh,23.2,32.8,27.7,78.0,0.3,10.7,,1012.6,,Banda Aceh,Aceh,Aceh,2.972222222222222,9.599999999999998,46.404642763537886,2023,3,61,1,2,1.0,6.123233995736766e-17,0.8670985522812081,0.4981366284784055,Rainy Season,1,0,0,0.3
2023-03-03,96011,AC,Aceh,24.2,30.5,26.2,81.0,3.3,8.3,,1014.3,,Banda Aceh,Aceh,Aceh,2.305555555555556,6.300000000000001,39.55713075844429,2023,3,62,1,3,1.0,6.123233995736766e-17,0.8755389928586302,0.4831474640149687,Rainy Season,1,0,0,3.3
2023-03-04,96011,AC,Aceh,22.7,33.0,27.2,77.0,0.2,11.6,,1014.0,,Banda Aceh,Aceh,Aceh,3.222222222222222,10.3,46.66622943244462,2023,3,63,1,4,1.0,6.123233995736766e-17,0.8837203473619977,0.4680153284438345,Rainy Season,1,0,0,0.2
2023-03-05,96011,AC,Aceh,22.4,32.6,26.9,74.0,0.7,12.3,,1013.5,,Banda Aceh,Aceh,Aceh,3.416666666666667,10.200000000000003,43.88739030903109,2023,3,64,1,5,1.0,6.123233995736766e-17,0.8916401947968874,0.45274469960737107,Rainy Season,1,0,0,0.7
2023-03-06,96011,AC,Aceh,21.1,33.2,26.3,73.0,0.5,10.8,,1012.6,,Banda Aceh,Aceh,Aceh,3.0,12.100000000000001,45.480487910915734,2023,3,65,1,6,1.0,6.123233995736766e-17,0.8992961915530253,0.4373400963303323,Rainy Season,1,0,0,0.5
2023-03-07,96011,AC,Aceh,21.4,32.2,26.8,74.0,1.3,10.4,,1011.9,,Banda Aceh,Aceh,Aceh,2.888888888888889,10.800000000000004,42.56398867239123,2023,3,66,1,7,1.0,6.123233995736766e-17,0.9066860720977985,0.4218060770826634,Rainy Season,1,0,0,1.3
2023-03-08,96011,AC,Aceh,23.0,32.4,27.2,76.0,1.2,10.2,,1011.7,,Banda Aceh,Aceh,Aceh,2.833333333333333,9.399999999999999,44.068723666115645,2023,3,67,1,8,1.0,6.123233995736766e-17,0.9138076496466615,0.4061472386305789,Rainy Season,1,0,0,1.2
2023-03-09,96011,AC,Aceh,23.2,32.1,26.1,80.0,2.4,10.3,,1010.7,,Banda Aceh,Aceh,Aceh,2.861111111111111,8.900000000000002,44.73348681183779,2023,3,68,1,9,1.0,6.123233995736766e-17,0.9206588168102428,0.3903682146763026,Rainy Season,1,0,0,2.4
2023-03-10,96011,AC,Aceh,23.4,32.8,25.3,83.0,9.5,8.7,,1010.6,,Banda Aceh,Aceh,Aceh,2.4166666666666665,9.399999999999999,48.86256761287125,2023,3,69,1,10,1.0,6.123233995736766e-17,0.9272375462179537,0.374473674486883,Rainy Season,1,0,0,9.5
2023-03-11,96011,AC,Aceh,23.4,32.2,26.5,82.0,18.1,7.0,,1011.1,,Banda Aceh,Aceh,Aceh,1.9444444444444444,8.800000000000004,45.99841968963577,2023,3,70,1,11,1.0,6.123233995736766e-17,0.9335418911179212,0.35846832151248087,Rainy Season,1,0,0,18.1
2023-03-12,96011,AC,Aceh,22.8,30.8,26.7,84.0,10.4,7.3,,1010.9,,Banda Aceh,Aceh,Aceh,2.0277777777777777,8.0,41.61087243639117,2023,3,71,1,12,1.0,6.123233995736766e-17,0.9395699859530622,0.342356891994542,Rainy Season,1,0,0,10.4
2023-03-13,96011,AC,Aceh,23.4,30.0,25.9,83.0,1.2,10.0,,1009.9,,Banda Aceh,Aceh,Aceh,2.7777777777777777,6.600000000000001,38.538234911111054,2023,3,72,1,13,1.0,6.123233995736766e-17,0.945320046913132,0.3261441535642696,Rainy Season,1,0,0,1.2
2023-03-14,96011,AC,Aceh,22.0,32.0,26.7,78.0,0.0,11.1,,1008.9,,Banda Aceh,Aceh,Aceh,3.083333333333333,10.0,43.52682241377802,2023,3,73,1,14,1.0,6.123233995736766e-17,0.9507903724625832,0.3098349038318025,Rainy Season,1,0,0,0.0
2023-03-15,96011,AC,Aceh,22.5,32.0,26.9,77.0,1.2,9.3,,1009.1,,Banda Aceh,Aceh,Aceh,2.5833333333333335,9.5,43.11527535244464,2023,3,74,1,15,1.0,6.123233995736766e-17,0.9559793438440766,0.2934339689665273,Rainy Season,1,0,0,1.2
2023-03-16,96011,AC,Aceh,23.0,32.8,27.7,78.0,0.0,9.7,,1009.8,,Banda Aceh,Aceh,Aceh,2.694444444444444,9.799999999999997,46.404642763537886,2023,3,75,1,16,1.0,6.123233995736766e-17,0.9608854255574977,0.27694620226893646,Rainy Season,1,0,0,0.0
2023-03-17,96011,AC,Aceh,22.8,32.4,27.3,78.0,0.8,9.7,,1009.8,,Banda Aceh,Aceh,Aceh,2.694444444444444,9.599999999999998,44.9435863304179,2023,3,76,1,17,1.0,6.123233995736766e-17,0.9655071658143364,0.2603764827344581,Rainy Season,1,0,0,0.8
2023-03-18,96011,AC,Aceh,23.1,32.8,27.3,80.0,9.1,8.9,,1010.2,,Banda Aceh,Aceh,Aceh,2.4722222222222223,9.699999999999996,47.3667130952178,2023,3,77,1,18,1.0,6.123233995736766e-17,0.969843196967294,0.24372971360968387,Rainy Season,1,0,0,9.1
2023-03-19,96011,AC,Aceh,23.7,33.3,26.9,81.0,4.2,6.4,,1008.9,,Banda Aceh,Aceh,Aceh,1.777777777777778,9.599999999999998,49.86357662788449,2023,3,78,1,19,1.0,6.123233995736766e-17,0.9738922359149924,0.22701082094141847,Rainy Season,1,0,0,4.2
2023-03-20,96011,AC,Aceh,23.2,30.4,26.2,85.0,8.8,7.5,,1009.0,,Banda Aceh,Aceh,Aceh,2.0833333333333335,7.199999999999999,40.53276609171558,2023,3,79,1,20,1.0,6.123233995736766e-17,0.9776530844816641,0.2102247521189836,Rainy Season,1,0,0,8.8
2023-03-21,96011,AC,Aceh,23.7,31.8,27.8,81.0,2.4,8.1,,1008.8,,Banda Aceh,Aceh,Aceh,2.25,8.100000000000001,44.06275198348442,2023,3,80,1,21,1.0,6.123233995736766e-17,0.981124629771712,0.19337647441020586,Rainy Season,1,0,0,2.4
2023-03-22,96011,AC,Aceh,22.8,32.7,27.7,80.0,4.4,7.4,,1008.2,,Banda Aceh,Aceh,Aceh,2.055555555555556,9.900000000000002,46.982035571917784,2023,3,81,1,22,1.0,6.123233995736766e-17,0.984305844499033,0.17647097349152166,Rainy Season,1,0,0,4.4
2023-03-23,96011,AC,Aceh,23.8,32.9,27.3,82.0,2.7,7.2,,1008.9,,Banda Aceh,Aceh,Aceh,2.0,9.099999999999998,48.76014679497564,2023,3,82,1,23,1.0,6.123233995736766e-17,0.9871957872910085,0.15951325197263655,Rainy Season,1,0,0,2.7
2023-03-24,96011,AC,Aceh,23.0,31.8,26.6,84.0,17.1,6.7,,1009.9,,Banda Aceh,Aceh,Aceh,1.8611111111111112,8.8,45.34485951159112,2023,3,83,1,24,1.0,6.123233995736766e-17,0.9897936029670716,0.14250832791617088,Rainy Season,1,0,0,17.1
2023-03-25,96011,AC,Aceh,22.7,32.2,27.5,81.0,6.4,7.0,,1010.2,,Banda Aceh,Aceh,Aceh,1.9444444444444444,9.500000000000004,45.54656864908453,2023,3,84,1,25,1.0,6.123233995736766e-17,0.992098522791769,0.12546123335273648,Rainy Season,1,0,0,6.4
2023-03-26,96011,AC,Aceh,23.6,32.2,27.7,81.0,1.9,7.2,,1009.3,,Banda Aceh,Aceh,Aceh,2.0,8.600000000000001,45.54656864908453,2023,3,85,1,26,1.0,6.123233995736766e-17,0.9941098647022418,0.10837701279187609,Rainy Season,1,0,0,1.9
2023-03-27,96011,AC,Aceh,24.1,32.0,26.9,83.0,10.3,7.5,,1008.7,,Banda Aceh,Aceh,Aceh,2.0833333333333335,7.899999999999999,45.67821544711137,2023,3,86,1,27,1.0,6.123233995736766e-17,0.9958270335100595,0.09126072172931188,Rainy Season,1,0,0,10.3
2023-03-28,96011,AC,Aceh,24.4,32.5,28.0,83.0,14.1,7.2,,1009.3,,Banda Aceh,Aceh,Aceh,2.0,8.100000000000001,47.64644716111125,2023,3,87,1,28,1.0,6.123233995736766e-17,0.9972495210773451,0.07411742515094437,Rainy Season,1,0,0,14.1
2023-03-29,96011,AC,Aceh,22.7,31.8,27.4,81.0,6.4,7.5,,1010.2,,Banda Aceh,Aceh,Aceh,2.0833333333333335,9.100000000000001,44.06275198348442,2023,3,88,1,29,1.0,6.123233995736766e-17,0.998376906467142,0.056952196034039754,Rainy Season,1,0,0,6.4
2023-03-30,96011,AC,Aceh,23.3,32.2,27.0,78.0,2.9,7.3,,1009.9,,Banda Aceh,Aceh,Aceh,2.0277777777777777,8.900000000000002,44.22966780753791,2023,3,89,1,30,1.0,6.123233995736766e-17,0.9992088560679753,0.03977011384605572,Rainy Season,1,0,0,2.9
2023-03-31,96011,AC,Aceh,22.5,33.0,27.8,78.0,0.2,6.6,,1009.5,,Banda Aceh,Aceh,Aceh,1.8333333333333333,10.5,47.1517806737779,2023,3,90,1,31,1.0,6.123233995736766e-17,0.9997451236925734,0.022576263041545485,Rainy Season,1,0,0,0.2
2023-04-01,96011,AC,Aceh,21.8,33.9,27.9,76.0,4.5,7.3,,1009.3,,Banda Aceh,Aceh,Aceh,2.0277777777777777,12.099999999999998,49.54905952281566,2023,4,91,2,1,0.8660254037844387,-0.4999999999999998,0.9999855506507186,0.005375731557583884,Transition,2,0,0,4.5
2023-04-02,96011,AC,Aceh,23.2,33.0,27.7,76.0,0.3,6.8,,1009.6,,Banda Aceh,Aceh,Aceh,1.8888888888888888,9.8,46.187907299555505,2023,4,92,2,2,0.8660254037844387,-0.4999999999999998,0.9999300657962057,-0.011826390691832589,Transition,2,0,0,0.3
2023-04-03,96011,AC,Aceh,23.3,32.5,27.4,76.0,2.8,5.8,,1009.7,,Banda Aceh,Aceh,Aceh,1.611111111111111,9.2,44.41516624305572,2023,4,93,2,3,0.8660254037844387,-0.4999999999999998,0.9995786855478958,-0.029025013321975237,Transition,2,0,0,2.8
2023-04-04,96011,AC,Aceh,21.8,32.6,27.2,76.0,2.5,6.9,,1009.8,,Banda Aceh,Aceh,Aceh,1.9166666666666667,10.8,44.764310698115665,2023,4,94,2,4,0.8660254037844387,-0.4999999999999998,0.9989315138848577,-0.046215046983708354,Transition,2,0,0,2.5
2023-04-05,96011,AC,Aceh,21.8,32.7,27.1,73.0,0.0,6.7,,1010.2,,Banda Aceh,Aceh,Aceh,1.8611111111111112,10.900000000000002,43.789565992115676,2023,4,95,2,5,0.8660254037844387,-0.4999999999999998,0.9979887423155984,-0.06339140486951038,Transition,2,0,0,0.0
2023-04-06,96011,AC,Aceh,20.4,33.4,27.7,73.0,1.4,7.2,,1010.0,,Banda Aceh,Aceh,Aceh,2.0,13.0,46.175065059395486,2023,4,96,2,6,0.8660254037844387,-0.4999999999999998,0.9967506498213929,-0.08054900421874167,Transition,2,0,0,1.4
2023-04-07,96011,AC,Aceh,23.0,33.3,26.8,78.0,5.3,7.1,,1010.9,,Banda Aceh,Aceh,Aceh,1.972222222222222,10.299999999999997,48.293249656237826,2023,4,97,2,7,0.8660254037844387,-0.4999999999999998,0.9952176027737294,-0.09768276782171598,Transition,2,0,0,5.3
2023-04-08,96011,AC,Aceh,22.2,32.7,27.2,79.0,0.6,7.0,,1011.9,,Banda Aceh,Aceh,Aceh,1.9444444444444444,10.500000000000004,46.50516338443573,2023,4,98,2,8,0.8660254037844387,-0.4999999999999998,0.9933900548258936,-0.11478762552212701,Transition,2,0,0,0.6
2023-04-09,96011,AC,Aceh,23.1,33.4,27.9,78.0,0.2,8.4,,1011.7,,Banda Aceh,Aceh,Aceh,2.3333333333333335,10.299999999999997,48.67927588161772,2023,4,99,2,9,0.8660254037844387,-0.4999999999999998,0.9912685467787256,-0.13185851571739118,Transition,2,0,0,0.2
2023-04-10,96011,AC,Aceh,21.9,33.2,28.6,76.0,4.3,7.2,,1011.0,,Banda Aceh,Aceh,Aceh,2.0,11.300000000000004,46.915916868995645,2023,4,100,2,10,0.8660254037844387,-0.4999999999999998,0.9888537064205885,-0.1488903868564548,Transition,2,0,0,4.3
2023-04-11,96011,AC,Aceh,23.6,33.0,28.3,77.0,1.4,7.5,,1010.4,,Banda Aceh,Aceh,Aceh,2.0833333333333335,9.399999999999999,46.66622943244462,2023,4,101,2,11,0.8660254037844387,-0.4999999999999998,0.986146248341595,-0.16587819893463143,Transition,2,0,0,1.4
2023-04-12,96011,AC,Aceh,23.1,32.9,28.6,77.0,0.8,7.5,,1010.3,,Banda Aceh,Aceh,Aceh,2.0833333333333335,9.799999999999997,46.298825841164636,2023,4,102,2,12,0.8660254037844387,-0.4999999999999998,0.9831469737221499,-0.1828169249850199,Transition,2,0,0,0.8
2023-04-13,96011,AC,Aceh,24.0,33.5,28.5,77.0,0.6,7.6,,1010.0,,Banda Aceh,Aceh,Aceh,2.111111111111111,9.5,48.544274666444615,2023,4,103,2,13,0.8660254037844387,-0.4999999999999998,0.9798567700958665,-0.1997015525660636,Transition,2,0,0,0.6
2023-04-14,96011,AC,Aceh,24.2,33.7,28.8,76.0,0.7,6.8,,1009.9,,Banda Aceh,Aceh,Aceh,1.8888888888888888,9.500000000000004,48.78322365969549,2023,4,104,2,14,0.8660254037844387,-0.4999999999999998,0.9762766110869321,-0.21652708524481437,Transition,2,0,0,0.7
2023-04-15,96011,AC,Aceh,23.8,33.5,28.1,74.0,0.9,7.1,,1009.5,,Banda Aceh,Aceh,Aceh,1.972222222222222,9.7,47.01918569061127,2023,4,105,2,15,0.8660254037844387,-0.4999999999999998,0.9724075561219968,-0.23328854407545518,Transition,2,0,0,0.9
2023-04-16,96011,AC,Aceh,24.0,34.4,28.3,74.0,1.1,8.6,,1009.4,,Banda Aceh,Aceh,Aceh,2.388888888888889,10.399999999999999,50.36440804023117,2023,4,106,2,16,0.8660254037844387,-0.4999999999999998,0.9682507501166718,-0.2499809690726521,Transition,2,0,0,1.1
2023-04-17,96011,AC,Aceh,23.5,34.0,28.8,80.0,1.3,7.7,,1009.4,,Banda Aceh,Aceh,Aceh,2.138888888888889,10.5,52.203904213777804,2023,4,107,2,17,0.8660254037844387,-0.4999999999999998,0.9638074231367307,-0.26659942067929354,Transition,2,0,0,1.3
2023-04-18,96011,AC,Aceh,24.7,34.7,28.8,79.0,2.9,7.6,,1010.0,,Banda Aceh,Aceh,Aceh,2.111111111111111,10.000000000000004,54.577363450035534,2023,4,108,2,18,0.8660254037844387,-0.4999999999999998,0.9590788900341131,-0.28313898122818354,Transition,2,0,0,2.9
2023-04-19,96011,AC,Aceh,24.4,34.8,28.7,79.0,7.4,7.0,,1008.7,,Banda Aceh,Aceh,Aceh,1.9444444444444444,10.399999999999999,55.01038678243562,2023,4,109,2,19,0.8660254037844387,-0.4999999999999998,0.9540665500578387,-0.2995947563972602,Transition,2,0,0,7.4
2023-04-20,96011,AC,Aceh,23.4,34.5,27.0,80.0,5.9,7.4,,1007.4,,Banda Aceh,Aceh,Aceh,2.055555555555556,11.100000000000001,54.33985032927789,2023,4,110,2,20,0.8660254037844387,-0.4999999999999998,0.9487718864399473,-0.31596187665790293,Transition,2,0,0,5.9
2023-04-21,96011,AC,Aceh,23.5,34.3,28.7,78.0,8.1,6.9,,1007.0,,Banda Aceh,Aceh,Aceh,1.9166666666666667,10.799999999999997,52.27808461263791,2023,4,111,2,21,0.8660254037844387,-0.4999999999999998,0.9431964659565866,-0.33223549871590435,Transition,2,0,0,8.1
2023-04-22,96011,AC,Aceh,23.8,33.8,27.7,81.0,8.6,6.8,,1007.3,,Banda Aceh,Aceh,Aceh,1.8888888888888888,9.999999999999996,51.94052553868451,2023,4,112,2,22,0.8660254037844387,-0.4999999999999998,0.9373419384643772,-0.3484108069446808,Transition,2,0,0,8.6
2023-04-23,96011,AC,Aceh,24.0,33.2,27.3,84.0,6.7,6.1,,1008.1,,Banda Aceh,Aceh,Aceh,1.6944444444444442,9.200000000000003,51.070402831591146,2023,4,113,2,23,0.8660254037844387,-0.4999999999999998,0.9312100364121947,-0.3644830148102912,Transition,2,0,0,6.7
2023-04-24,96011,AC,Aceh,24.8,33.3,27.1,84.0,8.0,7.9,,1008.7,,Banda Aceh,Aceh,Aceh,2.1944444444444446,8.499999999999996,51.50160063189121,2023,4,114,2,24,0.8660254037844387,-0.4999999999999998,0.9248025743285089,-0.38044736628785164,Transition,2,0,0,8.0
2023-04-25,96011,AC,Aceh,23.5,34.8,28.3,81.0,3.2,6.5,,1008.6,,Banda Aceh,Aceh,Aceh,1.8055555555555556,11.299999999999997,56.309434404284495,2023,4,115,2,25,0.8660254037844387,-0.4999999999999998,0.9181214482844364,-0.39629913726891813,Transition,2,0,0,3.2
2023-04-26,96011,AC,Aceh,23.9,34.4,28.7,80.0,2.4,8.2,,1007.8,,Banda Aceh,Aceh,Aceh,2.2777777777777777,10.5,53.90699287953768,2023,4,116,2,26,0.8660254037844387,-0.4999999999999998,0.9111686353326631,-0.41203363695942635,Transition,2,0,0,2.4
2023-04-27,96011,AC,Aceh,22.8,31.0,27.4,83.0,8.3,6.7,,1008.6,,Banda Aceh,Aceh,Aceh,1.8611111111111112,8.2,41.961635915111245,2023,4,117,2,27,0.8660254037844387,-0.4999999999999998,0.9039461929224011,-0.42764620926777464,Transition,2,0,0,8.3
2023-04-28,96011,AC,Aceh,22.8,32.6,27.8,83.0,2.7,6.4,,1009.3,,Banda Aceh,Aceh,Aceh,1.777777777777778,9.8,48.048888859751145,2023,4,118,2,28,0.8660254037844387,-0.4999999999999998,0.8964562582905575,-0.44313223418263453,Transition,2,0,0,2.7
2023-04-29,96011,AC,Aceh,22.4,32.0,28.0,82.0,2.0,6.4,,1008.6,,Banda Aceh,Aceh,Aceh,1.777777777777778,9.600000000000001,45.23544914355571,2023,4,119,2,29,0.8660254037844387,-0.4999999999999998,0.8887010478292915,-0.45848712914008766,Transition,2,0,0,2.0
2023-04-30,96011,AC,Aceh,24.6,34.0,28.7,82.0,9.4,7.6,,1007.4,,Banda Aceh,Aceh,Aceh,2.111111111111111,9.399999999999999,53.387041427555644,2023,4,120,2,30,0.8660254037844387,-0.4999999999999998,0.8806828564301475,-0.47370635037968,Transition,2,0,0,9.4
2023-05-01,96011,AC,Aceh,24.6,34.6,29.3,78.0,2.9,8.3,,1007.1,,Banda Aceh,Aceh,Aceh,2.305555555555556,10.0,53.5275166040179,2023,5,121,2,1,0.49999999999999994,-0.8660254037844387,0.8724040568049612,-0.48878539428899265,Transition,2,0,0,2.9
2023-05-02,96011,AC,Aceh,25.2,33.2,27.1,83.0,7.6,7.0,,1008.5,,Banda Aceh,Aceh,Aceh,1.9444444444444444,8.000000000000004,50.52510654247124,2023,5,122,2,2,0.49999999999999994,-0.8660254037844387,0.8638670987837349,-0.503719798736334,Transition,2,0,0,7.6
2023-05-03,96011,AC,Aceh,23.4,31.5,27.4,86.0,6.5,6.2,,1010.0,,Banda Aceh,Aceh,Aceh,1.7222222222222223,8.100000000000001,45.031303207944504,2023,5,123,2,3,0.49999999999999994,-0.8660254037844387,0.8550745085896932,-0.518505144391157,Transition,2,0,0,6.5
2023-05-04,96011,AC,Aceh,23.9,31.2,27.1,87.0,16.2,6.8,,1009.6,,Banda Aceh,Aceh,Aceh,1.8888888888888888,7.300000000000001,44.263773703857986,2023,5,124,2,4,0.49999999999999994,-0.8660254037844387,0.8460288880917339,-0.533137056031809,Transition,2,0,0,16.2
2023-05-05,96011,AC,Aceh,23.2,34.4,27.6,82.0,6.2,6.3,,1007.9,,Banda Aceh,Aceh,Aceh,1.75,11.2,55.156529703875634,2023,5,125,2,5,0.49999999999999994,-0.8660254037844387,0.8367329140344921,-0.5476112038402312,Transition,2,0,0,6.2
2023-05-06,96011,AC,Aceh,23.6,34.1,26.8,83.0,14.1,5.7,,1007.2,,Banda Aceh,Aceh,Aceh,1.5833333333333333,10.5,54.437328572951174,2023,5,126,2,6,0.49999999999999994,-0.8660254037844387,0.8271893372462497,-0.5619233046832195,Transition,2,0,0,14.1
2023-05-07,96011,AC,Aceh,23.8,33.6,28.4,81.0,8.5,6.3,,1006.9,,Banda Aceh,Aceh,Aceh,1.75,9.8,51.10114553260438,2023,5,127,2,7,0.49999999999999994,-0.8660254037844387,0.8174009818249189,-0.5760691233798758,Transition,2,0,0,8.5
2023-05-08,96011,AC,Aceh,23.6,32.4,28.5,77.0,1.3,7.2,,1006.6,,Banda Aceh,Aceh,Aceh,2.0,8.799999999999997,44.50283516236454,2023,5,128,2,8,0.49999999999999994,-0.8660254037844387,0.8073707443023492,-0.5900444739548627,Transition,2,0,0,1.3
2023-05-09,96011,AC,Aceh,23.6,32.5,27.7,77.0,1.0,6.7,,1007.2,,Banda Aceh,Aceh,Aceh,1.8611111111111112,8.899999999999999,44.85656299444463,2023,5,129,2,9,0.49999999999999994,-0.8660254037844387,0.7971015927871943,-0.6038452208771035,Transition,2,0,0,1.0
2023-05-10,96011,AC,Aceh,23.6,34.8,29.2,71.0,0.0,7.3,,1007.6,,Banda Aceh,Aceh,Aceh,2.0277777777777777,11.199999999999996,50.17285509041778,2023,5,130,2,10,0.49999999999999994,-0.8660254037844387,0.7865965660866021,-0.6174672802835514,Transition,2,0,0,0.0
2023-05-11,96011,AC,Aceh,23.0,35.1,29.2,72.0,0.1,6.5,,1008.8,,Banda Aceh,Aceh,Aceh,1.8055555555555556,12.100000000000001,51.89357778866466,2023,5,131,2,11,0.49999999999999994,-0.8660254037844387,0.7758587728069828,-0.6309066211876704,Transition,2,0,0,0.1
2023-05-12,96011,AC,Aceh,23.8,35.2,29.5,75.0,0.7,7.2,,1009.7,,Banda Aceh,Aceh,Aceh,2.0,11.400000000000002,54.14909588935128,2023,5,132,2,12,0.49999999999999994,-0.8660254037844387,0.7648913904341225,-0.6441592666722685,Transition,2,0,0,0.7
2023-05-13,96011,AC,Aceh,24.6,34.6,29.2,72.0,0.0,8.2,,1010.2,,Banda Aceh,Aceh,Aceh,2.2777777777777777,10.0,49.994058071964574,2023,5,133,2,13,0.49999999999999994,-0.8660254037844387,0.753697664392914,-0.6572212950663319,Transition,2,0,0,0.0
2023-05-14,96011,AC,Aceh,23.8,36.2,29.9,69.0,0.0,6.5,,1010.2,,Banda Aceh,Aceh,Aceh,1.8055555555555556,12.400000000000002,54.280561967057785,2023,5,134,2,14,0.49999999999999994,-0.8660254037844387,0.742280907086982,-0.6700888411055113,Transition,2,0,0,0.0
2023-05-15,96011,AC,Aceh,24.2,35.8,29.5,70.0,0.4,6.3,,1010.7,,Banda Aceh,Aceh,Aceh,1.75,11.599999999999998,53.36880838099568,2023,5,135,2,15,0.49999999999999994,-0.8660254037844387,0.7306444969184916,-0.6827580970759147,Transition,2,0,0,0.4
2023-05-16,96011,AC,Aceh,23.8,34.0,29.1,72.0,3.9,6.3,,1011.3,,Banda Aceh,Aceh,Aceh,1.75,10.2,47.799356976444535,2023,5,136,2,16,0.49999999999999994,-0.8660254037844387,0.7187918772884232,-0.6952253139408722,Transition,2,0,0,3.9
2023-05-17,96011,AC,Aceh,24.0,35.0,29.2,72.0,4.4,6.0,,1012.0,,Banda Aceh,Aceh,Aceh,1.6666666666666665,11.0,51.50853914444451,2023,5,137,2,17,0.49999999999999994,-0.8660254037844387,0.7067265555776158,-0.7074868024503348,Transition,2,0,0,4.4
2023-05-18,96011,AC,Aceh,25.1,33.6,29.1,73.0,7.3,9.9,,1012.1,,Banda Aceh,Aceh,Aceh,2.75,8.5,46.88004699699547,2023,5,138,2,18,0.49999999999999994,-0.8660254037844387,0.6944521021088763,-0.719538934232584,Transition,2,0,0,7.3
2023-05-19,96011,AC,Aceh,24.9,33.6,28.9,74.0,0.4,7.9,,1011.1,,Banda Aceh,Aceh,Aceh,2.1944444444444446,8.700000000000003,47.380337459431054,2023,5,139,2,19,0.49999999999999994,-0.8660254037844387,0.6819721490904629,-0.7313781428679254,Transition,2,0,0,0.4
2023-05-20,96011,AC,Aceh,24.4,34.2,29.2,79.0,6.0,6.9,,1010.4,,Banda Aceh,Aceh,Aceh,1.9166666666666667,9.800000000000004,52.45426582963569,2023,5,140,2,20,0.49999999999999994,-0.8660254037844387,0.6692903895412567,-0.7430009249440493,Transition,2,0,0,6.0
2023-05-21,96011,AC,Aceh,25.0,34.2,28.6,78.0,0.7,7.5,,1011.0,,Banda Aceh,Aceh,Aceh,2.0833333333333335,9.200000000000003,51.86714384673792,2023,5,141,2,21,0.49999999999999994,-0.8660254037844387,0.6564105761979381,-0.7544038410927472,Transition,2,0,0,0.7
2023-05-22,96011,AC,Aceh,23.5,32.4,27.8,80.0,5.3,6.5,,1011.8,,Banda Aceh,Aceh,Aceh,1.8055555555555556,8.899999999999999,45.84500768193783,2023,5,142,2,22,0.49999999999999994,-0.8660254037844387,0.6433365204044917,-0.765583517007675,Transition,2,0,0,5.3
2023-05-23,96011,AC,Aceh,24.1,33.8,28.6,78.0,2.2,7.4,,1011.7,,Banda Aceh,Aceh,Aceh,2.055555555555556,9.699999999999996,50.25106360593798,2023,5,143,2,23,0.49999999999999994,-0.8660254037844387,0.6300720909843687,-0.7765366444428655,Transition,2,0,0,2.2
2023-05-24,96011,AC,Aceh,24.0,34.2,29.1,76.0,2.2,9.8,,1011.1,,Banda Aceh,Aceh,Aceh,2.7222222222222223,10.200000000000003,50.718077403395576,2023,5,144,2,24,0.49999999999999994,-0.8660254037844387,0.6166212130956382,-0.7872599821916922,Transition,2,0,0,2.2
2023-05-25,96011,AC,Aceh,24.0,35.8,29.3,76.0,0.2,7.0,,1011.4,,Banda Aceh,Aceh,Aceh,1.9444444444444444,11.799999999999997,57.363524907395615,2023,5,145,2,25,0.49999999999999994,-0.8660254037844387,0.6029878670694714,-0.7977503570459932,Transition,2,0,0,0.2
2023-05-26,96011,AC,Aceh,24.2,33.2,28.9,76.0,2.3,8.6,,1011.2,,Banda Aceh,Aceh,Aceh,2.388888888888889,9.000000000000004,46.915916868995645,2023,5,146,2,26,0.49999999999999994,-0.8660254037844387,0.5891760872322963,-0.8080046647350754,Transition,2,0,0,2.3
2023-05-27,96011,AC,Aceh,23.6,34.6,29.0,70.0,0.0,8.1,,1009.9,,Banda Aceh,Aceh,Aceh,2.25,11.0,48.88644433891559,2023,5,147,2,27,0.49999999999999994,-0.8660254037844387,0.5751899607119775,-0.8180198708443174,Transition,2,0,0,0.0
2023-05-28,96011,AC,Aceh,23.7,35.4,29.7,69.0,0.0,8.3,,1008.7,,Banda Aceh,Aceh,Aceh,2.305555555555556,11.7,51.234303103697776,2023,5,148,2,28,0.49999999999999994,-0.8660254037844387,0.5610336262283677,-0.8277930117131022,Transition,2,0,0,0.0
2023-05-29,96011,AC,Aceh,25.2,31.9,28.4,71.0,0.6,7.7,,1009.4,,Banda Aceh,Aceh,Aceh,2.138888888888889,6.699999999999999,40.478285337537784,2023,5,149,2,29,0.49999999999999994,-0.8660254037844387,0.5467112728685939,-0.8373211953118121,Transition,2,0,0,0.6
2023-05-30,96011,AC,Aceh,24.4,34.7,29.3,80.0,0.4,7.6,,1009.4,,Banda Aceh,Aceh,Aceh,2.111111111111111,10.300000000000004,55.21406756871785,2023,5,150,2,30,0.49999999999999994,-0.8660254037844387,0.5322271388474397,-0.8466016020976267,Transition,2,0,0,0.4
2023-05-31,96011,AC,Aceh,24.5,32.8,26.3,82.0,0.3,9.5,,1009.7,,Banda Aceh,Aceh,Aceh,2.638888888888889,8.299999999999997,48.35691623763557,2023,5,151,2,31,0.49999999999999994,-0.8660254037844387,0.5175855102531889,-0.8556314858488706,Transition,2,0,0,0.3
2023-06-01,96011,AC,Aceh,23.8,35.0,28.8,74.0,1.6,7.2,,1008.8,,Banda Aceh,Aceh,Aceh,2.0,11.2,52.71312681111117,2023,6,152,2,1,1.2246467991473532e-16,-1.0,0.5027907197793043,-0.8644081744776648,Dry Season,0,0,0,1.6
2023-06-02,96011,AC,Aceh,23.5,36.0,29.9,72.0,0.3,7.0,,1009.0,,Banda Aceh,Aceh,Aceh,1.9444444444444444,12.5,55.47445635644457,2023,6,153,2,2,1.2246467991473532e-16,-1.0,0.4878471454423119,-0.8729290708206411,Dry Season,0,0,0,0.3
2023-06-03,96011,AC,Aceh,23.2,31.8,26.9,79.0,1.2,6.0,,1010.0,,Banda Aceh,Aceh,Aceh,1.6666666666666665,8.600000000000001,43.23823901683544,2023,6,154,2,3,1.2246467991473532e-16,-1.0,0.47275920928627757,-0.881191653407483,Dry Season,0,0,0,1.2
2023-06-04,96011,AC,Aceh,23.2,34.6,28.5,74.0,0.4,6.8,,1009.2,,Banda Aceh,Aceh,Aceh,1.8888888888888888,11.400000000000002,51.13677469383121,2023,6,155,2,4,1.2246467991473532e-16,-1.0,0.4575313760742512,-0.8891934772070711,Dry Season,0,0,0,0.4
2023-06-05,96011,AC,Aceh,24.0,35.5,28.8,70.0,0.0,7.2,,1008.8,,Banda Aceh,Aceh,Aceh,2.0,11.5,52.21447780705567,2023,6,156,2,5,1.2246467991473532e-16,-1.0,0.44216815196707204,-0.8969321743510065,Dry Season,0,0,0,0.0
2023-06-06,96011,AC,Aceh,25.4,35.5,27.3,73.0,0.0,8.1,,1008.7,,Banda Aceh,Aceh,Aceh,2.25,10.100000000000001,54.09631426155569,2023,6,157,2,6,1.2246467991473532e-16,-1.0,0.42667408318992467,-0.9044054548343001,Dry Season,0,0,0,0.0
2023-06-07,96011,AC,Aceh,25.5,34.8,29.2,65.0,0.0,6.8,,1008.8,,Banda Aceh,Aceh,Aceh,1.8888888888888888,9.299999999999997,46.92129805655115,2023,6,158,2,7,1.2246467991473532e-16,-1.0,0.4110537546870351,-0.9116111071930239,Dry Season,0,0,0,0.0
2023-06-08,96011,AC,Aceh,22.8,34.2,29.1,65.0,0.0,6.8,,1009.2,,Banda Aceh,Aceh,Aceh,1.8888888888888888,11.400000000000002,44.99827625015124,2023,6,159,2,8,1.2246467991473532e-16,-1.0,0.3953117887649151,-0.9185469991587165,Dry Season,0,0,0,0.0
2023-06-09,96011,AC,Aceh,25.0,34.9,29.4,69.0,0.1,10.5,,1008.5,,Banda Aceh,Aceh,Aceh,2.9166666666666665,9.899999999999999,49.41050219689785,2023,6,160,2,9,1.2246467991473532e-16,-1.0,0.37945284372454435,-0.925211078289358,Dry Season,0,0,0,0.1
2023-06-10,96011,AC,Aceh,24.8,35.2,28.7,68.0,0.0,6.7,,1008.1,,Banda Aceh,Aceh,Aceh,1.8611111111111112,10.400000000000002,49.9214817510046,2023,6,161,2,10,1.2246467991473532e-16,-1.0,0.36348161248290634,-0.9316013725767187,Dry Season,0,0,0,0.0
2023-06-11,96011,AC,Aceh,25.3,35.8,30.1,67.0,0.0,6.8,,1007.7,,Banda Aceh,Aceh,Aceh,1.8888888888888888,10.499999999999996,51.50525687283566,2023,6,162,2,11,1.2246467991473532e-16,-1.0,0.3474028211842774,-0.9377159910299093,Dry Season,0,0,0,0.0
2023-06-12,96011,AC,Aceh,24.7,36.1,29.6,61.0,0.0,8.0,,1007.8,,Banda Aceh,Aceh,Aceh,2.2222222222222223,11.400000000000002,49.0222395321157,2023,6,163,2,12,1.2246467991473532e-16,-1.0,0.3312212278016865,-0.9435531242349544,Dry Season,0,0,0,0.0
2023-06-13,96011,AC,Aceh,23.5,36.2,29.8,63.0,0.0,7.1,,1008.6,,Banda Aceh,Aceh,Aceh,1.972222222222222,12.700000000000003,50.522502612604555,2023,6,164,2,13,1.2246467991473532e-16,-1.0,0.31494162072895193,-0.9491110448902284,Dry Season,0,0,0,0.0
2023-06-14,96011,AC,Aceh,23.6,36.2,28.8,66.0,0.2,6.9,,1009.8,,Banda Aceh,Aceh,Aceh,1.9166666666666667,12.600000000000001,52.35524683655113,2023,6,165,2,14,1.2246467991473532e-16,-1.0,0.2985688173637202,-0.9543881083175908,Dry Season,0,0,0,0.2
2023-06-15,96011,AC,Aceh,24.0,35.4,27.6,69.0,0.9,7.7,,1009.6,,Banda Aceh,Aceh,Aceh,2.138888888888889,11.399999999999999,51.234303103697776,2023,6,166,2,15,1.2246467991473532e-16,-1.0,0.2821076626819194,-0.9593827529490743,Dry Season,0,0,0,0.9
2023-06-16,96011,AC,Aceh,24.0,35.4,28.3,68.0,0.3,8.2,,1008.6,,Banda Aceh,Aceh,Aceh,2.2777777777777777,11.399999999999999,50.64344207868453,2023,6,167,2,16,1.2246467991473532e-16,-1.0,0.26556302780405594,-0.9640935007889755,Dry Season,0,0,0,0.3
2023-06-17,96011,AC,Aceh,24.3,34.8,29.3,65.0,5.7,9.9,,1009.4,,Banda Aceh,Aceh,Aceh,2.75,10.499999999999996,46.92129805655115,2023,6,168,2,17,1.2246467991473532e-16,-1.0,0.24893980855376657,-0.9685189578512204,Dry Season,0,0,0,5.7
2023-06-18,96011,AC,Aceh,25.8,35.5,29.9,56.0,0.0,6.9,,1009.8,,Banda Aceh,Aceh,Aceh,1.9166666666666667,9.7,44.57849359261124,2023,6,169,2,18,1.2246467991473532e-16,-1.0,0.23224292400907015,-0.9726578145718654,Dry Season,0,0,0,0.0
2023-06-19,96011,AC,Aceh,24.7,36.1,29.5,58.0,0.0,7.7,,1009.0,,Banda Aceh,Aceh,Aceh,2.138888888888889,11.400000000000002,47.36457119049578,2023,6,170,2,19,1.2246467991473532e-16,-1.0,0.21547731504673012,-0.976508846196619,Dry Season,0,0,0,0.0
2023-06-20,96011,AC,Aceh,22.5,36.0,28.9,64.0,0.0,7.3,,1009.2,,Banda Aceh,Aceh,Aceh,2.0277777777777777,13.5,50.42243794755569,2023,6,171,2,20,1.2246467991473532e-16,-1.0,0.19864794288017112,-0.9800709131432666,Dry Season,0,0,0,0.0
2023-06-21,96011,AC,Aceh,22.4,35.0,29.1,70.0,0.0,7.2,,1009.9,,Banda Aceh,Aceh,Aceh,2.0,12.600000000000001,50.340578055555646,2023,6,172,2,21,1.2246467991473532e-16,-1.0,0.18175978759137534,-0.9833429613388902,Dry Season,0,0,0,0.0
2023-06-22,96011,AC,Aceh,24.4,34.5,29.1,72.0,0.5,7.8,,1009.9,,Banda Aceh,Aceh,Aceh,2.1666666666666665,10.100000000000001,49.621856179944594,2023,6,173,2,22,1.2246467991473532e-16,-1.0,0.16481784665719793,-0.9863240225317866,Dry Season,0,0,0,0.5
2023-06-23,96011,AC,Aceh,24.3,33.7,29.3,74.0,0.0,8.7,,1009.7,,Banda Aceh,Aceh,Aceh,2.4166666666666665,9.400000000000002,47.74412412909116,2023,6,174,2,23,1.2246467991473532e-16,-1.0,0.14782713347053048,-0.9890132145779883,Dry Season,0,0,0,0.0
2023-06-24,96011,AC,Aceh,24.4,34.0,29.0,72.0,0.7,8.2,,1009.1,,Banda Aceh,Aceh,Aceh,2.2777777777777777,9.600000000000001,47.799356976444535,2023,6,175,2,24,1.2246467991473532e-16,-1.0,0.13079267585675922,-0.9914097417023038,Dry Season,0,0,0,0.7
2023-06-25,96011,AC,Aceh,24.8,35.0,29.8,70.0,0.0,7.4,,1008.9,,Banda Aceh,Aceh,Aceh,2.055555555555556,10.2,50.340578055555646,2023,6,176,2,25,1.2246467991473532e-16,-1.0,0.11371951458594969,-0.9935128947338007,Dry Season,0,0,0,0.0
2023-06-26,96011,AC,Aceh,24.4,34.8,29.4,68.0,0.1,9.1,,1009.2,,Banda Aceh,Aceh,Aceh,2.5277777777777777,10.399999999999999,48.50672745900452,2023,6,177,2,26,1.2246467991473532e-16,-1.0,0.0966127018812031,-0.9953220513156602,Dry Season,0,0,0,0.1
2023-06-27,96011,AC,Aceh,24.4,35.0,28.6,69.0,1.3,7.8,,1009.7,,Banda Aceh,Aceh,Aceh,2.1666666666666665,10.600000000000001,49.77033247777789,2023,6,178,2,27,1.2246467991473532e-16,-1.0,0.07947729992362097,-0.9968366760893436,Dry Season,0,0,0,1.3
2023-06-28,96011,AC,Aceh,24.0,34.3,28.6,70.0,0.9,8.4,,1010.3,,Banda Aceh,Aceh,Aceh,2.3333333333333335,10.299999999999997,47.8220859340957,2023,6,179,2,28,1.2246467991473532e-16,-1.0,0.062318379354325076,-0.998056320853012,Dry Season,0,0,0,0.9
2023-06-29,96011,AC,Aceh,24.1,33.1,27.6,78.0,2.7,8.9,,1010.2,,Banda Aceh,Aceh,Aceh,2.4722222222222223,9.0,47.52950205231772,2023,6,180,2,29,1.2246467991473532e-16,-1.0,0.04514101777397193,-0.9989806246941579,Dry Season,0,0,0,2.7
2023-06-30,96011,AC,Aceh,24.3,26.8,24.4,86.0,12.7,9.4,,1010.4,,Banda Aceh,Aceh,Aceh,2.611111111111111,2.5,29.812586301084494,2023,6,181,2,30,1.2246467991473532e-16,-1.0,0.02795029824021032,-0.999609314096404,Dry Season,0,0,0,12.7
2023-07-01,96011,AC,Aceh,22.7,33.8,26.4,78.0,18.0,8.1,,1010.6,,Banda Aceh,Aceh,Aceh,2.25,11.099999999999998,50.25106360593798,2023,7,182,3,1,-0.4999999999999997,-0.8660254037844388,0.01075130776352193,-0.9999422030204416,Dry Season,0,0,0,18.0
2023-07-02,96011,AC,Aceh,22.2,33.9,28.3,70.0,0.0,6.7,,1009.8,,Banda Aceh,Aceh,Aceh,1.8611111111111112,11.7,46.43793057121563,2023,7,183,3,2,-0.4999999999999997,-0.8660254037844388,-0.00645086419810515,-0.9999791929590823,Dry Season,0,0,0,0.0
2023-07-03,96011,AC,Aceh,22.7,35.2,28.1,71.0,0.1,6.2,,1009.6,,Banda Aceh,Aceh,Aceh,1.7222222222222223,12.500000000000004,51.677238906417834,2023,7,184,3,3,-0.4999999999999997,-0.8660254037844388,-0.023651127245231586,-0.9997202729664083,Dry Season,0,0,0,0.1
2023-07-04,96011,AC,Aceh,23.0,35.2,28.3,72.0,0.0,8.4,,1009.4,,Banda Aceh,Aceh,Aceh,2.3333333333333335,12.200000000000003,52.28118378332453,2023,7,185,3,4,-0.4999999999999997,-0.8660254037844388,-0.04084439154329611,-0.9991655196610109,Dry Season,0,0,0,0.0
2023-07-05,96011,AC,Aceh,22.9,34.6,29.1,66.0,0.0,7.2,,1009.2,,Banda Aceh,Aceh,Aceh,2.0,11.700000000000003,46.7765255392712,2023,7,186,3,5,-0.4999999999999997,-0.8660254037844388,-0.05802556932878035,-0.9983150972033183,Dry Season,0,0,0,0.0
2023-07-06,96011,AC,Aceh,23.1,34.8,29.2,70.0,0.0,8.4,,1009.9,,Banda Aceh,Aceh,Aceh,2.3333333333333335,11.699999999999996,49.60851274339558,2023,7,187,3,6,-0.4999999999999997,-0.8660254037844388,-0.07518957641475855,-0.9971692572470178,Dry Season,0,0,0,0.0
2023-07-07,96011,AC,Aceh,23.4,34.2,29.1,73.0,0.0,10.0,,1010.3,,Banda Aceh,Aceh,Aceh,2.7777777777777777,10.800000000000004,49.05742154451568,2023,7,188,3,7,-0.4999999999999997,-0.8660254037844388,-0.09233133369539122,-0.9957283388645872,Dry Season,0,0,0,0.0
2023-07-08,96011,AC,Aceh,24.6,32.9,28.4,73.0,0.0,8.2,,1010.4,,Banda Aceh,Aceh,Aceh,2.2777777777777777,8.299999999999997,44.45813116779571,2023,7,189,3,8,-0.4999999999999997,-0.8660254037844388,-0.10944576864891556,-0.993992768446958,Dry Season,0,0,0,0.0
2023-07-09,96011,AC,Aceh,24.4,31.2,27.7,78.0,11.7,6.3,,1009.7,,Banda Aceh,Aceh,Aceh,1.75,6.800000000000001,40.826172129937866,2023,7,190,3,9,-0.4999999999999997,-0.8660254037844388,-0.12652781683868314,-0.9919630595773397,Dry Season,0,0,0,11.7
2023-07-10,96011,AC,Aceh,24.4,30.8,26.6,78.0,1.4,7.5,,1009.5,,Banda Aceh,Aceh,Aceh,2.0833333333333335,6.400000000000002,39.542285762737876,2023,7,191,3,10,-0.4999999999999997,-0.8660254037844388,-0.1435724234118113,-0.9896398128792412,Dry Season,0,0,0,1.4
2023-07-11,96011,AC,Aceh,24.7,32.6,28.2,74.0,0.7,6.6,,1009.6,,Banda Aceh,Aceh,Aceh,1.8333333333333333,7.900000000000002,43.88739030903109,2023,7,192,3,11,-0.4999999999999997,-0.8660254037844388,-0.16057454459499376,-0.9870237158387383,Dry Season,0,0,0,0.7
2023-07-12,96011,AC,Aceh,23.7,33.8,28.1,72.0,1.2,8.8,,1010.0,,Banda Aceh,Aceh,Aceh,2.4444444444444446,10.099999999999998,47.08832874812462,2023,7,193,3,12,-0.4999999999999997,-0.8660254037844388,-0.17752914918703497,-0.984115542601034,Dry Season,0,0,0,1.2
2023-07-13,96011,AC,Aceh,23.0,33.8,28.3,72.0,0.0,6.9,,1010.9,,Banda Aceh,Aceh,Aceh,1.9166666666666667,10.799999999999997,47.08832874812462,2023,7,194,3,13,-0.4999999999999997,-0.8660254037844388,-0.19443122004766195,-0.9809161537413774,Dry Season,0,0,0,0.0
2023-07-14,96011,AC,Aceh,24.5,34.2,27.5,64.0,0.0,7.8,,1011.0,,Banda Aceh,Aceh,Aceh,2.1666666666666665,9.700000000000003,44.52864937203561,2023,7,195,3,14,-0.4999999999999997,-0.8660254037844388,-0.2112757555821793,-0.9774264960104055,Dry Season,0,0,0,0.0
2023-07-15,96011,AC,Aceh,22.0,35.4,29.4,64.0,0.3,9.4,,1010.0,,Banda Aceh,Aceh,Aceh,2.611111111111111,13.399999999999999,48.37535072067553,2023,7,196,3,15,-0.4999999999999997,-0.8660254037844388,-0.2280577712215198,-0.9736476020539838,Dry Season,0,0,0,0.3
2023-07-16,96011,AC,Aceh,22.3,35.4,29.8,58.0,0.0,11.1,,1008.9,,Banda Aceh,Aceh,Aceh,3.083333333333333,13.099999999999998,45.25927190979569,2023,7,197,3,16,-0.4999999999999997,-0.8660254037844388,-0.24477230089725957,-0.9695805901076308,Dry Season,0,0,0,0.0
2023-07-17,96011,AC,Aceh,24.4,35.2,29.6,60.0,0.0,10.1,,1008.2,,Banda Aceh,Aceh,Aceh,2.8055555555555554,10.800000000000004,45.650697488817904,2023,7,198,3,17,-0.4999999999999997,-0.8660254037844388,-0.2614143985111562,-0.965226663665613,Dry Season,0,0,0,0.0
2023-07-18,96011,AC,Aceh,25.8,33.4,29.1,66.0,1.6,11.7,,1008.6,,Banda Aceh,Aceh,Aceh,3.2499999999999996,7.599999999999998,42.989176333671146,2023,7,199,3,18,-0.4999999999999997,-0.8660254037844388,-0.2779791393987801,-0.9605871111248129,Dry Season,0,0,0,1.6
2023-07-19,96011,AC,Aceh,25.6,32.0,28.3,72.0,5.7,9.4,,1008.7,,Banda Aceh,Aceh,Aceh,2.611111111111111,6.399999999999999,41.15119777244459,2023,7,200,3,19,-0.4999999999999997,-0.8660254037844388,-0.2944616217868012,-0.9556633054034704,Dry Season,0,0,0,5.7
2023-07-20,96011,AC,Aceh,26.0,34.4,29.8,61.0,1.8,14.4,,1008.3,,Banda Aceh,Aceh,Aceh,4.0,8.399999999999999,43.7489811285156,2023,7,201,3,20,-0.4999999999999997,-0.8660254037844388,-0.3108569682435036,-0.9504567035349151,Dry Season,0,0,0,1.8
2023-07-21,96011,AC,Aceh,24.3,35.8,29.9,64.0,0.0,8.5,,1008.8,,Banda Aceh,Aceh,Aceh,2.361111111111111,11.499999999999996,49.73090986803565,2023,7,202,3,21,-0.4999999999999997,-0.8660254037844388,-0.3271603271220951,-0.9449688462364056,Dry Season,0,0,0,0.0
2023-07-22,96011,AC,Aceh,25.1,35.2,29.8,64.0,0.0,7.2,,1010.0,,Banda Aceh,Aceh,Aceh,2.0,10.100000000000001,47.71131965283561,2023,7,203,3,22,-0.4999999999999997,-0.8660254037844388,-0.34336687399638804,-0.939201357453208,Dry Season,0,0,0,0.0
2023-07-23,96011,AC,Aceh,25.0,35.1,29.9,59.0,0.0,8.4,,1010.3,,Banda Aceh,Aceh,Aceh,2.3333333333333335,10.100000000000001,44.86414270196451,2023,7,204,3,23,-0.4999999999999997,-0.8660254037844388,-0.3594718130884232,-0.9331559438780432,Dry Season,0,0,0,0.0
2023-07-24,96011,AC,Aceh,24.9,35.4,30.3,62.0,0.1,9.3,,1009.2,,Banda Aceh,Aceh,Aceh,2.5833333333333335,10.5,47.29851668689782,2023,7,205,3,24,-0.4999999999999997,-0.8660254037844388,-0.3754703786876202,-0.9268343944460494,Dry Season,0,0,0,0.1
2023-07-25,96011,AC,Aceh,25.4,36.2,30.3,62.0,0.0,7.2,,1009.4,,Banda Aceh,Aceh,Aceh,2.0,10.800000000000004,49.93215918385786,2023,7,206,3,25,-0.4999999999999997,-0.8660254037844388,-0.3913578365610259,-0.9202385798054075,Dry Season,0,0,0,0.0
2023-07-26,96011,AC,Aceh,25.8,36.0,29.6,62.0,0.0,6.9,,1010.2,,Banda Aceh,Aceh,Aceh,1.9166666666666667,10.2,49.26042254977786,2023,7,207,3,26,-0.4999999999999997,-0.8660254037844388,-0.4071294853542516,-0.9133704517637858,Dry Season,0,0,0,0.0
2023-07-27,96011,AC,Aceh,23.7,35.8,29.9,62.0,0.0,9.2,,1010.4,,Banda Aceh,Aceh,Aceh,2.5555555555555554,12.099999999999998,48.59756992225791,2023,7,208,3,27,-0.4999999999999997,-0.8660254037844388,-0.4227806579826773,-0.9062320427107697,Dry Season,0,0,0,0.0
2023-07-28,96011,AC,Aceh,23.7,34.4,29.1,62.0,0.0,10.6,,1009.5,,Banda Aceh,Aceh,Aceh,2.944444444444444,10.7,44.20635371329778,2023,7,209,3,28,-0.4999999999999997,-0.8660254037844388,-0.4383067230125192,-0.898825465016444,Dry Season,0,0,0,0.0
2023-07-29,96011,AC,Aceh,23.6,35.2,30.4,61.0,0.0,10.1,,1008.9,,Banda Aceh,Aceh,Aceh,2.8055555555555554,11.600000000000001,46.1518336609955,2023,7,210,3,29,-0.4999999999999997,-0.8660254037844388,-0.45370308603134424,-0.8911529104063088,Dry Season,0,0,0,0.0
2023-07-30,96011,AC,Aceh,25.1,31.2,27.3,70.0,8.9,9.5,,1009.0,,Banda Aceh,Aceh,Aceh,2.638888888888889,6.099999999999998,38.14080833779555,2023,7,211,3,30,-0.4999999999999997,-0.8660254037844388,-0.46896519100763184,-0.8832166493127127,Dry Season,0,0,0,8.9
2023-07-31,96011,AC,Aceh,25.0,33.8,27.3,79.0,1.9,7.2,,1009.0,,Banda Aceh,Aceh,Aceh,2.0,8.799999999999997,50.80621058323569,2023,7,212,3,31,-0.4999999999999997,-0.8660254037844388,-0.48408852163897587,-0.8750190302029955,Dry Season,0,0,0,1.9
2023-08-01,96011,AC,Aceh,25.2,32.0,27.8,74.0,12.6,8.0,,1009.7,,Banda Aceh,Aceh,Aceh,2.2222222222222223,6.800000000000001,41.91809725911126,2023,8,213,3,1,-0.8660254037844385,-0.5000000000000004,-0.4990686026885319,-0.8665624788845385,Dry Season,0,0,0,12.6
2023-08-02,96011,AC,Aceh,25.0,35.3,30.2,64.0,0.3,8.5,,1010.2,,Banda Aceh,Aceh,Aceh,2.361111111111111,10.299999999999997,48.0421894779356,2023,8,214,3,2,-0.8660254037844385,-0.5000000000000004,-0.5139010013093103,-0.8578494977869301,Dry Season,0,0,0,0.3
2023-08-03,96011,AC,Aceh,25.3,35.9,30.3,59.0,0.1,7.9,,1010.6,,Banda Aceh,Aceh,Aceh,2.1944444444444446,10.599999999999998,47.28146207156465,2023,8,215,3,3,-0.8660254037844385,-0.5000000000000004,-0.5285813283559292,-0.8488826652214553,Dry Season,0,0,0,0.1
2023-08-04,96011,AC,Aceh,24.5,36.3,29.6,63.0,0.0,7.1,,1012.2,,Banda Aceh,Aceh,Aceh,1.972222222222222,11.799999999999997,50.868947946604585,2023,8,216,3,4,-0.8660254037844385,-0.5000000000000004,-0.5431052396834317,-0.8396646346181327,Dry Season,0,0,0,0.0
2023-08-05,96011,AC,Aceh,24.8,36.2,29.2,70.0,2.1,8.3,,1012.8,,Banda Aceh,Aceh,Aceh,2.305555555555556,11.400000000000002,54.94290498979563,2023,8,217,3,5,-0.8660254037844385,-0.5000000000000004,-0.5574684374327892,-0.8301981337405212,Dry Season,0,0,0,2.1
2023-08-06,96011,AC,Aceh,24.7,35.6,29.4,70.0,1.1,7.6,,1011.8,,Banda Aceh,Aceh,Aceh,2.111111111111111,10.900000000000002,52.596755438115686,2023,8,218,3,6,-0.8660254037844385,-0.5000000000000004,-0.5716666713027052,-0.8204859638785327,Dry Season,0,0,0,1.1
2023-08-07,96011,AC,Aceh,24.7,34.0,28.1,71.0,0.5,10.0,,1010.8,,Banda Aceh,Aceh,Aceh,2.7777777777777777,9.3,47.28568875377776,2023,8,219,3,7,-0.8660254037844385,-0.5000000000000004,-0.5856957398073508,-0.8105309990194823,Dry Season,0,0,0,0.5
2023-08-08,96011,AC,Aceh,23.8,33.1,27.8,77.0,0.0,7.9,,1010.7,,Banda Aceh,Aceh,Aceh,2.1944444444444446,9.3,47.036368175564505,2023,8,220,3,8,-0.8660254037844385,-0.5000000000000004,-0.5995514915196489,-0.8003361849976323,Dry Season,0,0,0,0.0
2023-08-09,96011,AC,Aceh,24.9,30.1,27.1,81.0,13.4,6.6,,1011.9,,Banda Aceh,Aceh,Aceh,1.8333333333333333,5.200000000000003,38.26825743940456,2023,8,221,3,9,-0.8660254037844385,-0.5000000000000004,-0.6132298262997502,-0.7899045386224707,Dry Season,0,0,0,13.4
2023-08-10,96011,AC,Aceh,23.7,33.2,27.2,77.0,8.8,7.2,,1011.8,,Banda Aceh,Aceh,Aceh,2.0,9.500000000000004,47.40924207052457,2023,8,222,3,10,-0.8660254037844385,-0.5000000000000004,-0.6267266965083301,-0.7792391467859886,Dry Season,0,0,0,8.8
2023-08-11,96011,AC,Aceh,23.9,34.6,28.0,76.0,0.1,8.6,,1011.1,,Banda Aceh,Aceh,Aceh,2.388888888888889,10.700000000000003,52.31459420451564,2023,8,223,3,11,-0.8660254037844385,-0.5000000000000004,-0.6400381082043503,-0.7683431655492202,Dry Season,0,0,0,0.1
2023-08-12,96011,AC,Aceh,24.4,32.5,27.8,75.0,3.0,8.2,,1010.2,,Banda Aceh,Aceh,Aceh,2.2777777777777777,8.100000000000001,43.9805077611112,2023,8,224,3,12,-0.8660254037844385,-0.5000000000000004,-0.65316012232693,-0.7572198192083127,Dry Season,0,0,0,3.0
2023-08-13,96011,AC,Aceh,24.5,29.6,27.2,79.0,11.9,9.2,,1010.4,,Banda Aceh,Aceh,Aceh,2.5555555555555554,5.100000000000001,36.207656775075556,2023,8,225,3,13,-0.8660254037844385,-0.5000000000000004,-0.666088855860977,-0.7458723993404063,Dry Season,0,0,0,11.9
2023-08-14,96011,AC,Aceh,24.0,30.7,27.4,73.0,0.7,9.1,,1010.8,,Banda Aceh,Aceh,Aceh,2.5277777777777777,6.699999999999999,37.67617763691572,2023,8,226,3,14,-0.8660254037844385,-0.5000000000000004,-0.6788204829862355,-0.734304263829602,Dry Season,0,0,0,0.7
2023-08-15,96011,AC,Aceh,24.0,33.0,28.6,67.0,0.0,7.6,,1010.7,,Banda Aceh,Aceh,Aceh,2.111111111111111,9.0,42.20831798355553,2023,8,227,3,15,-0.8660254037844385,-0.5000000000000004,-0.6913512362094071,-0.722518835873311,Dry Season,0,0,0,0.0
2023-08-16,96011,AC,Aceh,23.6,33.3,27.6,73.0,5.5,7.2,,1010.9,,Banda Aceh,Aceh,Aceh,2.0,9.699999999999996,45.82647588651561,2023,8,228,3,16,-0.8660254037844385,-0.5000000000000004,-0.7036774074790128,-0.7105196029692745,Dry Season,0,0,0,5.5
2023-08-17,96011,AC,Aceh,24.0,33.8,28.5,74.0,0.0,8.9,,1010.6,,Banda Aceh,Aceh,Aceh,2.4722222222222223,9.799999999999997,48.11054569959122,2023,8,229,3,17,-0.8660254037844385,-0.5000000000000004,-0.7157953492826642,-0.6983101158835584,Dry Season,0,0,0,0.0
2023-08-18,96011,AC,Aceh,23.5,33.5,28.7,71.0,0.0,8.4,,1010.1,,Banda Aceh,Aceh,Aceh,2.3333333333333335,10.0,45.56354400377794,2023,8,230,3,18,-0.8660254037844385,-0.5000000000000004,-0.7277014757264236,-0.6858939875998223,Dry Season,0,0,0,0.0
2023-08-19,96011,AC,Aceh,23.6,33.4,28.1,72.0,1.3,9.4,,1010.0,,Banda Aceh,Aceh,Aceh,2.611111111111111,9.799999999999997,45.69708049676439,2023,8,231,3,19,-0.8660254037844385,-0.5000000000000004,-0.7393922635959241,-0.673274892250183,Dry Season,0,0,0,1.3
2023-08-20,96011,AC,Aceh,23.6,33.7,28.6,74.0,0.0,9.3,,1009.5,,Banda Aceh,Aceh,Aceh,2.5833333333333335,10.100000000000001,47.74412412909116,2023,8,232,3,20,-0.8660254037844385,-0.5000000000000004,-0.7508642533989489,-0.6604565640279754,Dry Season,0,0,0,0.0
2023-08-21,96011,AC,Aceh,23.4,35.0,28.6,71.0,0.2,8.0,,1009.2,,Banda Aceh,Aceh,Aceh,2.2222222222222223,11.600000000000001,50.91998027777778,2023,8,233,3,21,-0.8660254037844385,-0.5000000000000004,-0.7621140503891487,-0.6474427960827475,Dry Season,0,0,0,0.2
2023-08-22,96011,AC,Aceh,24.0,35.4,28.8,73.0,0.4,7.7,,1009.2,,Banda Aceh,Aceh,Aceh,2.138888888888889,11.399999999999999,53.69309994579559,2023,8,234,3,22,-0.8660254037844385,-0.5000000000000004,-0.7731383255706026,-0.6342374393978054,Dry Season,0,0,0,0.4
2023-08-23,96011,AC,Aceh,24.0,34.5,28.1,76.0,2.7,7.2,,1009.6,,Banda Aceh,Aceh,Aceh,2.0,10.5,51.91141218705564,2023,8,235,3,23,-0.8660254037844385,-0.5000000000000004,-0.7839338166829201,-0.620844401650647,Dry Season,0,0,0,2.7
2023-08-24,96011,AC,Aceh,24.4,33.4,26.9,79.0,5.3,8.8,,1009.6,,Banda Aceh,Aceh,Aceh,2.4444444444444446,9.0,49.20297564787556,2023,8,236,3,24,-0.8660254037844385,-0.5000000000000004,-0.7944973291665992,-0.6072676460566135,Dry Season,0,0,0,5.3
2023-08-25,96011,AC,Aceh,22.9,34.6,27.6,77.0,7.6,7.8,,1010.0,,Banda Aceh,Aceh,Aceh,2.1666666666666665,11.700000000000003,52.91666754316456,2023,8,237,3,25,-0.8660254037844385,-0.5000000000000004,-0.8048257371083452,-0.593511190196115,Dry Season,0,0,0,7.6
2023-08-26,96011,AC,Aceh,23.1,34.9,27.8,73.0,4.9,6.5,,1010.6,,Banda Aceh,Aceh,Aceh,1.8055555555555556,11.799999999999997,51.716046326195524,2023,8,238,3,26,-0.8660254037844385,-0.5000000000000004,-0.8149159841660791,-0.5795791048257612,Dry Season,0,0,0,4.9
2023-08-27,96011,AC,Aceh,23.0,35.4,27.9,71.0,0.0,9.3,,1009.9,,Banda Aceh,Aceh,Aceh,2.5833333333333335,12.399999999999999,52.44463097633771,2023,8,239,3,27,-0.8660254037844385,-0.5000000000000004,-0.8247650844733614,-0.5654755126737576,Dry Season,0,0,0,0.0
2023-08-28,96011,AC,Aceh,22.7,34.2,28.7,69.0,0.0,9.3,,1009.1,,Banda Aceh,Aceh,Aceh,2.5833333333333335,11.500000000000004,46.96070883745785,2023,8,240,3,28,-0.8660254037844385,-0.5000000000000004,-0.8343701235229538,-0.5512045872199277,Dry Season,0,0,0,0.0
2023-08-29,96011,AC,Aceh,22.4,33.6,28.2,64.0,0.3,9.7,,1008.6,,Banda Aceh,Aceh,Aceh,2.694444444444444,11.200000000000003,42.72903525027553,2023,8,241,3,29,-0.8660254037844385,-0.5000000000000004,-0.8437282590292712,-0.5367705514607103,Dry Season,0,0,0,0.3
2023-08-30,96011,AC,Aceh,23.5,35.3,28.9,64.0,0.0,7.5,,1008.9,,Banda Aceh,Aceh,Aceh,2.0833333333333335,11.799999999999997,48.0421894779356,2023,8,242,3,30,-0.8660254037844385,-0.5000000000000004,-0.8528367217694595,-0.522177676659508,Dry Season,0,0,0,0.0
2023-08-31,96011,AC,Aceh,21.9,34.8,28.2,65.0,0.7,7.9,,1009.6,,Banda Aceh,Aceh,Aceh,2.1944444444444446,12.899999999999999,46.92129805655115,2023,8,243,3,31,-0.8660254037844385,-0.5000000000000004,-0.8616928164028522,-0.5074302810827518,Dry Season,0,0,0,0.7
2023-09-01,96011,AC,Aceh,23.2,31.1,27.6,71.0,6.7,6.4,,1010.0,,Banda Aceh,Aceh,Aceh,1.777777777777778,7.900000000000002,38.17885859513787,2023,9,244,3,1,-1.0,-1.8369701987210297e-16,-0.8702939222685674,-0.49253272872205434,Dry Season,0,0,0,6.7
2023-09-02,96011,AC,Aceh,23.5,33.5,29.7,65.0,0.0,6.7,,1008.9,,Banda Aceh,Aceh,Aceh,1.8611111111111112,10.0,42.8606024971112,2023,9,245,3,2,-1.0,-1.8369701987210297e-16,-0.8786374941610001,-0.4774894280028391,Dry Season,0,0,0,0.0
2023-09-03,96011,AC,Aceh,24.9,30.4,27.3,71.0,15.1,7.6,,1007.8,,Banda Aceh,Aceh,Aceh,2.111111111111111,5.5,36.29986161233781,2023,9,246,3,3,-1.0,-1.8369701987210297e-16,-0.886721063082993,-0.46230483047981086,Dry Season,0,0,0,15.1
2023-09-04,96011,AC,Aceh,23.8,26.6,24.7,84.0,11.1,6.8,,1007.3,,Banda Aceh,Aceh,Aceh,1.8888888888888888,2.8000000000000007,29.16487591623123,2023,9,247,3,4,-1.0,-1.8369701987210297e-16,-0.8945422369764496,-0.4469834295196741,Dry Season,0,0,0,11.1
2023-09-05,96011,AC,Aceh,23.3,30.1,26.3,77.0,6.5,8.0,,1008.8,,Banda Aceh,Aceh,Aceh,2.2222222222222223,6.800000000000001,37.12199693236459,2023,9,248,3,5,-1.0,-1.8369701987210297e-16,-0.9020987014301837,-0.43152975897147144,Dry Season,0,0,0,6.5
2023-09-06,96011,AC,Aceh,22.9,31.9,27.4,73.0,0.0,7.0,,1009.7,,Banda Aceh,Aceh,Aceh,1.9444444444444444,9.0,41.219353180595625,2023,9,249,3,6,-1.0,-1.8369701987210297e-16,-0.9093882203647925,-0.4159483918249421,Dry Season,0,0,0,0.0
2023-09-07,96011,AC,Aceh,23.5,34.6,28.1,73.0,0.2,7.5,,1010.1,,Banda Aceh,Aceh,Aceh,2.0833333333333335,11.100000000000001,50.561028521795635,2023,9,250,3,7,-1.0,-1.8369701987210297e-16,-0.9164086366943458,-0.4002439388573056,Dry Season,0,0,0,0.2
2023-09-08,96011,AC,Aceh,23.5,33.7,28.1,72.0,0.9,8.7,,1010.4,,Banda Aceh,Aceh,Aceh,2.4166666666666665,10.200000000000003,46.73666565962451,2023,9,251,3,8,-1.0,-1.8369701987210297e-16,-0.9231578729647039,-0.38442104726885545,Dry Season,0,0,0,0.9
2023-09-09,96011,AC,Aceh,23.6,33.0,28.7,69.0,0.0,10.6,,1010.2,,Banda Aceh,Aceh,Aceh,2.944444444444444,9.399999999999999,43.04206740577781,2023,9,252,3,9,-1.0,-1.8369701987210297e-16,-0.9296339319682695,-0.3684843993077793,Dry Season,0,0,0,0.0
2023-09-10,96011,AC,Aceh,23.8,31.3,27.4,71.0,0.0,7.1,,1009.2,,Banda Aceh,Aceh,Aceh,1.972222222222222,7.5,38.73851511881772,2023,9,253,3,10,-1.0,-1.8369701987210297e-16,-0.9358348973349941,-0.35243871088460327,Dry Season,0,0,0,0.0
2023-09-11,96011,AC,Aceh,23.6,33.0,28.2,73.0,1.5,7.9,,1009.4,,Banda Aceh,Aceh,Aceh,2.1944444444444446,9.399999999999999,44.796315551555686,2023,9,254,3,11,-1.0,-1.8369701987210297e-16,-0.9417589340994617,-0.33628873017668287,Dry Season,0,0,0,1.5
2023-09-12,96011,AC,Aceh,23.6,34.6,29.3,74.0,0.2,9.0,,1010.0,,Banda Aceh,Aceh,Aceh,2.5,11.0,51.13677469383121,2023,9,255,3,12,-1.0,-1.8369701987210297e-16,-0.9474042892438845,-0.32003923622313857,Dry Season,0,0,0,0.2
2023-09-13,96011,AC,Aceh,24.5,34.9,28.9,74.0,2.1,8.8,,1010.1,,Banda Aceh,Aceh,Aceh,2.4444444444444446,10.399999999999999,52.3150864305311,2023,9,256,3,13,-1.0,-1.8369701987210297e-16,-0.9527692922168511,-0.30369503751065885,Dry Season,0,0,0,2.1
2023-09-14,96011,AC,Aceh,25.0,33.5,27.1,78.0,13.6,8.9,,1010.3,,Banda Aceh,Aceh,Aceh,2.4722222222222223,8.5,49.0680703892779,2023,9,257,3,14,-1.0,-1.8369701987210297e-16,-0.9578523554276669,-0.28726097055059635,Dry Season,0,0,0,13.6
2023-09-15,96011,AC,Aceh,23.8,31.1,27.2,78.0,0.5,8.5,,1010.4,,Banda Aceh,Aceh,Aceh,2.361111111111111,7.300000000000001,40.50104811471791,2023,9,258,3,15,-1.0,-1.8369701987210297e-16,-0.9626519747161487,-0.2707418984477642,Dry Season,0,0,0,0.5
2023-09-16,96011,AC,Aceh,24.2,31.4,27.2,81.0,19.5,10.1,,1010.2,,Banda Aceh,Aceh,Aceh,2.8055555555555554,7.199999999999999,42.62480434060449,2023,9,259,3,16,-1.0,-1.8369701987210297e-16,-0.9671667297977312,-0.2541427094613622,Dry Season,0,0,0,19.5
2023-09-17,96011,AC,Aceh,24.2,34.1,28.2,77.0,17.7,7.4,,1009.2,,Banda Aceh,Aceh,Aceh,2.055555555555556,9.900000000000002,50.888188957964566,2023,9,260,3,17,-1.0,-1.8369701987210297e-16,-0.97139528468375,-0.23746831555846842,Dry Season,0,0,0,17.7
2023-09-18,96011,AC,Aceh,24.7,32.5,27.6,78.0,2.3,8.3,,1009.2,,Banda Aceh,Aceh,Aceh,2.305555555555556,7.800000000000001,45.304698015277886,2023,9,261,3,18,-1.0,-1.8369701987210297e-16,-0.9753363880767837,-0.2207236509605022,Dry Season,0,0,0,2.3
2023-09-19,96011,AC,Aceh,24.8,32.2,28.4,84.0,21.2,9.9,,1010.6,,Banda Aceh,Aceh,Aceh,2.75,7.400000000000002,46.921447910791194,2023,9,262,3,19,-1.0,-1.8369701987210297e-16,-0.9789888737409319,-0.20391367068311472,Dry Season,0,0,0,21.2
2023-09-20,96011,AC,Aceh,24.5,32.5,28.2,82.0,11.8,7.7,,1010.8,,Banda Aceh,Aceh,Aceh,2.138888888888889,8.0,47.164620793055605,2023,9,263,3,20,-1.0,-1.8369701987210297e-16,-0.9823516608469237,-0.18704334906991657,Dry Season,0,0,0,11.8
2023-09-21,96011,AC,Aceh,24.4,31.5,26.6,84.0,6.1,8.4,,1011.1,,Banda Aceh,Aceh,Aceh,2.3333333333333335,7.100000000000001,44.19354080061121,2023,9,264,3,21,-1.0,-1.8369701987210297e-16,-0.9854237542919524,-0.17011767832049052,Dry Season,0,0,0,6.1
2023-09-22,96011,AC,Aceh,23.6,30.9,26.7,82.0,9.9,7.5,,1010.7,,Banda Aceh,Aceh,Aceh,2.0833333333333335,7.299999999999997,41.2464161837756,2023,9,265,3,22,-1.0,-1.8369701987210297e-16,-0.9882042449941422,-0.15314166701312007,Dry Season,0,0,0,9.9
2023-09-23,96011,AC,Aceh,23.1,32.9,26.4,80.0,5.4,9.8,,1010.7,,Banda Aceh,Aceh,Aceh,2.7222222222222223,9.799999999999997,47.75422473183803,2023,9,266,3,23,-1.0,-1.8369701987210297e-16,-0.9906923101615609,-0.13612033862266704,Dry Season,0,0,0,5.4
2023-09-24,96011,AC,Aceh,23.2,32.6,26.6,79.0,2.5,12.0,,1010.3,,Banda Aceh,Aceh,Aceh,3.333333333333333,9.400000000000002,46.13096671027566,2023,9,267,3,24,-1.0,-1.8369701987210297e-16,-0.9928872135356962,-0.11905873003404988,Dry Season,0,0,0,2.5
2023-09-25,96011,AC,Aceh,23.1,31.2,26.9,75.0,0.0,10.4,,1009.4,,Banda Aceh,Aceh,Aceh,2.888888888888889,8.099999999999998,39.778320775751176,2023,9,268,3,25,-1.0,-1.8369701987210297e-16,-0.994788305609327,-0.10196189005174576,Dry Season,0,0,0,0.0
2023-09-26,96011,AC,Aceh,23.6,31.8,28.1,72.0,10.1,9.3,,1008.7,,Banda Aceh,Aceh,Aceh,2.5833333333333335,8.2,40.54286356172436,2023,9,269,3,26,-1.0,-1.8369701987210297e-16,-0.9963950238187231,-0.08483487790576538,Dry Season,0,0,0,10.1
2023-09-27,96011,AC,Aceh,24.2,29.4,25.9,79.0,0.0,7.8,,1009.2,,Banda Aceh,Aceh,Aceh,2.1666666666666665,5.199999999999999,35.635743401475594,2023,9,270,3,27,-1.0,-1.8369701987210297e-16,-0.9977068927101168,-0.06768276175455162,Dry Season,0,0,0,0.0
2023-09-28,96011,AC,Aceh,23.4,32.9,27.0,75.0,1.3,7.6,,1009.4,,Banda Aceh,Aceh,Aceh,2.111111111111111,9.5,45.364216050071185,2023,9,271,3,28,-1.0,-1.8369701987210297e-16,-0.9987235240803972,-0.050510617185222886,Dry Season,0,0,0,1.3
2023-09-29,96011,AC,Aceh,22.5,35.9,29.3,71.0,0.5,7.0,,1011.0,,Banda Aceh,Aceh,Aceh,1.9444444444444444,13.399999999999999,54.407444956737834,2023,9,272,3,29,-1.0,-1.8369701987210297e-16,-0.9994446170919858,-0.033323525711631344,Dry Season,0,0,0,0.5
2023-09-30,96011,AC,Aceh,24.1,34.0,28.4,74.0,0.0,8.2,,1011.6,,Banda Aceh,Aceh,Aceh,2.2777777777777777,9.899999999999999,48.851293543111154,2023,9,273,3,30,-1.0,-1.8369701987210297e-16,-0.9998699583618592,-0.016126573270657762,Dry Season,0,0,0,0.0
2023-10-01,96011,AC,Aceh,23.6,33.6,27.7,73.0,1.5,14.2,,1011.3,,Banda Aceh,Aceh,Aceh,3.944444444444444,10.0,46.88004699699547,2023,10,274,4,1,-0.8660254037844386,0.5000000000000001,-0.9999994220246925,0.001075151282798226,Transition,2,0,0,1.5
2023-10-02,96011,AC,Aceh,23.2,33.8,28.5,72.0,27.8,9.5,,1011.5,,Banda Aceh,Aceh,Aceh,2.638888888888889,10.599999999999998,47.08832874812462,2023,10,275,4,2,-0.8660254037844386,0.5000000000000001,-0.999832969770105,0.018276557681691223,Transition,2,0,0,27.8
2023-10-03,96011,AC,Aceh,23.5,33.6,28.1,74.0,28.4,10.1,,1011.7,,Banda Aceh,Aceh,Aceh,2.8055555555555554,10.100000000000001,47.380337459431054,2023,10,276,4,3,-0.8660254037844386,0.5000000000000001,-0.9993706508539969,0.03547255575312556,Transition,2,0,0,28.4
2023-10-04,96011,AC,Aceh,24.3,32.5,26.9,77.0,3.7,7.7,,1011.2,,Banda Aceh,Aceh,Aceh,2.138888888888889,8.2,44.85656299444463,2023,10,277,4,4,-0.8660254037844386,0.5000000000000001,-0.9986126020839734,0.052658056924614005,Transition,2,0,0,3.7
2023-10-05,96011,AC,Aceh,24.0,32.5,27.5,80.0,28.2,7.8,,1010.5,,Banda Aceh,Aceh,Aceh,2.1666666666666665,8.5,46.2211828652779,2023,10,278,4,5,-0.8660254037844386,0.5000000000000001,-0.9975590477788613,0.06982797572987089,Transition,2,0,0,28.2
2023-10-06,96011,AC,Aceh,23.9,35.9,27.6,78.0,1.9,7.6,,1010.3,,Banda Aceh,Aceh,Aceh,2.111111111111111,12.0,59.22962325711786,2023,10,279,4,6,-0.8660254037844386,0.5000000000000001,-0.9962102997023297,0.0869772313136861,Transition,2,0,0,1.9
2023-10-07,96011,AC,Aceh,24.2,31.8,25.9,84.0,5.4,7.6,,1010.7,,Banda Aceh,Aceh,Aceh,2.111111111111111,7.600000000000001,45.34485951159112,2023,10,280,4,7,-0.8660254037844386,0.5000000000000001,-0.9945667569706337,0.1041007489354256,Transition,2,0,0,5.4
2023-10-08,96011,AC,Aceh,24.2,32.0,27.6,81.0,20.2,8.8,,1012.0,,Banda Aceh,Aceh,Aceh,2.4444444444444446,7.800000000000001,44.79892668844457,2023,10,281,4,8,-0.8660254037844386,0.5000000000000001,-0.9926289059345095,0.121193461470736,Transition,2,0,0,20.2
2023-10-09,96011,AC,Aceh,24.1,32.2,27.7,80.0,3.0,7.7,,1012.3,,Banda Aceh,Aceh,Aceh,2.138888888888889,8.100000000000001,45.10115965521799,2023,10,282,4,9,-0.8660254037844386,0.5000000000000001,-0.9903973200352558,0.1382503109109819,Transition,2,0,0,3.0
2023-10-10,96011,AC,Aceh,24.3,30.6,27.2,82.0,17.0,7.7,,1011.9,,Banda Aceh,Aceh,Aceh,2.138888888888889,6.300000000000001,40.21938489987571,2023,10,283,4,10,-0.8660254037844386,0.5000000000000001,-0.9878726596350429,0.15526624985999563,Transition,2,0,0,17.0
2023-10-11,96011,AC,Aceh,24.4,30.2,26.0,84.0,8.2,8.4,,1011.4,,Banda Aceh,Aceh,Aceh,2.3333333333333335,5.800000000000001,39.512754881191334,2023,10,284,4,11,-0.8660254037844386,0.5000000000000001,-0.9850556718215013,0.172236243027682,Transition,2,0,0,8.2
2023-10-12,96011,AC,Aceh,23.5,30.8,26.9,85.0,14.8,8.2,,1012.0,,Banda Aceh,Aceh,Aceh,2.2777777777777777,7.300000000000001,41.97328606419557,2023,10,285,4,12,-0.8660254037844386,0.5000000000000001,-0.981947190186646,0.18915526872004093,Transition,2,0,0,14.8
2023-10-13,96011,AC,Aceh,23.9,29.3,26.3,87.0,21.9,7.6,,1012.4,,Banda Aceh,Aceh,Aceh,2.111111111111111,5.400000000000002,37.334795495457925,2023,10,286,4,13,-0.8660254037844386,0.5000000000000001,-0.9785481345802031,0.20601832032517084,Transition,2,0,0,21.9
2023-10-14,96011,AC,Aceh,24.0,30.0,25.0,87.0,36.9,10.8,,1012.2,,Banda Aceh,Aceh,Aceh,3.0,6.0,39.75905657777783,2023,10,287,4,14,-0.8660254037844386,0.5000000000000001,-0.9748595108374125,0.22282040779479959,Transition,2,0,0,36.9
2023-10-15,96011,AC,Aceh,22.8,28.9,25.8,85.0,22.0,8.6,,1010.9,,Banda Aceh,Aceh,Aceh,2.388888888888889,6.099999999999998,35.55777234651561,2023,10,288,4,15,-0.8660254037844386,0.5000000000000001,-0.9708824104813836,0.23955655912092708,Transition,2,0,0,22.0
2023-10-16,96011,AC,Aceh,23.3,32.0,26.9,82.0,7.6,7.1,,1010.4,,Banda Aceh,Aceh,Aceh,1.972222222222222,8.7,45.23544914355571,2023,10,289,4,16,-0.8660254037844386,0.5000000000000001,-0.9666180104000972,0.2562218218071163,Transition,2,0,0,7.6
2023-10-17,96011,AC,Aceh,23.4,31.6,27.5,80.0,8.1,6.9,,1011.1,,Banda Aceh,Aceh,Aceh,1.9166666666666667,8.200000000000003,42.937634294737755,2023,10,290,4,17,-0.8660254037844386,0.5000000000000001,-0.9620675724981452,0.27281126433401914,Transition,2,0,0,8.1
2023-10-18,96011,AC,Aceh,24.2,32.0,27.6,80.0,6.2,8.4,,1011.5,,Banda Aceh,Aceh,Aceh,2.3333333333333335,7.800000000000001,44.36864808177802,2023,10,291,4,18,-0.8660254037844386,0.5000000000000001,-0.957232443323312,0.28931997761869527,Transition,2,0,0,6.2
2023-10-19,96011,AC,Aceh,24.3,29.2,26.5,84.0,2.6,8.3,,1012.0,,Banda Aceh,Aceh,Aceh,2.305555555555556,4.899999999999999,36.253016772391355,2023,10,292,4,19,-0.8660254037844386,0.5000000000000001,-0.9521140536681102,0.3057430764672831,Transition,2,0,0,2.6
2023-10-20,96011,AC,Aceh,23.7,30.8,26.9,84.0,22.6,7.8,,1012.2,,Banda Aceh,Aceh,Aceh,2.1666666666666665,7.100000000000001,41.61087243639117,2023,10,293,4,20,-0.8660254037844386,0.5000000000000001,-0.9467139181463862,0.3220757010206104,Transition,2,0,0,22.6
2023-10-21,96011,AC,Aceh,23.8,29.1,26.4,83.0,22.6,6.8,,1012.2,,Banda Aceh,Aceh,Aceh,1.8888888888888888,5.300000000000001,35.707841648951224,2023,10,294,4,21,-0.8660254037844386,0.5000000000000001,-0.9410336347451197,0.3383130181923076,Transition,2,0,0,22.6
2023-10-22,96011,AC,Aceh,24.0,30.6,26.1,84.0,7.8,6.5,,1012.7,,Banda Aceh,Aceh,Aceh,1.8055555555555556,6.600000000000001,40.899643693831166,2023,10,295,4,22,-0.8660254037844386,0.5000000000000001,-0.9350748843515574,0.3544502230989869,Transition,2,0,0,7.8
2023-10-23,96011,AC,Aceh,23.4,31.3,26.2,84.0,8.1,7.4,,1012.4,,Banda Aceh,Aceh,Aceh,2.055555555555556,7.900000000000002,43.440815273491076,2023,10,296,4,23,-0.8660254037844386,0.5000000000000001,-0.9288394302558068,0.3704825404820963,Transition,2,0,0,8.1
2023-10-24,96011,AC,Aceh,23.1,30.8,26.2,85.0,23.7,6.7,,1012.4,,Banda Aceh,Aceh,Aceh,1.8611111111111112,7.699999999999999,41.97328606419557,2023,10,297,4,24,-0.8660254037844386,0.5000000000000001,-0.9223291176290545,0.3864052261209853,Transition,2,0,0,23.7
2023-10-25,96011,AC,Aceh,23.5,31.8,27.1,82.0,11.9,8.2,,1012.4,,Banda Aceh,Aceh,Aceh,2.2777777777777777,8.3,44.484076082435486,2023,10,298,4,25,-0.8660254037844386,0.5000000000000001,-0.9155458729775467,0.40221356823680365,Transition,2,0,0,11.9
2023-10-26,96011,AC,Aceh,23.4,32.4,26.9,81.0,9.6,7.7,,1011.8,,Banda Aceh,Aceh,Aceh,2.138888888888889,9.0,46.3056778654046,2023,10,299,4,26,-0.8660254037844386,0.5000000000000001,-0.9084917035725082,0.41790288888678667,Transition,2,0,0,9.6
2023-10-27,96011,AC,Aceh,23.4,33.3,26.8,82.0,19.7,7.0,,1011.4,,Banda Aceh,Aceh,Aceh,1.9444444444444444,9.899999999999999,50.402062736735694,2023,10,300,4,27,-0.8660254037844386,0.5000000000000001,-0.9011686968561569,0.4334685453485363,Transition,2,0,0,19.7
2023-10-28,96011,AC,Aceh,23.8,30.9,27.2,83.0,7.3,6.2,,1010.9,,Banda Aceh,Aceh,Aceh,1.7222222222222223,7.099999999999998,41.60610278095121,2023,10,301,4,28,-0.8660254037844386,0.5000000000000001,-0.8935790198239952,0.4489059314938798,Transition,2,0,0,7.3
2023-10-29,96011,AC,Aceh,23.3,31.8,27.4,81.0,7.5,7.1,,1010.7,,Banda Aceh,Aceh,Aceh,1.972222222222222,8.5,44.06275198348442,2023,10,302,4,29,-0.8660254037844386,0.5000000000000001,-0.8857249183835637,0.4642104791518923,Transition,2,0,0,7.5
2023-10-30,96011,AC,Aceh,24.4,29.4,26.4,85.0,9.8,6.9,,1010.0,,Banda Aceh,Aceh,Aceh,1.9166666666666667,5.0,37.14119900691562,2023,10,303,4,30,-0.8660254037844386,0.5000000000000001,-0.8776087166898392,0.4793776594606945,Transition,2,0,0,9.8
2023-10-31,96011,AC,Aceh,23.5,30.7,26.3,85.0,11.3,7.5,,1010.1,,Banda Aceh,Aceh,Aceh,2.0833333333333335,7.199999999999999,41.60866179579572,2023,10,304,4,31,-0.8660254037844386,0.5000000000000001,-0.8692328164574792,0.49440298420761813,Transition,2,0,0,11.3
2023-11-01,96011,AC,Aceh,23.0,30.4,25.7,87.0,6.1,8.1,,1011.1,,Banda Aceh,Aceh,Aceh,2.25,7.399999999999999,41.21166881489776,2023,11,305,4,1,-0.5000000000000004,0.8660254037844384,-0.8605996962501181,0.5092820071573356,Rainy Season,1,0,0,6.1
2023-11-02,96011,AC,Aceh,23.5,30.0,26.0,86.0,13.6,7.6,,1011.1,,Banda Aceh,Aceh,Aceh,2.111111111111111,6.5,39.447505644444455,2023,11,306,4,2,-0.5000000000000004,0.8660254037844384,-0.8517119107469189,0.5240103253675756,Rainy Season,1,0,0,13.6
2023-11-03,96011,AC,Aceh,23.3,30.5,26.8,85.0,8.3,7.2,,1009.7,,Banda Aceh,Aceh,Aceh,2.0,7.199999999999999,40.88840180955545,2023,11,307,4,3,-0.5000000000000004,0.8660254037844384,-0.8425720899866032,0.5385835804920232,Rainy Season,1,0,0,8.3
2023-11-04,96011,AC,Aceh,23.8,32.8,27.2,84.0,7.2,7.8,,1009.9,,Banda Aceh,Aceh,Aceh,2.1666666666666665,8.999999999999996,49.37525219079113,2023,11,308,4,4,-0.5000000000000004,0.8660254037844384,-0.8331829385891785,0.5529974600700271,Rainy Season,1,0,0,7.2
2023-11-05,96011,AC,Aceh,23.5,30.7,27.2,84.0,12.9,7.2,,1010.5,,Banda Aceh,Aceh,Aceh,2.0,7.199999999999999,41.25377603709121,2023,11,309,4,5,-0.5000000000000004,0.8660254037844384,-0.8235472349556007,0.5672476988027229,Rainy Season,1,0,0,12.9
2023-11-06,96011,AC,Aceh,23.7,31.1,27.6,84.0,3.5,6.8,,1010.9,,Banda Aceh,Aceh,Aceh,1.8888888888888888,7.400000000000002,42.699945970531196,2023,11,310,4,6,-0.5000000000000004,0.8660254037844384,-0.8136678304455991,0.5813300798152042,Rainy Season,1,0,0,3.5
2023-11-07,96011,AC,Aceh,24.2,31.9,27.6,83.0,10.4,8.0,,1011.0,,Banda Aceh,Aceh,Aceh,2.2222222222222223,7.699999999999999,45.29336446015126,2023,11,311,4,7,-0.5000000000000004,0.8660254037844384,-0.8035476485339116,0.5952404359043674,Rainy Season,1,0,0,10.4
2023-11-08,96011,AC,Aceh,24.5,30.5,26.9,82.0,3.0,8.4,,1010.9,,Banda Aceh,Aceh,Aceh,2.3333333333333335,6.0,39.88283988105544,2023,11,312,4,8,-0.5000000000000004,0.8660254037844384,-0.7931896839451843,0.6089746507720486,Rainy Season,1,0,0,3.0
2023-11-09,96011,AC,Aceh,23.5,31.0,25.9,83.0,9.3,6.8,,1011.2,,Banda Aceh,Aceh,Aceh,1.8888888888888888,7.5,41.961635915111245,2023,11,313,4,9,-0.5000000000000004,0.8660254037844384,-0.7825970017677834,0.6225286602431057,Rainy Season,1,0,0,9.3
2023-11-10,96011,AC,Aceh,22.8,31.8,27.2,82.0,8.3,7.5,,1011.8,,Banda Aceh,Aceh,Aceh,2.0833333333333335,9.0,44.484076082435486,2023,11,314,4,10,-0.5000000000000004,0.8660254037844384,-0.7717727365467836,0.6358984534680745,Rainy Season,1,0,0,8.3
2023-11-11,96011,AC,Aceh,23.0,30.7,26.5,83.0,12.4,6.8,,1012.1,,Banda Aceh,Aceh,Aceh,1.8888888888888888,7.699999999999999,40.90383186847127,2023,11,315,4,11,-0.5000000000000004,0.8660254037844384,-0.7607200913564104,0.6490800741100398,Rainy Season,1,0,0,12.4
2023-11-12,96011,AC,Aceh,23.6,32.1,26.4,84.0,0.3,6.6,,1011.5,,Banda Aceh,Aceh,Aceh,1.8333333333333333,8.5,46.522854726931186,2023,11,316,4,12,-0.5000000000000004,0.8660254037844384,-0.7494423368521954,0.6620696215153815,Rainy Season,1,0,0,0.3
2023-11-13,96011,AC,Aceh,23.4,32.4,25.9,84.0,11.6,8.3,,1010.9,,Banda Aceh,Aceh,Aceh,2.305555555555556,9.0,47.727526446631316,2023,11,317,4,13,-0.5000000000000004,0.8660254037844384,-0.7379428103031386,0.6748632518680403,Rainy Season,1,0,0,11.6
2023-11-14,96011,AC,Aceh,23.3,30.7,26.6,86.0,14.5,6.8,,1011.6,,Banda Aceh,Aceh,Aceh,1.8888888888888888,7.399999999999999,41.96848914458449,2023,11,318,4,14,-0.5000000000000004,0.8660254037844384,-0.7262249146041543,0.6874571793269664,Rainy Season,1,0,0,14.5
2023-11-15,96011,AC,Aceh,23.5,28.1,25.6,86.0,4.5,6.8,,1011.9,,Banda Aceh,Aceh,Aceh,1.8888888888888888,4.600000000000001,33.3527935709045,2023,11,319,4,15,-0.5000000000000004,0.8660254037844384,-0.7142921172691032,0.699847677146407,Rainy Season,1,0,0,4.5
2023-11-16,96011,AC,Aceh,23.5,32.0,26.9,85.0,14.5,7.4,,1011.7,,Banda Aceh,Aceh,Aceh,2.055555555555556,8.5,46.58247959955565,2023,11,320,4,16,-0.5000000000000004,0.8660254037844384,-0.7021479494046978,0.7120310787787131,Rainy Season,1,0,0,14.5
2023-11-17,96011,AC,Aceh,23.8,30.7,26.6,86.0,4.8,6.6,,1011.6,,Banda Aceh,Aceh,Aceh,1.8333333333333333,6.899999999999999,41.96848914458449,2023,11,321,4,17,-0.5000000000000004,0.8660254037844384,-0.6897960046655887,0.7240037789593305,Rainy Season,1,0,0,4.8
2023-11-18,96011,AC,Aceh,24.6,30.8,26.4,87.0,17.1,6.2,,1011.3,,Banda Aceh,Aceh,Aceh,1.7222222222222223,6.199999999999999,42.7132411902579,2023,11,322,4,18,-0.5000000000000004,0.8660254037844384,-0.6772399381909491,0.7357622347736527,Rainy Season,1,0,0,17.1
2023-11-19,96011,AC,Aceh,24.2,32.6,27.6,84.0,2.8,9.6,,1010.7,,Banda Aceh,Aceh,Aceh,2.6666666666666665,8.400000000000002,48.54546120663123,2023,11,323,4,19,-0.5000000000000004,0.8660254037844384,-0.6644834655228552,0.7473029667054296,Rainy Season,1,0,0,2.8
2023-11-20,96011,AC,Aceh,24.5,32.1,27.9,84.0,6.5,8.0,,1010.7,,Banda Aceh,Aceh,Aceh,2.2222222222222223,7.600000000000001,46.522854726931186,2023,11,324,4,20,-0.5000000000000004,0.8660254037844384,-0.6515303615068021,0.75862255966641,Rainy Season,1,0,0,6.5
2023-11-21,96011,AC,Aceh,25.3,30.0,26.6,86.0,2.0,6.8,,1010.8,,Banda Aceh,Aceh,Aceh,1.8888888888888888,4.699999999999999,39.447505644444455,2023,11,325,4,21,-0.5000000000000004,0.8660254037844384,-0.6383844591746642,0.7697176640069211,Rainy Season,1,0,0,2.0
2023-11-22,96011,AC,Aceh,24.0,31.0,26.6,85.0,15.6,6.7,,1009.8,,Banda Aceh,Aceh,Aceh,1.8611111111111112,7.0,42.711523151555696,2023,11,326,4,22,-0.5000000000000004,0.8660254037844384,-0.6250496486104377,0.7805849965070866,Rainy Season,1,0,0,15.6
2023-11-23,96011,AC,Aceh,23.9,31.3,27.3,83.0,20.1,6.5,,1009.2,,Banda Aceh,Aceh,Aceh,1.8055555555555556,7.400000000000002,43.04582602927109,2023,11,327,4,23,-0.5000000000000004,0.8660254037844384,-0.6115298757991053,0.7912213413483807,Rainy Season,1,0,0,20.1
2023-11-24,96011,AC,Aceh,24.4,29.7,26.8,84.0,0.5,7.4,,1009.1,,Banda Aceh,Aceh,Aceh,2.055555555555556,5.300000000000001,37.84583512629129,2023,11,328,4,24,-0.5000000000000004,0.8660254037844384,-0.5978291414589552,0.801623551065242,Rainy Season,1,0,0,0.5
2023-11-25,96011,AC,Aceh,24.0,30.7,25.2,86.0,36.9,6.3,,1009.7,,Banda Aceh,Aceh,Aceh,1.75,6.699999999999999,41.96848914458449,2023,11,329,4,25,-0.5000000000000004,0.8660254037844384,-0.5839514998576998,0.8117885474764613,Rainy Season,1,0,0,36.9
2023-11-26,96011,AC,Aceh,23.6,28.8,25.6,88.0,11.8,6.1,,1011.0,,Banda Aceh,Aceh,Aceh,1.6944444444444442,5.199999999999999,35.92192535971548,2023,11,330,4,26,-0.5000000000000004,0.8660254037844384,-0.5699010576127624,0.8217133225960589,Rainy Season,1,0,0,11.8
2023-11-27,96011,AC,Aceh,24.1,30.1,26.2,86.0,6.4,6.7,,1009.9,,Banda Aceh,Aceh,Aceh,1.8611111111111112,6.0,39.79856164130462,2023,11,331,4,27,-0.5000000000000004,0.8660254037844384,-0.5556819724760489,0.8313949395234058,Rainy Season,1,0,0,6.4
2023-11-28,96011,AC,Aceh,23.6,30.4,26.3,86.0,29.6,7.1,,1008.2,,Banda Aceh,Aceh,Aceh,1.972222222222222,6.799999999999997,40.869898638204496,2023,11,332,4,28,-0.5000000000000004,0.8660254037844384,-0.5412984521036173,0.8408305333122887,Rainy Season,1,0,0,29.6
2023-11-29,96011,AC,Aceh,24.5,28.6,25.7,88.0,8.9,6.3,,1008.9,,Banda Aceh,Aceh,Aceh,1.75,4.100000000000001,35.27305716499557,2023,11,333,4,29,-0.5000000000000004,0.8660254037844384,-0.5267547528105542,0.8500173118187018,Rainy Season,1,0,0,8.9
2023-11-30,96011,AC,Aceh,24.2,30.2,26.1,88.0,14.2,6.1,,1009.9,,Banda Aceh,Aceh,Aceh,1.6944444444444442,6.0,40.81027382611574,2023,11,334,4,30,-0.5000000000000004,0.8660254037844384,-0.5120551783114646,0.8589525565270845,Rainy Season,1,0,0,14.2
2023-12-01,96011,AC,Aceh,24.0,30.7,25.5,87.0,20.7,6.8,,1010.0,,Banda Aceh,Aceh,Aceh,1.8888888888888888,6.699999999999999,42.333258083457956,2023,12,335,4,1,-2.4492935982947064e-16,1.0,-0.4972040784469378,0.8676336233547726,Rainy Season,1,0,0,20.7
2023-12-02,96011,AC,Aceh,24.0,29.8,26.6,85.0,18.2,6.9,,1009.5,,Banda Aceh,Aceh,Aceh,1.9166666666666667,5.800000000000001,38.46187163859545,2023,12,336,4,2,-2.4492935982947064e-16,1.0,-0.4822058478963526,0.8760579434344281,Rainy Season,1,0,0,18.2
2023-12-03,96011,AC,Aceh,24.7,29.0,26.3,84.0,5.8,6.6,,1010.0,,Banda Aceh,Aceh,Aceh,1.8333333333333333,4.300000000000001,35.63663782311106,2023,12,337,4,3,-2.4492935982947064e-16,1.0,-0.46706492487743034,0.8842230238742036,Rainy Season,1,0,0,5.8
2023-12-04,96011,AC,Aceh,24.1,31.3,27.2,82.0,10.1,6.9,,1009.4,,Banda Aceh,Aceh,Aceh,1.9166666666666667,7.199999999999999,42.656382426335675,2023,12,338,4,4,-2.4492935982947064e-16,1.0,-0.451785789832884,0.8921264484954345,Rainy Season,1,0,0,10.1
2023-12-05,96011,AC,Aceh,24.4,28.4,25.9,86.0,10.3,5.8,,1009.9,,Banda Aceh,Aceh,Aceh,1.611111111111111,4.0,34.242440504604566,2023,12,339,4,5,-2.4492935982947064e-16,1.0,-0.4363729641045924,0.8997658785476209,Rainy Season,1,0,0,10.3
2023-12-06,96011,AC,Aceh,24.3,30.3,26.2,87.0,13.6,5.8,,1011.0,,Banda Aceh,Aceh,Aceh,1.611111111111111,6.0,40.843925742657945,2023,12,340,4,6,-2.4492935982947064e-16,1.0,-0.42083100859565564,0.9071390534005044,Rainy Season,1,0,0,13.6
2023-12-07,96011,AC,Aceh,23.3,30.2,26.6,85.0,5.6,6.5,,1011.2,,Banda Aceh,Aceh,Aceh,1.8055555555555556,6.899999999999999,39.83048320659559,2023,12,341,4,7,-2.4492935982947064e-16,1.0,-0.4051645224207563,0.9142437912130223,Rainy Season,1,0,0,5.6
2023-12-08,96011,AC,Aceh,23.5,31.9,27.5,81.0,0.0,8.0,,1010.5,,Banda Aceh,Aceh,Aceh,2.2222222222222223,8.399999999999999,44.429405929004474,2023,12,342,4,8,-2.4492935982947064e-16,1.0,-0.3893781415452015,0.9210779895789526,Rainy Season,1,0,0,0.0
2023-12-09,96011,AC,Aceh,24.4,32.0,27.5,82.0,2.9,6.8,,1010.3,,Banda Aceh,Aceh,Aceh,1.8888888888888888,7.600000000000001,45.23544914355571,2023,12,343,4,9,-2.4492935982947064e-16,1.0,-0.37347653741307074,0.9276396261490467,Rainy Season,1,0,0,2.9
2023-12-10,96011,AC,Aceh,24.6,30.5,26.9,85.0,12.8,6.3,,1009.7,,Banda Aceh,Aceh,Aceh,1.75,5.899999999999999,40.88840180955545,2023,12,344,4,10,-2.4492935982947064e-16,1.0,-0.3574644155648614,0.9339267592294762,Rainy Season,1,0,0,12.8
2023-12-11,96011,AC,Aceh,24.0,30.0,25.9,87.0,11.1,6.1,,1010.1,,Banda Aceh,Aceh,Aceh,1.6944444444444442,6.0,39.75905657777783,2023,12,345,4,11,-2.4492935982947064e-16,1.0,-0.34134651424503615,0.9399375283564133,Rainy Season,1,0,0,11.1
2023-12-12,96011,AC,Aceh,23.4,29.6,25.7,87.0,22.1,6.2,,1010.0,,Banda Aceh,Aceh,Aceh,1.7222222222222223,6.200000000000003,38.35540447889791,2023,12,346,4,12,-2.4492935982947064e-16,1.0,-0.3251276029999093,0.9456701548465688,Rainy Season,1,0,0,22.1
2023-12-13,96011,AC,Aceh,23.2,30.8,25.9,84.0,10.7,7.6,,1010.1,,Banda Aceh,Aceh,Aceh,2.111111111111111,7.600000000000001,41.61087243639117,2023,12,347,4,13,-2.4492935982947064e-16,1.0,-0.30881248126625377,0.9511229423235357,Rainy Season,1,0,0,10.7
2023-12-14,96011,AC,Aceh,23.9,32.0,27.3,82.0,1.4,8.2,,1010.7,,Banda Aceh,Aceh,Aceh,2.2777777777777777,8.100000000000001,45.23544914355571,2023,12,348,4,14,-2.4492935982947064e-16,1.0,-0.29240597695107734,0.9562942772197719,Rainy Season,1,0,0,1.4
2023-12-15,96011,AC,Aceh,24.0,29.8,26.6,85.0,13.1,6.8,,1010.7,,Banda Aceh,Aceh,Aceh,1.8888888888888888,5.800000000000001,38.46187163859545,2023,12,349,4,15,-2.4492935982947064e-16,1.0,-0.27591294500296043,0.9611826292540837,Rainy Season,1,0,0,13.1
2023-12-16,96011,AC,Aceh,24.2,29.1,25.8,87.0,5.2,8.5,,1010.1,,Banda Aceh,Aceh,Aceh,2.361111111111111,4.900000000000002,36.66968954969792,2023,12,350,4,16,-2.4492935982947064e-16,1.0,-0.2593382659754056,0.9657865518844574,Rainy Season,1,0,0,5.2
2023-12-17,96011,AC,Aceh,23.8,30.5,27.1,83.0,3.9,10.8,,1010.0,,Banda Aceh,Aceh,Aceh,3.0,6.699999999999999,40.21328809711107,2023,12,351,4,17,-2.4492935982947064e-16,1.0,-0.2426868445825954,0.9701046827361175,Rainy Season,1,0,0,3.9
2023-12-18,96011,AC,Aceh,24.2,30.3,26.7,84.0,1.1,7.1,,1010.7,,Banda Aceh,Aceh,Aceh,1.972222222222222,6.100000000000001,39.85503100029116,2023,12,352,4,18,-2.4492935982947064e-16,1.0,-0.22596360824801906,0.974135744004672,Rainy Season,1,0,0,1.1
2023-12-19,96011,AC,Aceh,24.0,32.3,27.5,79.0,0.0,9.1,,1011.0,,Banda Aceh,Aceh,Aceh,2.5277777777777777,8.299999999999997,45.02518430443548,2023,12,353,4,19,-2.4492935982947064e-16,1.0,-0.20917350564635637,0.9778785428342386,Rainy Season,1,0,0,0.0
2023-12-20,96011,AC,Aceh,23.8,30.8,26.4,82.0,1.8,8.5,,1010.8,,Banda Aceh,Aceh,Aceh,2.361111111111111,7.0,40.90117305123566,2023,12,354,4,20,-2.4492935982947064e-16,1.0,-0.19232150523909483,0.9813319716704275,Rainy Season,1,0,0,1.8
2023-12-21,96011,AC,Aceh,23.7,32.6,27.3,79.0,1.5,9.7,,1010.8,,Banda Aceh,Aceh,Aceh,2.694444444444444,8.900000000000002,46.13096671027566,2023,12,355,4,21,-2.4492935982947064e-16,1.0,-0.17541259380427843,0.9844950085880858,Rainy Season,1,0,0,1.5
2023-12-22,96011,AC,Aceh,23.8,32.2,27.4,78.0,1.0,11.1,,1010.9,,Banda Aceh,Aceh,Aceh,3.083333333333333,8.400000000000002,44.22966780753791,2023,12,356,4,22,-2.4492935982947064e-16,1.0,-0.15845177496083632,0.9873667175937016,Rainy Season,1,0,0,1.0
2023-12-23,96011,AC,Aceh,24.2,31.6,27.5,80.0,0.5,10.2,,1011.7,,Banda Aceh,Aceh,Aceh,2.833333333333333,7.400000000000002,42.937634294737755,2023,12,357,4,23,-2.4492935982947064e-16,1.0,-0.14144406768794202,0.9899462489023779,Rainy Season,1,0,0,0.5
2023-12-24,96011,AC,Aceh,24.3,27.0,25.2,88.0,11.0,7.7,,1012.5,,Banda Aceh,Aceh,Aceh,2.138888888888889,2.6999999999999993,30.527317311555684,2023,12,358,4,24,-2.4492935982947064e-16,1.0,-0.12439450483979998,0.9922328391893008,Rainy Season,1,0,0,11.0
2023-12-25,96011,AC,Aceh,24.2,26.6,25.1,90.0,7.9,7.4,,1012.0,,Banda Aceh,Aceh,Aceh,2.055555555555556,2.400000000000002,29.618443080604454,2023,12,359,4,25,-2.4492935982947064e-16,1.0,-0.10730813165636247,0.9942258118156161,Rainy Season,1,0,0,7.9
2023-12-26,96011,AC,Aceh,24.0,30.4,26.8,85.0,8.3,9.9,,1012.3,,Banda Aceh,Aceh,Aceh,2.75,6.399999999999999,40.53276609171558,2023,12,360,4,26,-2.4492935982947064e-16,1.0,-0.09019000427034513,0.9959245770286599,Rainy Season,1,0,0,8.3
2023-12-27,96011,AC,Aceh,24.2,29.7,27.1,79.0,0.0,12.7,,1012.4,,Banda Aceh,Aceh,Aceh,3.5277777777777777,5.5,36.49781536603563,2023,12,361,4,27,-2.4492935982947064e-16,1.0,-0.07304518821104743,0.9973286321364752,Rainy Season,1,0,0,0.0
2023-12-28,96011,AC,Aceh,24.9,31.9,27.7,78.0,0.5,12.2,,1011.4,,Banda Aceh,Aceh,Aceh,3.3888888888888884,7.0,43.17955214031782,2023,12,362,4,28,-2.4492935982947064e-16,1.0,-0.05587875690537313,0.9984375616565666,Rainy Season,1,0,0,0.5
2023-12-29,96011,AC,Aceh,24.7,29.9,26.9,82.0,8.7,9.2,,1010.8,,Banda Aceh,Aceh,Aceh,2.5555555555555554,5.199999999999999,37.92445656417563,2023,12,363,4,29,-2.4492935982947064e-16,1.0,-0.03869579017652689,0.9992510374388481,Rainy Season,1,0,0,8.7
2023-12-30,96011,AC,Aceh,24.7,30.9,26.6,85.0,17.9,7.9,,1010.8,,Banda Aceh,Aceh,Aceh,2.1944444444444446,6.199999999999999,42.340906516115616,2023,12,364,4,30,-2.4492935982947064e-16,1.0,-0.021501372740813793,0.999768818762748,Rainy Season,1,0,0,17.9
2023-12-31,96011,AC,Aceh,23.9,31.6,27.1,82.0,8.0,10.3,,1010.9,,Banda Aceh,Aceh,Aceh,2.861111111111111,7.700000000000003,43.74430050627558,2023,12,365,4,31,-2.4492935982947064e-16,1.0,-0.004300592702981974,0.9999907524084426,Rainy Season,1,0,0,8.0
2023-01-01,97240,NB,Nusa Tenggara Barat,24.5,30.1,27.2,81.0,17.5,14.6,,1009.5,,Mataram / Lombok,NTB,Nusa Tenggara Barat,4.055555555555555,5.600000000000001,38.26825743940456,2023,1,1,1,1,0.49999999999999994,0.8660254037844387,0.017201575418260506,0.9998520419557735,Rainy Season,1,8,4,17.5
2023-01-02,97240,NB,Nusa Tenggara Barat,25.0,30.1,27.1,82.0,19.0,14.0,,1008.8,,Mataram / Lombok,NTB,Nusa Tenggara Barat,3.888888888888889,5.100000000000001,38.565653518175615,2023,1,2,1,2,0.49999999999999994,0.8660254037844387,0.03439806061360801,0.9994082116062598,Rainy Season,1,8,4,19.0
2023-01-03,97240,NB,Nusa Tenggara Barat,25.2,29.3,27.1,82.0,23.9,13.7,,1008.7,,Mataram / Lombok,NTB,Nusa Tenggara Barat,3.8055555555555554,4.100000000000001,36.07045061193562,2023,1,3,1,3,0.49999999999999994,0.8660254037844387,0.051584366869408364,0.9986686402879997,Rainy Season,1,8,4,23.9
2023-01-04,97240,NB,Nusa Tenggara Barat,25.0,30.1,27.6,79.0,4.3,13.1,,1008.5,,Mataram / Lombok,NTB,Nusa Tenggara Barat,3.638888888888889,5.100000000000001,37.68646242427567,2023,1,4,1,4,0.49999999999999994,0.8660254037844387,0.06875540848113941,0.9976335468520451,Rainy Season,1,8,4,4.3
2023-01-05,97240,NB,Nusa Tenggara Barat,25.3,30.2,27.5,80.0,5.9,12.4,,1009.6,,Mataram / Lombok,NTB,Nusa Tenggara Barat,3.4444444444444446,4.899999999999999,38.286184318417824,2023,1,5,1,5,0.49999999999999994,0.8660254037844387,0.08590610426133272,0.9963032375991965,Rainy Season,1,8,4,5.9
2023-01-06,97240,NB,Nusa Tenggara Barat,24.8,29.7,27.0,84.0,9.4,10.3,,1009.9,,Mataram / Lombok,NTB,Nusa Tenggara Barat,2.861111111111111,4.899999999999999,37.84583512629129,2023,1,6,1,6,0.49999999999999994,0.8660254037844387,0.10303137904317879,0.9946781061893646,Rainy Season,1,8,4,9.4
2023-01-07,97240,NB,Nusa Tenggara Barat,24.3,30.8,27.3,82.0,3.9,9.5,,1009.3,,Mataram / Lombok,NTB,Nusa Tenggara Barat,2.638888888888889,6.5,40.90117305123566,2023,1,7,1,7,0.49999999999999994,0.8660254037844387,0.1201261651823505,0.9927586335250793,Rainy Season,1,8,4,3.9
2023-01-08,97240,NB,Nusa Tenggara Barat,24.1,31.4,27.4,81.0,0.5,7.8,,1010.3,,Mataram / Lombok,NTB,Nusa Tenggara Barat,2.1666666666666665,7.299999999999997,42.62480434060449,2023,1,8,1,8,0.49999999999999994,0.8660254037844387,0.13718540405660057,0.9905453876091833,Rainy Season,1,8,4,0.5
2023-01-09,97240,NB,Nusa Tenggara Barat,23.7,31.5,27.4,80.0,0.5,6.8,,1011.7,,Mataram / Lombok,NTB,Nusa Tenggara Barat,1.8888888888888888,7.800000000000001,42.58696613127788,2023,1,9,1,9,0.49999999999999994,0.8660254037844387,0.1542040475626894,0.988039023376751,Rainy Season,1,8,4,0.5
2023-01-10,97240,NB,Nusa Tenggara Barat,23.8,31.5,27.3,80.0,2.2,6.5,,1011.8,,Mataram / Lombok,NTB,Nusa Tenggara Barat,1.8055555555555556,7.699999999999999,42.58696613127788,2023,1,10,1,10,0.49999999999999994,0.8660254037844387,0.17117705961019986,0.985240282501282,Rainy Season,1,8,4,2.2
2023-01-11,97240,NB,Nusa Tenggara Barat,23.5,31.5,27.2,80.0,0.2,6.6,,1011.0,,Mataram / Lombok,NTB,Nusa Tenggara Barat,1.8333333333333333,8.0,42.58696613127788,2023,1,11,1,11,0.49999999999999994,0.8660254037844387,0.18809941761179758,0.9821499931752291,Rainy Season,1,8,4,0.2
2023-01-12,97240,NB,Nusa Tenggara Barat,23.5,30.6,27.1,80.0,2.0,6.6,,1010.7,,Mataram / Lombok,NTB,Nusa Tenggara Barat,1.8333333333333333,7.100000000000001,39.558487759537755,2023,1,12,1,12,0.49999999999999994,0.8660254037844387,0.20496611396949532,0.9787690698649216,Rainy Season,1,8,4,2.0
2023-01-13,97240,NB,Nusa Tenggara Barat,23.8,30.8,27.1,82.0,1.0,5.8,,1010.3,,Mataram / Lombok,NTB,Nusa Tenggara Barat,1.611111111111111,7.0,40.90117305123566,2023,1,13,1,13,0.49999999999999994,0.8660254037844387,0.22177215755648186,0.975098513039961,Rainy Season,1,8,4,1.0
2023-01-14,97240,NB,Nusa Tenggara Barat,23.8,30.7,27.1,84.0,0.7,6.6,,1008.9,,Mataram / Lombok,NTB,Nusa Tenggara Barat,1.8333333333333333,6.899999999999999,41.25377603709121,2023,1,14,1,14,0.49999999999999994,0.8660254037844387,0.23851257519407648,0.9711394088771653,Rainy Season,1,8,4,0.7
2023-01-15,97240,NB,Nusa Tenggara Barat,24.6,30.6,27.4,83.0,8.2,7.2,,1008.0,,Mataram / Lombok,NTB,Nusa Tenggara Barat,2.0,6.0,40.557094090151104,2023,1,15,1,15,0.49999999999999994,0.8660254037844387,0.2551824131233728,0.9668929289391521,Rainy Season,1,8,4,8.2
2023-01-16,97240,NB,Nusa Tenggara Barat,24.9,30.0,27.1,85.0,11.2,7.2,,1008.6,,Mataram / Lombok,NTB,Nusa Tenggara Barat,2.0,5.100000000000001,39.1401850555554,2023,1,16,1,16,0.49999999999999994,0.8660254037844387,0.2717767384711357,0.9623603298276545,Rainy Season,1,8,4,11.2
2023-01-17,97240,NB,Nusa Tenggara Barat,24.7,29.9,27.1,84.0,6.3,7.2,,1010.0,,Mataram / Lombok,NTB,Nusa Tenggara Barat,2.0,5.199999999999999,38.503710860131214,2023,1,17,1,17,0.49999999999999994,0.8660254037844387,0.2882906407095177,0.9575429528116719,Rainy Season,1,8,4,6.3
2023-01-18,97240,NB,Nusa Tenggara Barat,24.4,29.2,26.6,86.0,12.2,6.0,,1010.3,,Mataram / Lombok,NTB,Nusa Tenggara Barat,1.6666666666666665,4.800000000000001,36.74807170748446,2023,1,18,1,18,0.49999999999999994,0.8660254037844387,0.3047192331091634,0.9524422234305676,Rainy Season,1,8,4,12.2
2023-01-19,97240,NB,Nusa Tenggara Barat,24.3,29.5,26.7,85.0,3.0,7.3,,1009.8,,Mataram / Lombok,NTB,Nusa Tenggara Barat,2.0277777777777777,5.199999999999999,37.46687288955556,2023,1,19,1,19,0.49999999999999994,0.8660254037844387,0.321057654185271,0.9470596510722283,Rainy Season,1,8,4,3.0
2023-01-20,97240,NB,Nusa Tenggara Barat,24.2,31.1,26.8,84.0,9.2,7.5,,1009.7,,Mataram / Lombok,NTB,Nusa Tenggara Barat,2.0833333333333335,6.900000000000002,42.699945970531196,2023,1,20,1,20,0.49999999999999994,0.8660254037844387,0.3373010691361842,0.9413968285264122,Rainy Season,1,8,4,9.2
2023-01-21,97240,NB,Nusa Tenggara Barat,23.9,30.0,26.8,84.0,0.9,5.9,,1008.9,,Mataram / Lombok,NTB,Nusa Tenggara Barat,1.6388888888888888,6.100000000000001,38.837094811111115,2023,1,21,1,21,0.49999999999999994,0.8660254037844387,0.3534446712740877,0.9354554315134164,Rainy Season,1,8,4,0.9
2023-01-22,97240,NB,Nusa Tenggara Barat,24.1,31.4,27.4,82.0,0.6,6.5,,1008.0,,Mataram / Lombok,NTB,Nusa Tenggara Barat,1.8055555555555556,7.299999999999997,43.01612241507569,2023,1,22,1,22,0.49999999999999994,0.8660254037844387,0.3694836834473831,0.9292372181882051,Rainy Season,1,8,4,0.6
2023-01-23,97240,NB,Nusa Tenggara Barat,23.8,31.3,27.3,82.0,0.3,5.9,,1007.2,,Mataram / Lombok,NTB,Nusa Tenggara Barat,1.6388888888888888,7.5,42.656382426335675,2023,1,23,1,23,0.49999999999999994,0.8660254037844387,0.38541335945432564,0.9227440286201427,Rainy Season,1,8,4,0.3
2023-01-24,97240,NB,Nusa Tenggara Barat,23.9,31.0,27.4,81.0,0.3,5.9,,1007.3,,Mataram / Lombok,NTB,Nusa Tenggara Barat,1.6388888888888888,7.100000000000001,41.23272572044464,2023,1,24,1,24,0.49999999999999994,0.8660254037844387,0.4012289854475009,0.9159777842484877,Rainy Season,1,8,4,0.3
2023-01-25,97240,NB,Nusa Tenggara Barat,24.3,29.8,27.0,85.0,5.8,6.0,,1007.2,,Mataram / Lombok,NTB,Nusa Tenggara Barat,1.6666666666666665,5.5,38.46187163859545,2023,1,25,1,25,0.49999999999999994,0.8660254037844387,0.4169258813287287,0.908940487313808,Rainy Season,1,8,4,5.8
2023-01-26,97240,NB,Nusa Tenggara Barat,24.6,29.2,26.6,87.0,23.3,5.3,,1007.6,,Mataram / Lombok,NTB,Nusa Tenggara Barat,1.472222222222222,4.599999999999998,37.00071251825793,2023,1,26,1,26,0.49999999999999994,0.8660254037844387,0.4324994021339788,0.901634220265486,Rainy Season,1,8,4,23.3
2023-01-27,97240,NB,Nusa Tenggara Barat,24.3,28.9,26.3,88.0,12.0,6.1,,1007.2,,Mataram / Lombok,NTB,Nusa Tenggara Barat,1.6944444444444442,4.599999999999998,36.25099701649562,2023,1,27,1,27,0.49999999999999994,0.8660254037844387,0.44794493940789115,0.8940611451454876,Rainy Season,1,8,4,12.0
2023-01-28,97240,NB,Nusa Tenggara Barat,23.9,28.6,26.1,89.0,26.8,8.1,,1006.8,,Mataram / Lombok,NTB,Nusa Tenggara Barat,2.25,4.700000000000003,35.4884262844979,2023,1,28,1,28,0.49999999999999994,0.8660254037844387,0.4632579225674917,0.88622350294858,Rainy Season,1,8,4,26.8
2023-01-29,97240,NB,Nusa Tenggara Barat,23.8,29.3,26.3,88.0,10.0,7.3,,1007.8,,Mataram / Lombok,NTB,Nusa Tenggara Barat,2.0277777777777777,5.5,37.59820070641572,2023,1,29,1,29,0.49999999999999994,0.8660254037844387,0.4784338202547012,0.8781236129591848,Rainy Season,1,8,4,10.0
2023-01-30,97240,NB,Nusa Tenggara Barat,24.3,30.3,26.8,87.0,8.6,5.9,,1008.9,,Mataram / Lombok,NTB,Nusa Tenggara Barat,1.6388888888888888,6.0,40.843925742657945,2023,1,30,1,30,0.49999999999999994,0.8660254037844387,0.49346814167723735,0.8697638720650646,Rainy Season,1,8,4,8.6
2023-01-31,97240,NB,Nusa Tenggara Barat,24.4,29.3,26.7,87.0,17.2,8.5,,1008.3,,Mataram / Lombok,NTB,Nusa Tenggara Barat,2.361111111111111,4.900000000000002,37.334795495457925,2023,1,31,1,31,0.49999999999999994,0.8660254037844387,0.5083564379375122,0.8611467540480452,Rainy Season,1,8,4,17.2
2023-02-01,97240,NB,Nusa Tenggara Barat,25.1,29.6,27.0,85.0,9.2,10.6,,1007.7,,Mataram / Lombok,NTB,Nusa Tenggara Barat,2.944444444444444,4.5,37.79554295571553,2023,2,32,1,1,0.8660254037844386,0.5000000000000001,0.5230943033491326,0.8522748088519838,Rainy Season,1,8,4,9.2
2023-02-02,97240,NB,Nusa Tenggara Barat,25.0,29.4,26.7,84.0,5.2,9.4,,1008.9,,Mataram / Lombok,NTB,Nusa Tenggara Barat,2.611111111111111,4.399999999999999,36.881251945831146,2023,2,33,1,2,0.8660254037844386,0.5000000000000001,0.5376773767406141,0.8431506618282,Rainy Season,1,8,4,5.2
2023-02-03,97240,NB,Nusa Tenggara Barat,24.6,29.1,26.5,84.0,0.6,10.0,,1008.3,,Mataram / Lombok,NTB,Nusa Tenggara Barat,2.7777777777777777,4.5,35.94334526973134,2023,2,34,1,3,0.8660254037844386,0.5000000000000001,0.5521013427459208,0.8337770129585915,Rainy Season,1,8,4,0.6
2023-02-04,97240,NB,Nusa Tenggara Barat,24.5,29.3,24.8,85.0,13.0,9.9,,1007.3,,Mataram / Lombok,NTB,Nusa Tenggara Barat,2.75,4.800000000000001,36.81852130779576,2023,2,35,1,4,0.8660254037844386,0.5000000000000001,0.5663619330814524,0.8241566360566663,Rainy Season,1,8,4,13.0
2023-02-05,97240,NB,Nusa Tenggara Barat,24.0,27.6,25.3,90.0,11.6,10.5,,1007.4,,Mataram / Lombok,NTB,Nusa Tenggara Barat,2.9166666666666665,3.6000000000000014,32.50477905180454,2023,2,36,1,5,0.8660254037844386,0.5000000000000001,0.580454927809098,0.8142923779467267,Rainy Season,1,8,4,11.6
2023-02-06,97240,NB,Nusa Tenggara Barat,23.7,27.6,25.6,88.0,15.5,12.7,,1007.6,,Mataram / Lombok,NTB,Nusa Tenggara Barat,3.5277777777777777,3.900000000000002,32.2142185681958,2023,2,37,1,6,0.8660254037844386,0.5000000000000001,0.5943761565849831,0.804187157621448,Rainy Season,1,8,4,15.5
2023-02-07,97240,NB,Nusa Tenggara Barat,24.0,29.0,26.4,86.0,12.2,12.7,,1007.7,,Mataram / Lombok,NTB,Nusa Tenggara Barat,3.5277777777777777,5.0,36.10349490044448,2023,2,38,1,7,0.8660254037844386,0.5000000000000001,0.6081214998935418,0.7938439653781019,Rainy Season,1,8,4,12.2
2023-02-08,97240,NB,Nusa Tenggara Barat,23.6,29.6,27.1,84.0,0.0,11.0,,1008.3,,Mataram / Lombok,NTB,Nusa Tenggara Barat,3.0555555555555554,6.0,37.52134334343106,2023,2,39,1,8,0.8660254037844386,0.5000000000000001,0.6216868902665479,0.7832658619336791,Rainy Season,1,8,4,0.0
2023-02-09,97240,NB,Nusa Tenggara Barat,24.4,29.7,27.0,83.0,2.1,8.4,,1008.5,,Mataram / Lombok,NTB,Nusa Tenggara Barat,2.3333333333333335,5.300000000000001,37.568384422871226,2023,2,40,1,9,0.8660254037844386,0.5000000000000001,0.6350683134867438,0.7724559775191742,Rainy Season,1,8,4,2.1
2023-02-10,97240,NB,Nusa Tenggara Barat,24.5,29.9,26.8,84.0,4.2,7.4,,1008.4,,Mataram / Lombok,NTB,Nusa Tenggara Barat,2.055555555555556,5.399999999999999,38.503710860131214,2023,2,41,1,10,0.8660254037844386,0.5000000000000001,0.6482618097757122,0.7614175109532997,Rainy Season,1,8,4,4.2
2023-02-11,97240,NB,Nusa Tenggara Barat,24.4,30.4,27.0,84.0,10.2,7.7,,1008.8,,Mataram / Lombok,NTB,Nusa Tenggara Barat,2.138888888888889,6.0,40.20027117543113,2023,2,42,1,11,0.8660254037844386,0.5000000000000001,0.6612634749656386,0.7501537286959042,Rainy Season,1,8,4,10.2
2023-02-12,97240,NB,Nusa Tenggara Barat,24.4,29.3,26.8,85.0,16.8,7.5,,1009.9,,Mataram / Lombok,NTB,Nusa Tenggara Barat,2.0833333333333335,4.900000000000002,36.81852130779576,2023,2,43,1,12,0.8660254037844386,0.5000000000000001,0.6740694616546161,0.7386679638813748,Rainy Season,1,8,4,16.8
2023-02-13,97240,NB,Nusa Tenggara Barat,24.3,28.9,26.5,87.0,11.5,8.5,,1009.5,,Mataram / Lombok,NTB,Nusa Tenggara Barat,2.361111111111111,4.599999999999998,36.01682363849791,2023,2,44,1,13,0.8660254037844386,0.5000000000000001,0.6866759803451553,0.726963615332308,Rainy Season,1,8,4,11.5
2023-02-14,97240,NB,Nusa Tenggara Barat,24.1,29.1,26.4,87.0,16.6,10.4,,1007.8,,Mataram / Lombok,NTB,Nusa Tenggara Barat,2.888888888888889,5.0,36.66968954969792,2023,2,45,1,14,0.8660254037844386,0.5000000000000001,0.6990793005655562,0.7150441465537444,Rainy Season,1,8,4,16.6
2023-02-15,97240,NB,Nusa Tenggara Barat,24.0,28.1,25.9,88.0,20.0,9.0,,1007.7,,Mataram / Lombok,NTB,Nusa Tenggara Barat,2.5,4.100000000000001,33.70499153809563,2023,2,46,1,15,0.8660254037844386,0.5000000000000001,0.7112757519738152,0.7029130847082615,Rainy Season,1,8,4,20.0
2023-02-16,97240,NB,Nusa Tenggara Barat,23.8,28.4,26.1,87.0,15.4,8.0,,1008.8,,Mataram / Lombok,NTB,Nusa Tenggara Barat,2.2222222222222223,4.599999999999998,34.438209011697815,2023,2,47,1,16,0.8660254037844386,0.5000000000000001,0.7232617254437388,0.6905740195722293,Rainy Season,1,8,4,15.4
2023-02-17,97240,NB,Nusa Tenggara Barat,24.1,28.7,26.1,89.0,16.6,8.2,,1008.8,,Mataram / Lombok,NTB,Nusa Tenggara Barat,2.2777777777777777,4.599999999999998,35.81858388985778,2023,2,48,1,17,0.8660254037844386,0.5000000000000001,0.7350336741329413,0.6780306024735382,Rainy Season,1,8,4,16.6
2023-02-18,97240,NB,Nusa Tenggara Barat,24.1,28.8,26.3,87.0,8.2,7.6,,1008.9,,Mataram / Lombok,NTB,Nusa Tenggara Barat,2.111111111111111,4.699999999999999,35.6949806958579,2023,2,49,1,18,0.8660254037844386,0.5000000000000001,0.746588114532413,0.6652865452111116,Rainy Season,1,8,4,8.2
2023-02-19,97240,NB,Nusa Tenggara Barat,24.2,29.9,26.9,85.0,6.9,6.7,,1009.1,,Mataram / Lombok,NTB,Nusa Tenggara Barat,1.8611111111111112,5.699999999999999,38.79953025531557,2023,2,50,1,19,0.8660254037844386,0.5000000000000001,0.7579216274973472,0.6523456189565257,Rainy Season,1,8,4,6.9
2023-02-20,97240,NB,Nusa Tenggara Barat,24.5,29.9,27.1,84.0,16.0,7.2,,1008.8,,Mataram / Lombok,NTB,Nusa Tenggara Barat,2.0,5.399999999999999,38.503710860131214,2023,2,51,1,20,0.8660254037844386,0.5000000000000001,0.7690308592589181,0.6392116531380588,Rainy Season,1,8,4,16.0
2023-02-21,97240,NB,Nusa Tenggara Barat,24.7,29.9,27.2,84.0,11.2,7.5,,1009.2,,Mataram / Lombok,NTB,Nusa Tenggara Barat,2.0833333333333335,5.199999999999999,38.503710860131214,2023,2,52,1,21,0.8660254037844386,0.5000000000000001,0.7799125224167177,0.6258885343075018,Rainy Season,1,8,4,11.2
2023-02-22,97240,NB,Nusa Tenggara Barat,24.6,29.8,26.9,86.0,8.2,7.3,,1009.0,,Mataram / Lombok,NTB,Nusa Tenggara Barat,2.0277777777777777,5.199999999999999,38.754478153884364,2023,2,53,1,22,0.8660254037844386,0.5000000000000001,0.7905633969115482,0.612380204990065,Rainy Season,1,8,4,8.2
2023-02-23,97240,NB,Nusa Tenggara Barat,24.8,29.4,26.8,84.0,20.6,9.2,,1008.0,,Mataram / Lombok,NTB,Nusa Tenggara Barat,2.5555555555555554,4.599999999999998,36.881251945831146,2023,2,54,1,23,0.8660254037844386,0.5000000000000001,0.8009803309782905,0.5986906625177214,Rainy Season,1,8,4,20.6
2023-02-24,97240,NB,Nusa Tenggara Barat,25.1,29.2,26.6,87.0,26.5,8.7,,1008.4,,Mataram / Lombok,NTB,Nusa Tenggara Barat,2.4166666666666665,4.099999999999998,37.00071251825793,2023,2,55,1,24,0.8660254037844386,0.5000000000000001,0.8111602420785621,0.5848239578463322,Rainy Season,1,8,4,26.5
2023-02-25,97240,NB,Nusa Tenggara Barat,24.3,29.0,26.3,88.0,30.2,8.8,,1009.8,,Mataram / Lombok,NTB,Nusa Tenggara Barat,2.4444444444444446,4.699999999999999,36.58316037955556,2023,2,56,1,25,0.8660254037844386,0.5000000000000001,0.8211001178128892,0.5707841943569036,Rainy Season,1,8,4,30.2
2023-02-26,97240,NB,Nusa Tenggara Barat,24.3,28.5,24.8,87.0,32.0,11.0,,1009.9,,Mataram / Lombok,NTB,Nusa Tenggara Barat,3.0555555555555554,4.199999999999999,34.74781191977787,2023,2,57,1,26,0.8660254037844386,0.5000000000000001,0.8307970168121247,0.5565755266413303,Rainy Season,1,8,4,32.0
2023-02-27,97240,NB,Nusa Tenggara Barat,23.8,28.7,25.8,87.0,9.9,9.9,,1010.4,,Mataram / Lombok,NTB,Nusa Tenggara Barat,2.75,4.899999999999999,35.37619776185772,2023,2,58,1,27,0.8660254037844386,0.5000000000000001,0.8402480696078469,0.5422021592729844,Rainy Season,1,8,4,9.9
2023-02-28,97240,NB,Nusa Tenggara Barat,24.3,28.9,26.5,84.0,5.8,9.5,,1010.9,,Mataram / Lombok,NTB,Nusa Tenggara Barat,2.638888888888889,4.599999999999998,35.33289443253125,2023,2,59,1,28,0.8660254037844386,0.5000000000000001,0.8494504794814806,0.527668345562516,Rainy Season,1,8,4,5.8
2023-03-01,97240,NB,Nusa Tenggara Barat,24.6,28.1,26.1,86.0,9.4,9.3,,1010.7,,Mataram / Lombok,NTB,Nusa Tenggara Barat,2.5833333333333335,3.5,33.3527935709045,2023,3,60,1,1,1.0,6.123233995736766e-17,0.8584015232918917,0.512978386299228,Rainy Season,1,8,4,9.4
2023-03-02,97240,NB,Nusa Tenggara Barat,24.1,28.3,26.1,86.0,6.4,9.0,,1011.3,,Mataram / Lombok,NTB,Nusa Tenggara Barat,2.5,4.199999999999999,33.942863358984546,2023,3,61,1,2,1.0,6.123233995736766e-17,0.8670985522812081,0.4981366284784055,Rainy Season,1,8,4,6.4
2023-03-03,97240,NB,Nusa Tenggara Barat,23.6,30.2,26.7,83.0,7.6,6.9,,1012.5,,Mataram / Lombok,NTB,Nusa Tenggara Barat,1.9166666666666667,6.599999999999998,39.19946082967129,2023,3,62,1,3,1.0,6.123233995736766e-17,0.8755389928586302,0.4831474640149687,Rainy Season,1,8,4,7.6
2023-03-04,97240,NB,Nusa Tenggara Barat,23.6,30.5,26.9,81.0,7.2,6.7,,1012.9,,Mataram / Lombok,NTB,Nusa Tenggara Barat,1.8611111111111112,6.899999999999999,39.55713075844429,2023,3,63,1,4,1.0,6.123233995736766e-17,0.8837203473619977,0.4680153284438345,Rainy Season,1,8,4,7.2
2023-03-05,97240,NB,Nusa Tenggara Barat,23.6,29.7,26.5,84.0,5.0,7.3,,1012.4,,Mataram / Lombok,NTB,Nusa Tenggara Barat,2.0277777777777777,6.099999999999998,37.84583512629129,2023,3,64,1,5,1.0,6.123233995736766e-17,0.8916401947968874,0.45274469960737107,Rainy Season,1,8,4,5.0
2023-03-06,97240,NB,Nusa Tenggara Barat,23.9,28.8,26.3,85.0,19.7,6.3,,1011.8,,Mataram / Lombok,NTB,Nusa Tenggara Barat,1.75,4.900000000000002,35.25007556499555,2023,3,65,1,6,1.0,6.123233995736766e-17,0.8992961915530253,0.4373400963303323,Rainy Season,1,8,4,19.7
2023-03-07,97240,NB,Nusa Tenggara Barat,23.2,29.3,26.0,87.0,1.6,7.9,,1011.5,,Mataram / Lombok,NTB,Nusa Tenggara Barat,2.1944444444444446,6.100000000000001,37.334795495457925,2023,3,66,1,7,1.0,6.123233995736766e-17,0.9066860720977985,0.4218060770826634,Rainy Season,1,8,4,1.6
2023-03-08,97240,NB,Nusa Tenggara Barat,23.8,29.7,26.3,87.0,1.4,5.8,,1012.3,,Mataram / Lombok,NTB,Nusa Tenggara Barat,1.611111111111111,5.899999999999999,38.7017274906579,2023,3,67,1,8,1.0,6.123233995736766e-17,0.9138076496466615,0.4061472386305789,Rainy Season,1,8,4,1.4
2023-03-09,97240,NB,Nusa Tenggara Barat,23.5,30.3,26.8,84.0,1.4,4.2,,1011.7,,Mataram / Lombok,NTB,Nusa Tenggara Barat,1.1666666666666667,6.800000000000001,39.85503100029116,2023,3,68,1,9,1.0,6.123233995736766e-17,0.9206588168102428,0.3903682146763026,Rainy Season,1,8,4,1.4
2023-03-10,97240,NB,Nusa Tenggara Barat,23.6,31.4,27.0,84.0,0.9,4.2,,1011.0,,Mataram / Lombok,NTB,Nusa Tenggara Barat,1.1666666666666667,7.799999999999997,43.81569600903108,2023,3,69,1,10,1.0,6.123233995736766e-17,0.9272375462179537,0.374473674486883,Rainy Season,1,8,4,0.9
2023-03-11,97240,NB,Nusa Tenggara Barat,23.4,32.3,27.5,81.0,0.0,4.8,,1011.1,,Mataram / Lombok,NTB,Nusa Tenggara Barat,1.3333333333333333,8.899999999999999,45.924689850284416,2023,3,70,1,11,1.0,6.123233995736766e-17,0.9335418911179212,0.35846832151248087,Rainy Season,1,8,4,0.0
2023-03-12,97240,NB,Nusa Tenggara Barat,23.1,31.9,27.2,81.0,0.4,4.5,,1010.8,,Mataram / Lombok,NTB,Nusa Tenggara Barat,1.25,8.799999999999997,44.429405929004474,2023,3,71,1,12,1.0,6.123233995736766e-17,0.9395699859530622,0.342356891994542,Rainy Season,1,8,4,0.4
2023-03-13,97240,NB,Nusa Tenggara Barat,23.5,30.9,27.0,81.0,2.1,4.6,,1010.0,,Mataram / Lombok,NTB,Nusa Tenggara Barat,1.2777777777777777,7.399999999999999,40.891873100204506,2023,3,72,1,13,1.0,6.123233995736766e-17,0.945320046913132,0.3261441535642696,Rainy Season,1,8,4,2.1
2023-03-14,97240,NB,Nusa Tenggara Barat,23.1,30.2,26.3,84.0,2.2,4.2,,1009.8,,Mataram / Lombok,NTB,Nusa Tenggara Barat,1.1666666666666667,7.099999999999998,39.512754881191334,2023,3,73,1,14,1.0,6.123233995736766e-17,0.9507903724625832,0.3098349038318025,Rainy Season,1,8,4,2.2
2023-03-15,97240,NB,Nusa Tenggara Barat,23.3,30.8,26.5,85.0,0.8,4.2,,1010.8,,Mataram / Lombok,NTB,Nusa Tenggara Barat,1.1666666666666667,7.5,41.97328606419557,2023,3,74,1,15,1.0,6.123233995736766e-17,0.9559793438440766,0.2934339689665273,Rainy Season,1,8,4,0.8
2023-03-16,97240,NB,Nusa Tenggara Barat,23.9,31.7,27.3,82.0,4.4,4.7,,1011.3,,Mataram / Lombok,NTB,Nusa Tenggara Barat,1.3055555555555556,7.800000000000001,44.11273860873574,2023,3,75,1,16,1.0,6.123233995736766e-17,0.9608854255574977,0.27694620226893646,Rainy Season,1,8,4,4.4
2023-03-17,97240,NB,Nusa Tenggara Barat,24.1,31.0,26.8,86.0,5.5,4.1,,1011.1,,Mataram / Lombok,NTB,Nusa Tenggara Barat,1.1388888888888888,6.899999999999999,43.094333160444656,2023,3,76,1,17,1.0,6.123233995736766e-17,0.9655071658143364,0.2603764827344581,Rainy Season,1,8,4,5.5
2023-03-18,97240,NB,Nusa Tenggara Barat,23.9,31.0,27.1,86.0,3.3,4.0,,1010.4,,Mataram / Lombok,NTB,Nusa Tenggara Barat,1.1111111111111112,7.100000000000001,43.094333160444656,2023,3,77,1,18,1.0,6.123233995736766e-17,0.969843196967294,0.24372971360968387,Rainy Season,1,8,4,3.3
2023-03-19,97240,NB,Nusa Tenggara Barat,24.0,31.5,27.5,85.0,6.7,4.1,,1010.0,,Mataram / Lombok,NTB,Nusa Tenggara Barat,1.1388888888888888,7.5,44.60954908155565,2023,3,78,1,19,1.0,6.123233995736766e-17,0.9738922359149924,0.22701082094141847,Rainy Season,1,8,4,6.7
2023-03-20,97240,NB,Nusa Tenggara Barat,24.6,31.1,27.5,86.0,9.3,4.5,,1009.4,,Mataram / Lombok,NTB,Nusa Tenggara Barat,1.25,6.5,43.4756708345047,2023,3,79,1,20,1.0,6.123233995736766e-17,0.9776530844816641,0.2102247521189836,Rainy Season,1,8,4,9.3
2023-03-21,97240,NB,Nusa Tenggara Barat,24.3,31.6,27.5,84.0,1.1,3.9,,1009.5,,Mataram / Lombok,NTB,Nusa Tenggara Barat,1.0833333333333333,7.300000000000001,44.57434964823116,2023,3,80,1,21,1.0,6.123233995736766e-17,0.981124629771712,0.19337647441020586,Rainy Season,1,8,4,1.1
2023-03-22,97240,NB,Nusa Tenggara Barat,24.3,31.1,27.1,86.0,4.7,4.1,,1009.2,,Mataram / Lombok,NTB,Nusa Tenggara Barat,1.1388888888888888,6.800000000000001,43.4756708345047,2023,3,81,1,22,1.0,6.123233995736766e-17,0.984305844499033,0.17647097349152166,Rainy Season,1,8,4,4.7
2023-03-23,97240,NB,Nusa Tenggara Barat,24.0,31.5,27.2,86.0,1.6,4.1,,1009.0,,Mataram / Lombok,NTB,Nusa Tenggara Barat,1.1388888888888888,7.5,45.031303207944504,2023,3,82,1,23,1.0,6.123233995736766e-17,0.9871957872910085,0.15951325197263655,Rainy Season,1,8,4,1.6
2023-03-24,97240,NB,Nusa Tenggara Barat,23.9,31.2,27.1,87.0,3.9,3.6,,1009.5,,Mataram / Lombok,NTB,Nusa Tenggara Barat,1.0,7.300000000000001,44.263773703857986,2023,3,83,1,24,1.0,6.123233995736766e-17,0.9897936029670716,0.14250832791617088,Rainy Season,1,8,4,3.9
2023-03-25,97240,NB,Nusa Tenggara Barat,24.2,30.9,27.2,85.0,1.1,4.8,,1009.7,,Mataram / Lombok,NTB,Nusa Tenggara Barat,1.3333333333333333,6.699999999999999,42.340906516115616,2023,3,84,1,25,1.0,6.123233995736766e-17,0.992098522791769,0.12546123335273648,Rainy Season,1,8,4,1.1
2023-03-26,97240,NB,Nusa Tenggara Barat,24.5,30.5,27.3,84.0,7.9,5.0,,1009.3,,Mataram / Lombok,NTB,Nusa Tenggara Barat,1.3888888888888888,6.0,40.548475406611004,2023,3,85,1,26,1.0,6.123233995736766e-17,0.9941098647022418,0.10837701279187609,Rainy Season,1,8,4,7.9
2023-03-27,97240,NB,Nusa Tenggara Barat,24.0,30.4,26.7,87.0,17.2,5.2,,1009.3,,Mataram / Lombok,NTB,Nusa Tenggara Barat,1.4444444444444444,6.399999999999999,41.21166881489776,2023,3,86,1,27,1.0,6.123233995736766e-17,0.9958270335100595,0.09126072172931188,Rainy Season,1,8,4,17.2
2023-03-28,97240,NB,Nusa Tenggara Barat,23.8,30.7,26.9,86.0,8.7,4.8,,1009.9,,Mataram / Lombok,NTB,Nusa Tenggara Barat,1.3333333333333333,6.899999999999999,41.96848914458449,2023,3,87,1,28,1.0,6.123233995736766e-17,0.9972495210773451,0.07411742515094437,Rainy Season,1,8,4,8.7
2023-03-29,97240,NB,Nusa Tenggara Barat,24.0,31.2,27.0,86.0,6.1,4.1,,1009.8,,Mataram / Lombok,NTB,Nusa Tenggara Barat,1.1388888888888888,7.199999999999999,43.86003667628452,2023,3,88,1,29,1.0,6.123233995736766e-17,0.998376906467142,0.056952196034039754,Rainy Season,1,8,4,6.1
2023-03-30,97240,NB,Nusa Tenggara Barat,24.3,30.1,27.0,86.0,4.5,4.1,,1008.9,,Mataram / Lombok,NTB,Nusa Tenggara Barat,1.1388888888888888,5.800000000000001,39.79856164130462,2023,3,89,1,30,1.0,6.123233995736766e-17,0.9992088560679753,0.03977011384605572,Rainy Season,1,8,4,4.5
2023-03-31,97240,NB,Nusa Tenggara Barat,24.1,29.9,26.5,86.0,8.8,4.1,,1009.5,,Mataram / Lombok,NTB,Nusa Tenggara Barat,1.1388888888888888,5.799999999999997,39.099477815304574,2023,3,90,1,31,1.0,6.123233995736766e-17,0.9997451236925734,0.022576263041545485,Rainy Season,1,8,4,8.8
2023-04-01,97240,NB,Nusa Tenggara Barat,24.1,29.6,26.3,88.0,13.8,4.4,,1009.9,,Mataram / Lombok,NTB,Nusa Tenggara Barat,1.2222222222222223,5.5,38.64106638979562,2023,4,91,2,1,0.8660254037844387,-0.4999999999999998,0.9999855506507186,0.005375731557583884,Transition,2,8,4,13.8
2023-04-02,97240,NB,Nusa Tenggara Barat,23.7,29.4,26.0,89.0,10.1,4.5,,1009.1,,Mataram / Lombok,NTB,Nusa Tenggara Barat,1.25,5.699999999999999,38.2171384252978,2023,4,92,2,2,0.8660254037844387,-0.4999999999999998,0.9999300657962057,-0.011826390691832589,Transition,2,8,4,10.1
2023-04-03,97240,NB,Nusa Tenggara Barat,24.0,29.4,26.4,88.0,13.0,4.8,,1008.8,,Mataram / Lombok,NTB,Nusa Tenggara Barat,1.3333333333333333,5.399999999999999,37.94273089459566,2023,4,93,2,3,0.8660254037844387,-0.4999999999999998,0.9995786855478958,-0.029025013321975237,Transition,2,8,4,13.0
2023-04-04,97240,NB,Nusa Tenggara Barat,24.2,29.3,26.2,88.0,25.0,4.4,,1009.9,,Mataram / Lombok,NTB,Nusa Tenggara Barat,1.2222222222222223,5.100000000000001,37.59820070641572,2023,4,94,2,4,0.8660254037844387,-0.4999999999999998,0.9989315138848577,-0.046215046983708354,Transition,2,8,4,25.0
2023-04-05,97240,NB,Nusa Tenggara Barat,23.8,30.0,26.5,87.0,5.2,4.2,,1010.0,,Mataram / Lombok,NTB,Nusa Tenggara Barat,1.1666666666666667,6.199999999999999,39.75905657777783,2023,4,95,2,5,0.8660254037844387,-0.4999999999999998,0.9979887423155984,-0.06339140486951038,Transition,2,8,4,5.2
2023-04-06,97240,NB,Nusa Tenggara Barat,23.6,31.6,26.9,87.0,2.0,4.3,,1010.2,,Mataram / Lombok,NTB,Nusa Tenggara Barat,1.1944444444444444,8.0,45.86326635569789,2023,4,96,2,6,0.8660254037844387,-0.4999999999999998,0.9967506498213929,-0.08054900421874167,Transition,2,8,4,2.0
2023-04-07,97240,NB,Nusa Tenggara Barat,24.1,30.3,26.9,85.0,5.0,5.2,,1010.7,,Mataram / Lombok,NTB,Nusa Tenggara Barat,1.4444444444444444,6.199999999999999,40.18012655739564,2023,4,97,2,7,0.8660254037844387,-0.4999999999999998,0.9952176027737294,-0.09768276782171598,Transition,2,8,4,5.0
2023-04-08,97240,NB,Nusa Tenggara Barat,23.9,30.2,26.7,85.0,5.1,5.1,,1011.2,,Mataram / Lombok,NTB,Nusa Tenggara Barat,1.4166666666666665,6.300000000000001,39.83048320659559,2023,4,98,2,8,0.8660254037844387,-0.4999999999999998,0.9933900548258936,-0.11478762552212701,Transition,2,8,4,5.1
2023-04-09,97240,NB,Nusa Tenggara Barat,24.0,29.4,26.5,86.0,5.6,5.5,,1010.8,,Mataram / Lombok,NTB,Nusa Tenggara Barat,1.5277777777777777,5.399999999999999,37.40476118540448,2023,4,99,2,9,0.8660254037844387,-0.4999999999999998,0.9912685467787256,-0.13185851571739118,Transition,2,8,4,5.6
2023-04-10,97240,NB,Nusa Tenggara Barat,24.0,29.4,26.6,85.0,15.2,6.6,,1009.7,,Mataram / Lombok,NTB,Nusa Tenggara Barat,1.8333333333333333,5.399999999999999,37.14119900691562,2023,4,100,2,10,0.8660254037844387,-0.4999999999999998,0.9888537064205885,-0.1488903868564548,Transition,2,8,4,15.2
2023-04-11,97240,NB,Nusa Tenggara Barat,24.2,29.6,26.9,86.0,19.3,6.2,,1009.1,,Mataram / Lombok,NTB,Nusa Tenggara Barat,1.7222222222222223,5.400000000000002,38.073563334204316,2023,4,101,2,11,0.8660254037844387,-0.4999999999999998,0.986146248341595,-0.16587819893463143,Transition,2,8,4,19.3
2023-04-12,97240,NB,Nusa Tenggara Barat,24.8,30.6,27.4,85.0,16.3,5.9,,1008.7,,Mataram / Lombok,NTB,Nusa Tenggara Barat,1.6388888888888888,5.800000000000001,41.24703371091566,2023,4,102,2,12,0.8660254037844387,-0.4999999999999998,0.9831469737221499,-0.1828169249850199,Transition,2,8,4,16.3
2023-04-13,97240,NB,Nusa Tenggara Barat,25.0,29.4,26.9,87.0,5.5,5.4,,1009.3,,Mataram / Lombok,NTB,Nusa Tenggara Barat,1.5,4.399999999999999,37.671938481297886,2023,4,103,2,13,0.8660254037844387,-0.4999999999999998,0.9798567700958665,-0.1997015525660636,Transition,2,8,4,5.5
2023-04-14,97240,NB,Nusa Tenggara Barat,24.2,29.9,27.0,85.0,7.7,5.3,,1009.7,,Mataram / Lombok,NTB,Nusa Tenggara Barat,1.472222222222222,5.699999999999999,38.79953025531557,2023,4,104,2,14,0.8660254037844387,-0.4999999999999998,0.9762766110869321,-0.21652708524481437,Transition,2,8,4,7.7
2023-04-15,97240,NB,Nusa Tenggara Barat,24.1,31.3,27.2,83.0,1.7,5.2,,1009.5,,Mataram / Lombok,NTB,Nusa Tenggara Barat,1.4444444444444444,7.199999999999999,43.04582602927109,2023,4,105,2,15,0.8660254037844387,-0.4999999999999998,0.9724075561219968,-0.23328854407545518,Transition,2,8,4,1.7
2023-04-16,97240,NB,Nusa Tenggara Barat,24.0,31.5,27.3,83.0,1.4,4.8,,1009.3,,Mataram / Lombok,NTB,Nusa Tenggara Barat,1.3333333333333333,7.5,43.78327836511126,2023,4,106,2,16,0.8660254037844387,-0.4999999999999998,0.9682507501166718,-0.2499809690726521,Transition,2,8,4,1.4
2023-04-17,97240,NB,Nusa Tenggara Barat,23.6,31.2,27.1,84.0,0.2,3.8,,1011.0,,Mataram / Lombok,NTB,Nusa Tenggara Barat,1.0555555555555556,7.599999999999998,43.06889859399137,2023,4,107,2,17,0.8660254037844387,-0.4999999999999998,0.9638074231367307,-0.26659942067929354,Transition,2,8,4,0.2
2023-04-18,97240,NB,Nusa Tenggara Barat,23.6,32.0,27.5,83.0,2.3,4.0,,1011.9,,Mataram / Lombok,NTB,Nusa Tenggara Barat,1.1111111111111112,8.399999999999999,45.67821544711137,2023,4,108,2,18,0.8660254037844387,-0.4999999999999998,0.9590788900341131,-0.28313898122818354,Transition,2,8,4,2.3
2023-04-19,97240,NB,Nusa Tenggara Barat,24.1,31.6,27.7,82.0,0.7,4.6,,1010.0,,Mataram / Lombok,NTB,Nusa Tenggara Barat,1.2777777777777777,7.5,43.74430050627558,2023,4,109,2,19,0.8660254037844387,-0.4999999999999998,0.9540665500578387,-0.2995947563972602,Transition,2,8,4,0.7
2023-04-20,97240,NB,Nusa Tenggara Barat,24.5,30.9,27.5,83.0,2.6,6.2,,1008.1,,Mataram / Lombok,NTB,Nusa Tenggara Barat,1.7222222222222223,6.399999999999999,41.60610278095121,2023,4,110,2,20,0.8660254037844387,-0.4999999999999998,0.9487718864399473,-0.31596187665790293,Transition,2,8,4,2.6
2023-04-21,97240,NB,Nusa Tenggara Barat,24.2,30.7,27.2,83.0,1.8,5.5,,1008.9,,Mataram / Lombok,NTB,Nusa Tenggara Barat,1.5277777777777777,6.5,40.90383186847127,2023,4,111,2,21,0.8660254037844387,-0.4999999999999998,0.9431964659565866,-0.33223549871590435,Transition,2,8,4,1.8
2023-04-22,97240,NB,Nusa Tenggara Barat,24.1,31.7,27.5,81.0,0.7,5.0,,1009.5,,Mataram / Lombok,NTB,Nusa Tenggara Barat,1.3888888888888888,7.599999999999998,43.69896485188444,2023,4,112,2,22,0.8660254037844387,-0.4999999999999998,0.9373419384643772,-0.3484108069446808,Transition,2,8,4,0.7
2023-04-23,97240,NB,Nusa Tenggara Barat,23.8,32.4,27.7,80.0,0.0,4.7,,1009.9,,Mataram / Lombok,NTB,Nusa Tenggara Barat,1.3055555555555556,8.599999999999998,45.84500768193783,2023,4,113,2,23,0.8660254037844387,-0.4999999999999998,0.9312100364121947,-0.3644830148102912,Transition,2,8,4,0.0
2023-04-24,97240,NB,Nusa Tenggara Barat,23.6,32.4,27.8,82.0,0.5,4.7,,1009.7,,Mataram / Lombok,NTB,Nusa Tenggara Barat,1.3055555555555556,8.799999999999997,46.772987720675786,2023,4,114,2,24,0.8660254037844387,-0.4999999999999998,0.9248025743285089,-0.38044736628785164,Transition,2,8,4,0.5
2023-04-25,97240,NB,Nusa Tenggara Barat,24.5,31.9,27.5,84.0,11.6,4.0,,1009.5,,Mataram / Lombok,NTB,Nusa Tenggara Barat,1.1111111111111112,7.399999999999999,45.734560527331155,2023,4,115,2,25,0.8660254037844387,-0.4999999999999998,0.9181214482844364,-0.39629913726891813,Transition,2,8,4,11.6
2023-04-26,97240,NB,Nusa Tenggara Barat,24.5,31.6,27.5,85.0,4.0,4.6,,1009.1,,Mataram / Lombok,NTB,Nusa Tenggara Barat,1.2777777777777777,7.100000000000001,44.99814281811551,2023,4,116,2,26,0.8660254037844387,-0.4999999999999998,0.9111686353326631,-0.41203363695942635,Transition,2,8,4,4.0
2023-04-27,97240,NB,Nusa Tenggara Barat,24.8,31.3,27.5,86.0,6.4,5.8,,1009.3,,Mataram / Lombok,NTB,Nusa Tenggara Barat,1.611111111111111,6.5,44.247430685784465,2023,4,117,2,27,0.8660254037844387,-0.4999999999999998,0.9039461929224011,-0.42764620926777464,Transition,2,8,4,6.4
2023-04-28,97240,NB,Nusa Tenggara Barat,24.8,30.4,27.0,88.0,5.3,4.1,,1009.3,,Mataram / Lombok,NTB,Nusa Tenggara Barat,1.1388888888888888,5.599999999999998,41.55807662179568,2023,4,118,2,28,0.8660254037844387,-0.4999999999999998,0.8964562582905575,-0.44313223418263453,Transition,2,8,4,5.3
2023-04-29,97240,NB,Nusa Tenggara Barat,24.4,30.6,26.8,88.0,17.7,3.9,,1009.1,,Mataram / Lombok,NTB,Nusa Tenggara Barat,1.0833333333333333,6.200000000000003,42.318246242595514,2023,4,119,2,29,0.8660254037844387,-0.4999999999999998,0.8887010478292915,-0.45848712914008766,Transition,2,8,4,17.7
2023-04-30,97240,NB,Nusa Tenggara Barat,23.7,31.4,27.1,85.0,3.2,4.0,,1008.7,,Mataram / Lombok,NTB,Nusa Tenggara Barat,1.1111111111111112,7.699999999999999,44.223951528515556,2023,4,120,2,30,0.8660254037844387,-0.4999999999999998,0.8806828564301475,-0.47370635037968,Transition,2,8,4,3.2
2023-05-01,97240,NB,Nusa Tenggara Barat,23.8,31.5,27.5,82.0,0.9,4.4,,1008.8,,Mataram / Lombok,NTB,Nusa Tenggara Barat,1.2222222222222223,7.699999999999999,43.37876177505563,2023,5,121,2,1,0.49999999999999994,-0.8660254037844387,0.8724040568049612,-0.48878539428899265,Transition,2,8,4,0.9
2023-05-02,97240,NB,Nusa Tenggara Barat,24.0,31.6,27.5,83.0,0.3,4.1,,1010.4,,Mataram / Lombok,NTB,Nusa Tenggara Barat,1.1388888888888888,7.600000000000001,44.156402210951136,2023,5,122,2,2,0.49999999999999994,-0.8660254037844387,0.8638670987837349,-0.503719798736334,Transition,2,8,4,0.3
2023-05-03,97240,NB,Nusa Tenggara Barat,24.0,32.2,27.7,84.0,1.7,4.5,,1010.5,,Mataram / Lombok,NTB,Nusa Tenggara Barat,1.25,8.200000000000003,46.921447910791194,2023,5,123,2,3,0.49999999999999994,-0.8660254037844387,0.8550745085896932,-0.518505144391157,Transition,2,8,4,1.7
2023-05-04,97240,NB,Nusa Tenggara Barat,24.4,31.8,27.7,83.0,1.6,4.5,,1009.8,,Mataram / Lombok,NTB,Nusa Tenggara Barat,1.25,7.400000000000002,44.911445258471005,2023,5,124,2,4,0.49999999999999994,-0.8660254037844387,0.8460288880917339,-0.533137056031809,Transition,2,8,4,1.6
2023-05-05,97240,NB,Nusa Tenggara Barat,24.7,31.9,27.9,83.0,9.2,5.5,,1008.5,,Mataram / Lombok,NTB,Nusa Tenggara Barat,1.5277777777777777,7.199999999999999,45.29336446015126,2023,5,125,2,5,0.49999999999999994,-0.8660254037844387,0.8367329140344921,-0.5476112038402312,Transition,2,8,4,9.2
2023-05-06,97240,NB,Nusa Tenggara Barat,25.1,31.6,28.0,82.0,0.8,7.7,,1008.4,,Mataram / Lombok,NTB,Nusa Tenggara Barat,2.138888888888889,6.5,43.74430050627558,2023,5,126,2,6,0.49999999999999994,-0.8660254037844387,0.8271893372462497,-0.5619233046832195,Transition,2,8,4,0.8
2023-05-07,97240,NB,Nusa Tenggara Barat,24.1,31.8,27.6,81.0,1.0,6.9,,1009.0,,Mataram / Lombok,NTB,Nusa Tenggara Barat,1.9166666666666667,7.699999999999999,44.06275198348442,2023,5,127,2,7,0.49999999999999994,-0.8660254037844387,0.8174009818249189,-0.5760691233798758,Transition,2,8,4,1.0
2023-05-08,97240,NB,Nusa Tenggara Barat,24.0,31.1,27.4,85.0,2.3,5.8,,1009.7,,Mataram / Lombok,NTB,Nusa Tenggara Barat,1.611111111111111,7.100000000000001,43.085135970515715,2023,5,128,2,8,0.49999999999999994,-0.8660254037844387,0.8073707443023492,-0.5900444739548627,Transition,2,8,4,2.3
2023-05-09,97240,NB,Nusa Tenggara Barat,25.1,30.6,27.4,86.0,13.7,7.7,,1010.4,,Mataram / Lombok,NTB,Nusa Tenggara Barat,2.138888888888889,5.5,41.599264141404454,2023,5,129,2,9,0.49999999999999994,-0.8660254037844387,0.7971015927871943,-0.6038452208771035,Transition,2,8,4,13.7
2023-05-10,97240,NB,Nusa Tenggara Barat,24.9,30.5,27.3,86.0,3.7,6.1,,1011.3,,Mataram / Lombok,NTB,Nusa Tenggara Barat,1.6944444444444442,5.600000000000001,41.23306730594427,2023,5,130,2,10,0.49999999999999994,-0.8660254037844387,0.7865965660866021,-0.6174672802835514,Transition,2,8,4,3.7
2023-05-11,97240,NB,Nusa Tenggara Barat,25.0,31.0,27.8,84.0,5.9,7.7,,1012.4,,Mataram / Lombok,NTB,Nusa Tenggara Barat,2.138888888888889,6.0,42.33395740311135,2023,5,131,2,11,0.49999999999999994,-0.8660254037844387,0.7758587728069828,-0.6309066211876704,Transition,2,8,4,5.9
2023-05-12,97240,NB,Nusa Tenggara Barat,24.7,31.4,27.7,82.0,0.2,10.6,,1013.0,,Mataram / Lombok,NTB,Nusa Tenggara Barat,2.944444444444444,6.699999999999999,43.01612241507569,2023,5,132,2,12,0.49999999999999994,-0.8660254037844387,0.7648913904341225,-0.6441592666722685,Transition,2,8,4,0.2
2023-05-13,97240,NB,Nusa Tenggara Barat,23.3,30.9,26.6,80.0,0.0,12.2,,1013.2,,Mataram / Lombok,NTB,Nusa Tenggara Barat,3.3888888888888884,7.599999999999998,40.5424735302379,2023,5,133,2,13,0.49999999999999994,-0.8660254037844387,0.753697664392914,-0.6572212950663319,Transition,2,8,4,0.0
2023-05-14,97240,NB,Nusa Tenggara Barat,22.2,30.5,25.9,78.0,0.0,10.6,,1013.8,,Mataram / Lombok,NTB,Nusa Tenggara Barat,2.944444444444444,8.3,38.60843795127781,2023,5,134,2,14,0.49999999999999994,-0.8660254037844387,0.742280907086982,-0.6700888411055113,Transition,2,8,4,0.0
2023-05-15,97240,NB,Nusa Tenggara Barat,21.0,30.2,25.3,77.0,0.0,7.5,,1013.8,,Mataram / Lombok,NTB,Nusa Tenggara Barat,2.0833333333333335,9.2,37.41281627212461,2023,5,135,2,15,0.49999999999999994,-0.8660254037844387,0.7306444969184916,-0.6827580970759147,Transition,2,8,4,0.0
2023-05-16,97240,NB,Nusa Tenggara Barat,20.5,30.7,25.2,79.0,0.0,5.5,,1014.1,,Mataram / Lombok,NTB,Nusa Tenggara Barat,1.5277777777777777,10.2,39.553471094835594,2023,5,136,2,16,0.49999999999999994,-0.8660254037844387,0.7187918772884232,-0.6952253139408722,Transition,2,8,4,0.0
2023-05-17,97240,NB,Nusa Tenggara Barat,21.0,30.4,25.5,79.0,0.2,4.8,,1014.1,,Mataram / Lombok,NTB,Nusa Tenggara Barat,1.3333333333333333,9.399999999999999,38.60736104707568,2023,5,137,2,17,0.49999999999999994,-0.8660254037844387,0.7067265555776158,-0.7074868024503348,Transition,2,8,4,0.2
2023-05-18,97240,NB,Nusa Tenggara Barat,21.4,31.0,26.0,80.0,0.2,4.8,,1013.8,,Mataram / Lombok,NTB,Nusa Tenggara Barat,1.3333333333333333,9.600000000000001,40.87613701377783,2023,5,138,2,18,0.49999999999999994,-0.8660254037844387,0.6944521021088763,-0.719538934232584,Transition,2,8,4,0.2
2023-05-19,97240,NB,Nusa Tenggara Barat,22.1,31.4,26.4,81.0,0.5,5.7,,1013.3,,Mataram / Lombok,NTB,Nusa Tenggara Barat,1.5833333333333333,9.299999999999997,42.62480434060449,2023,5,139,2,19,0.49999999999999994,-0.8660254037844387,0.6819721490904629,-0.7313781428679254,Transition,2,8,4,0.5
2023-05-20,97240,NB,Nusa Tenggara Barat,22.5,30.9,26.3,80.0,0.4,8.9,,1012.9,,Mataram / Lombok,NTB,Nusa Tenggara Barat,2.4722222222222223,8.399999999999999,40.5424735302379,2023,5,140,2,20,0.49999999999999994,-0.8660254037844387,0.6692903895412567,-0.7430009249440493,Transition,2,8,4,0.4
2023-05-21,97240,NB,Nusa Tenggara Barat,21.9,30.8,26.0,78.0,0.0,9.0,,1013.7,,Mataram / Lombok,NTB,Nusa Tenggara Barat,2.5,8.900000000000002,39.542285762737876,2023,5,141,2,21,0.49999999999999994,-0.8660254037844387,0.6564105761979381,-0.7544038410927472,Transition,2,8,4,0.0
2023-05-22,97240,NB,Nusa Tenggara Barat,21.5,30.6,25.9,78.0,0.0,6.8,,1013.8,,Mataram / Lombok,NTB,Nusa Tenggara Barat,1.8888888888888888,9.100000000000001,38.91695227281785,2023,5,142,2,22,0.49999999999999994,-0.8660254037844387,0.6433365204044917,-0.765583517007675,Transition,2,8,4,0.0
2023-05-23,97240,NB,Nusa Tenggara Barat,21.4,31.1,26.0,79.0,0.0,4.5,,1013.6,,Mataram / Lombok,NTB,Nusa Tenggara Barat,1.25,9.700000000000003,40.85416893067567,2023,5,143,2,23,0.49999999999999994,-0.8660254037844387,0.6300720909843687,-0.7765366444428655,Transition,2,8,4,0.0
2023-05-24,97240,NB,Nusa Tenggara Barat,21.8,31.6,26.3,80.0,0.0,4.4,,1014.1,,Mataram / Lombok,NTB,Nusa Tenggara Barat,1.2222222222222223,9.8,42.937634294737755,2023,5,144,2,24,0.49999999999999994,-0.8660254037844387,0.6166212130956382,-0.7872599821916922,Transition,2,8,4,0.0
2023-05-25,97240,NB,Nusa Tenggara Barat,22.0,31.0,26.2,82.0,0.0,6.5,,1014.0,,Mataram / Lombok,NTB,Nusa Tenggara Barat,1.8055555555555556,9.0,41.594558687555924,2023,5,145,2,25,0.49999999999999994,-0.8660254037844387,0.6029878670694714,-0.7977503570459932,Transition,2,8,4,0.0
2023-05-26,97240,NB,Nusa Tenggara Barat,22.3,30.5,26.2,81.0,0.0,8.4,,1013.6,,Mataram / Lombok,NTB,Nusa Tenggara Barat,2.3333333333333335,8.2,39.55713075844429,2023,5,146,2,26,0.49999999999999994,-0.8660254037844387,0.5891760872322963,-0.8080046647350754,Transition,2,8,4,0.0
2023-05-27,97240,NB,Nusa Tenggara Barat,21.9,30.1,25.7,79.0,0.0,10.2,,1012.3,,Mataram / Lombok,NTB,Nusa Tenggara Barat,2.833333333333333,8.200000000000003,37.68646242427567,2023,5,147,2,27,0.49999999999999994,-0.8660254037844387,0.5751899607119775,-0.8180198708443174,Transition,2,8,4,0.0
2023-05-28,97240,NB,Nusa Tenggara Barat,21.4,30.3,25.5,78.0,0.0,7.6,,1011.6,,Mataram / Lombok,NTB,Nusa Tenggara Barat,2.111111111111111,8.900000000000002,37.99971415503779,2023,5,148,2,28,0.49999999999999994,-0.8660254037844387,0.5610336262283677,-0.8277930117131022,Transition,2,8,4,0.0
2023-05-29,97240,NB,Nusa Tenggara Barat,20.6,30.6,25.5,78.0,0.0,5.9,,1012.0,,Mataram / Lombok,NTB,Nusa Tenggara Barat,1.6388888888888888,10.0,38.91695227281785,2023,5,149,2,29,0.49999999999999994,-0.8660254037844387,0.5467112728685939,-0.8373211953118121,Transition,2,8,4,0.0
2023-05-30,97240,NB,Nusa Tenggara Barat,21.0,30.9,26.0,80.0,0.0,4.8,,1012.2,,Mataram / Lombok,NTB,Nusa Tenggara Barat,1.3333333333333333,9.899999999999999,40.5424735302379,2023,5,150,2,30,0.49999999999999994,-0.8660254037844387,0.5322271388474397,-0.8466016020976267,Transition,2,8,4,0.0
2023-05-31,97240,NB,Nusa Tenggara Barat,22.5,31.0,26.5,81.0,0.2,7.2,,1012.3,,Mataram / Lombok,NTB,Nusa Tenggara Barat,2.0,8.5,41.23272572044464,2023,5,151,2,31,0.49999999999999994,-0.8660254037844387,0.5175855102531889,-0.8556314858488706,Transition,2,8,4,0.2
2023-06-01,97240,NB,Nusa Tenggara Barat,23.2,30.8,26.7,81.0,1.1,9.0,,1012.0,,Mataram / Lombok,NTB,Nusa Tenggara Barat,2.5,7.600000000000001,40.55388729388446,2023,6,152,2,1,1.2246467991473532e-16,-1.0,0.5027907197793043,-0.8644081744776648,Dry Season,0,8,4,1.1
2023-06-02,97240,NB,Nusa Tenggara Barat,23.6,30.4,26.8,82.0,3.4,10.7,,1012.6,,Mataram / Lombok,NTB,Nusa Tenggara Barat,2.972222222222222,6.799999999999997,39.549194233475625,2023,6,153,2,2,1.2246467991473532e-16,-1.0,0.4878471454423119,-0.8729290708206411,Dry Season,0,8,4,3.4
2023-06-03,97240,NB,Nusa Tenggara Barat,23.4,30.4,26.5,80.0,0.0,8.6,,1012.6,,Mataram / Lombok,NTB,Nusa Tenggara Barat,2.388888888888889,7.0,38.916667812337884,2023,6,154,2,3,1.2246467991473532e-16,-1.0,0.47275920928627757,-0.881191653407483,Dry Season,0,8,4,0.0
2023-06-04,97240,NB,Nusa Tenggara Barat,22.6,30.2,26.4,80.0,2.1,7.0,,1011.8,,Mataram / Lombok,NTB,Nusa Tenggara Barat,1.9444444444444444,7.599999999999998,38.286184318417824,2023,6,155,2,4,1.2246467991473532e-16,-1.0,0.4575313760742512,-0.8891934772070711,Dry Season,0,8,4,2.1
2023-06-05,97240,NB,Nusa Tenggara Barat,23.5,30.6,26.7,81.0,2.2,6.1,,1011.3,,Mataram / Lombok,NTB,Nusa Tenggara Barat,1.6944444444444442,7.100000000000001,39.88651612300442,2023,6,156,2,5,1.2246467991473532e-16,-1.0,0.44216815196707204,-0.8969321743510065,Dry Season,0,8,4,2.2
2023-06-06,97240,NB,Nusa Tenggara Barat,23.6,30.5,26.7,82.0,0.5,7.2,,1011.7,,Mataram / Lombok,NTB,Nusa Tenggara Barat,2.0,6.899999999999999,39.88283988105544,2023,6,157,2,6,1.2246467991473532e-16,-1.0,0.42667408318992467,-0.9044054548343001,Dry Season,0,8,4,0.5
2023-06-07,97240,NB,Nusa Tenggara Barat,24.4,30.6,27.0,82.0,0.9,8.3,,1012.8,,Mataram / Lombok,NTB,Nusa Tenggara Barat,2.305555555555556,6.200000000000003,40.21938489987571,2023,6,158,2,7,1.2246467991473532e-16,-1.0,0.4110537546870351,-0.9116111071930239,Dry Season,0,8,4,0.9
2023-06-08,97240,NB,Nusa Tenggara Barat,23.2,31.0,26.7,81.0,0.6,7.4,,1012.8,,Mataram / Lombok,NTB,Nusa Tenggara Barat,2.055555555555556,7.800000000000001,41.23272572044464,2023,6,159,2,8,1.2246467991473532e-16,-1.0,0.3953117887649151,-0.9185469991587165,Dry Season,0,8,4,0.6
2023-06-09,97240,NB,Nusa Tenggara Barat,22.2,30.9,26.4,81.0,0.0,8.2,,1012.1,,Mataram / Lombok,NTB,Nusa Tenggara Barat,2.2777777777777777,8.7,40.891873100204506,2023,6,160,2,9,1.2246467991473532e-16,-1.0,0.37945284372454435,-0.925211078289358,Dry Season,0,8,4,0.0
2023-06-10,97240,NB,Nusa Tenggara Barat,23.3,30.3,26.6,83.0,0.4,7.6,,1011.2,,Mataram / Lombok,NTB,Nusa Tenggara Barat,2.111111111111111,7.0,39.53447146687118,2023,6,161,2,10,1.2246467991473532e-16,-1.0,0.36348161248290634,-0.9316013725767187,Dry Season,0,8,4,0.4
2023-06-11,97240,NB,Nusa Tenggara Barat,24.0,30.9,27.1,82.0,0.8,7.3,,1011.1,,Mataram / Lombok,NTB,Nusa Tenggara Barat,2.0277777777777777,6.899999999999999,41.2464161837756,2023,6,162,2,11,1.2246467991473532e-16,-1.0,0.3474028211842774,-0.9377159910299093,Dry Season,0,8,4,0.8
2023-06-12,97240,NB,Nusa Tenggara Barat,23.9,31.2,27.2,80.0,1.0,8.7,,1012.0,,Mataram / Lombok,NTB,Nusa Tenggara Barat,2.4166666666666665,7.300000000000001,41.55196632081792,2023,6,163,2,12,1.2246467991473532e-16,-1.0,0.3312212278016865,-0.9435531242349544,Dry Season,0,8,4,1.0
2023-06-13,97240,NB,Nusa Tenggara Barat,22.6,30.5,26.3,78.0,0.7,8.5,,1012.1,,Mataram / Lombok,NTB,Nusa Tenggara Barat,2.361111111111111,7.899999999999999,38.60843795127781,2023,6,164,2,13,1.2246467991473532e-16,-1.0,0.31494162072895193,-0.9491110448902284,Dry Season,0,8,4,0.7
2023-06-14,97240,NB,Nusa Tenggara Barat,21.4,29.8,25.9,77.0,0.0,8.3,,1012.8,,Mataram / Lombok,NTB,Nusa Tenggara Barat,2.305555555555556,8.400000000000002,36.265949824124455,2023,6,165,2,14,1.2246467991473532e-16,-1.0,0.2985688173637202,-0.9543881083175908,Dry Season,0,8,4,0.0
2023-06-15,97240,NB,Nusa Tenggara Barat,21.4,30.0,25.5,80.0,0.0,7.1,,1012.8,,Mataram / Lombok,NTB,Nusa Tenggara Barat,1.972222222222222,8.600000000000001,37.6670372777777,2023,6,166,2,15,1.2246467991473532e-16,-1.0,0.2821076626819194,-0.9593827529490743,Dry Season,0,8,4,0.0
2023-06-16,97240,NB,Nusa Tenggara Barat,20.5,30.1,25.2,82.0,0.0,5.2,,1012.3,,Mataram / Lombok,NTB,Nusa Tenggara Barat,1.4444444444444444,9.600000000000001,38.565653518175615,2023,6,167,2,16,1.2246467991473532e-16,-1.0,0.26556302780405594,-0.9640935007889755,Dry Season,0,8,4,0.0
2023-06-17,97240,NB,Nusa Tenggara Barat,20.9,30.6,25.6,80.0,0.0,5.0,,1012.6,,Mataram / Lombok,NTB,Nusa Tenggara Barat,1.3888888888888888,9.700000000000003,39.558487759537755,2023,6,168,2,17,1.2246467991473532e-16,-1.0,0.24893980855376657,-0.9685189578512204,Dry Season,0,8,4,0.0
2023-06-18,97240,NB,Nusa Tenggara Barat,20.5,30.8,25.6,79.0,0.0,4.5,,1012.1,,Mataram / Lombok,NTB,Nusa Tenggara Barat,1.25,10.3,39.874443649635566,2023,6,169,2,18,1.2246467991473532e-16,-1.0,0.23224292400907015,-0.9726578145718654,Dry Season,0,8,4,0.0
2023-06-19,97240,NB,Nusa Tenggara Barat,19.8,30.9,25.4,80.0,0.0,3.6,,1011.6,,Mataram / Lombok,NTB,Nusa Tenggara Barat,1.0,11.099999999999998,40.5424735302379,2023,6,170,2,19,1.2246467991473532e-16,-1.0,0.21547731504673012,-0.976508846196619,Dry Season,0,8,4,0.0
2023-06-20,97240,NB,Nusa Tenggara Barat,21.6,31.0,26.0,82.0,0.0,3.7,,1012.5,,Mataram / Lombok,NTB,Nusa Tenggara Barat,1.027777777777778,9.399999999999999,41.594558687555924,2023,6,171,2,20,1.2246467991473532e-16,-1.0,0.19864794288017112,-0.9800709131432666,Dry Season,0,8,4,0.0
2023-06-21,97240,NB,Nusa Tenggara Barat,21.7,30.9,26.1,81.0,0.0,6.2,,1013.1,,Mataram / Lombok,NTB,Nusa Tenggara Barat,1.7222222222222223,9.2,40.891873100204506,2023,6,172,2,21,1.2246467991473532e-16,-1.0,0.18175978759137534,-0.9833429613388902,Dry Season,0,8,4,0.0
2023-06-22,97240,NB,Nusa Tenggara Barat,21.9,31.0,26.0,79.0,0.1,6.2,,1012.1,,Mataram / Lombok,NTB,Nusa Tenggara Barat,1.7222222222222223,9.100000000000001,40.52479256755576,2023,6,173,2,22,1.2246467991473532e-16,-1.0,0.16481784665719793,-0.9863240225317866,Dry Season,0,8,4,0.1
2023-06-23,97240,NB,Nusa Tenggara Barat,20.8,31.1,25.5,80.0,0.3,5.3,,1011.5,,Mataram / Lombok,NTB,Nusa Tenggara Barat,1.472222222222222,10.3,41.212634610637835,2023,6,174,2,23,1.2246467991473532e-16,-1.0,0.14782713347053048,-0.9890132145779883,Dry Season,0,8,4,0.3
2023-06-24,97240,NB,Nusa Tenggara Barat,21.1,30.8,25.8,81.0,0.0,4.7,,1010.8,,Mataram / Lombok,NTB,Nusa Tenggara Barat,1.3055555555555556,9.7,40.55388729388446,2023,6,175,2,24,1.2246467991473532e-16,-1.0,0.13079267585675922,-0.9914097417023038,Dry Season,0,8,4,0.0
2023-06-25,97240,NB,Nusa Tenggara Barat,21.3,30.8,25.9,82.0,0.0,3.4,,1010.1,,Mataram / Lombok,NTB,Nusa Tenggara Barat,0.9444444444444444,9.5,40.90117305123566,2023,6,176,2,25,1.2246467991473532e-16,-1.0,0.11371951458594969,-0.9935128947338007,Dry Season,0,8,4,0.0
2023-06-26,97240,NB,Nusa Tenggara Barat,21.9,30.8,26.0,83.0,0.4,4.6,,1010.6,,Mataram / Lombok,NTB,Nusa Tenggara Barat,1.2777777777777777,8.900000000000002,41.25350143207113,2023,6,177,2,26,1.2246467991473532e-16,-1.0,0.0966127018812031,-0.9953220513156602,Dry Season,0,8,4,0.4
2023-06-27,97240,NB,Nusa Tenggara Barat,22.7,30.4,26.3,83.0,0.2,6.4,,1012.2,,Mataram / Lombok,NTB,Nusa Tenggara Barat,1.777777777777778,7.699999999999999,39.872413889351044,2023,6,178,2,27,1.2246467991473532e-16,-1.0,0.07947729992362097,-0.9968366760893436,Dry Season,0,8,4,0.2
2023-06-28,97240,NB,Nusa Tenggara Barat,22.6,30.7,26.4,82.0,0.9,6.9,,1013.2,,Mataram / Lombok,NTB,Nusa Tenggara Barat,1.9166666666666667,8.099999999999998,40.55882928993569,2023,6,179,2,28,1.2246467991473532e-16,-1.0,0.062318379354325076,-0.998056320853012,Dry Season,0,8,4,0.9
2023-06-29,97240,NB,Nusa Tenggara Barat,23.6,30.5,26.7,83.0,0.2,7.1,,1012.4,,Mataram / Lombok,NTB,Nusa Tenggara Barat,1.972222222222222,6.899999999999999,40.21328809711107,2023,6,180,2,29,1.2246467991473532e-16,-1.0,0.04514101777397193,-0.9989806246941579,Dry Season,0,8,4,0.2
2023-06-30,97240,NB,Nusa Tenggara Barat,23.9,30.8,26.9,83.0,2.0,6.7,,1011.9,,Mataram / Lombok,NTB,Nusa Tenggara Barat,1.8611111111111112,6.900000000000002,41.25350143207113,2023,6,181,2,30,1.2246467991473532e-16,-1.0,0.02795029824021032,-0.999609314096404,Dry Season,0,8,4,2.0
2023-07-01,97240,NB,Nusa Tenggara Barat,24.7,29.9,26.7,84.0,2.6,10.6,,1012.6,,Mataram / Lombok,NTB,Nusa Tenggara Barat,2.944444444444444,5.199999999999999,38.503710860131214,2023,7,182,3,1,-0.4999999999999997,-0.8660254037844388,0.01075130776352193,-0.9999422030204416,Dry Season,0,8,4,2.6
2023-07-02,97240,NB,Nusa Tenggara Barat,24.3,28.6,26.2,86.0,3.0,10.0,,1013.3,,Mataram / Lombok,NTB,Nusa Tenggara Barat,2.7777777777777777,4.300000000000001,34.85067929900453,2023,7,183,3,2,-0.4999999999999997,-0.8660254037844388,-0.00645086419810515,-0.9999791929590823,Dry Season,0,8,4,3.0
2023-07-03,97240,NB,Nusa Tenggara Barat,24.5,29.4,26.5,84.0,1.6,9.0,,1012.9,,Mataram / Lombok,NTB,Nusa Tenggara Barat,2.5,4.899999999999999,36.881251945831146,2023,7,184,3,3,-0.4999999999999997,-0.8660254037844388,-0.023651127245231586,-0.9997202729664083,Dry Season,0,8,4,1.6
2023-07-04,97240,NB,Nusa Tenggara Barat,23.3,30.4,26.3,83.0,1.7,6.1,,1011.9,,Mataram / Lombok,NTB,Nusa Tenggara Barat,1.6944444444444442,7.099999999999998,39.872413889351044,2023,7,185,3,4,-0.4999999999999997,-0.8660254037844388,-0.04084439154329611,-0.9991655196610109,Dry Season,0,8,4,1.7
2023-07-05,97240,NB,Nusa Tenggara Barat,23.3,30.3,26.5,84.0,2.1,7.7,,1011.6,,Mataram / Lombok,NTB,Nusa Tenggara Barat,2.138888888888889,7.0,39.85503100029116,2023,7,186,3,5,-0.4999999999999997,-0.8660254037844388,-0.05802556932878035,-0.9983150972033183,Dry Season,0,8,4,2.1
2023-07-06,97240,NB,Nusa Tenggara Barat,23.9,30.0,26.5,85.0,6.4,9.4,,1012.2,,Mataram / Lombok,NTB,Nusa Tenggara Barat,2.611111111111111,6.100000000000001,39.1401850555554,2023,7,187,3,6,-0.4999999999999997,-0.8660254037844388,-0.07518957641475855,-0.9971692572470178,Dry Season,0,8,4,6.4
2023-07-07,97240,NB,Nusa Tenggara Barat,24.6,28.5,26.4,86.0,3.0,13.6,,1013.2,,Mataram / Lombok,NTB,Nusa Tenggara Barat,3.7777777777777777,3.8999999999999986,34.545045817944384,2023,7,188,3,7,-0.4999999999999997,-0.8660254037844388,-0.09233133369539122,-0.9957283388645872,Dry Season,0,8,4,3.0
2023-07-08,97240,NB,Nusa Tenggara Barat,24.4,28.8,26.3,85.0,6.3,12.4,,1013.7,,Mataram / Lombok,NTB,Nusa Tenggara Barat,3.4444444444444446,4.400000000000002,35.25007556499555,2023,7,189,3,8,-0.4999999999999997,-0.8660254037844388,-0.10944576864891556,-0.993992768446958,Dry Season,0,8,4,6.3
2023-07-09,97240,NB,Nusa Tenggara Barat,23.6,30.1,26.4,84.0,2.5,9.6,,1012.5,,Mataram / Lombok,NTB,Nusa Tenggara Barat,2.6666666666666665,6.5,39.173442818131164,2023,7,190,3,9,-0.4999999999999997,-0.8660254037844388,-0.12652781683868314,-0.9919630595773397,Dry Season,0,8,4,2.5
2023-07-10,97240,NB,Nusa Tenggara Barat,21.8,30.1,25.8,80.0,0.0,8.6,,1012.2,,Mataram / Lombok,NTB,Nusa Tenggara Barat,2.388888888888889,8.3,37.975193741437884,2023,7,191,3,10,-0.4999999999999997,-0.8660254037844388,-0.1435724234118113,-0.9896398128792412,Dry Season,0,8,4,0.0
2023-07-11,97240,NB,Nusa Tenggara Barat,21.1,29.5,25.2,78.0,0.0,12.9,,1013.2,,Mataram / Lombok,NTB,Nusa Tenggara Barat,3.5833333333333335,8.399999999999999,35.675550261277856,2023,7,192,3,11,-0.4999999999999997,-0.8660254037844388,-0.16057454459499376,-0.9870237158387383,Dry Season,0,8,4,0.0
2023-07-12,97240,NB,Nusa Tenggara Barat,22.4,29.0,25.7,79.0,0.0,12.9,,1013.2,,Mataram / Lombok,NTB,Nusa Tenggara Barat,3.5833333333333335,6.600000000000001,34.52553188755544,2023,7,193,3,12,-0.4999999999999997,-0.8660254037844388,-0.17752914918703497,-0.984115542601034,Dry Season,0,8,4,0.0
2023-07-13,97240,NB,Nusa Tenggara Barat,24.4,29.0,26.4,81.0,0.0,15.3,,1012.9,,Mataram / Lombok,NTB,Nusa Tenggara Barat,4.25,4.600000000000001,34.96036796044448,2023,7,194,3,13,-0.4999999999999997,-0.8660254037844388,-0.19443122004766195,-0.9809161537413774,Dry Season,0,8,4,0.0
2023-07-14,97240,NB,Nusa Tenggara Barat,23.4,29.0,25.9,81.0,0.3,13.7,,1013.4,,Mataram / Lombok,NTB,Nusa Tenggara Barat,3.8055555555555554,5.600000000000001,34.96036796044448,2023,7,195,3,14,-0.4999999999999997,-0.8660254037844388,-0.2112757555821793,-0.9774264960104055,Dry Season,0,8,4,0.3
2023-07-15,97240,NB,Nusa Tenggara Barat,23.1,29.4,26.0,80.0,0.0,11.4,,1012.7,,Mataram / Lombok,NTB,Nusa Tenggara Barat,3.1666666666666665,6.299999999999997,35.87761487553785,2023,7,196,3,15,-0.4999999999999997,-0.8660254037844388,-0.2280577712215198,-0.9736476020539838,Dry Season,0,8,4,0.0
2023-07-16,97240,NB,Nusa Tenggara Barat,21.7,29.1,25.2,80.0,0.0,9.8,,1013.0,,Mataram / Lombok,NTB,Nusa Tenggara Barat,2.7222222222222223,7.400000000000002,35.02116420423791,2023,7,197,3,16,-0.4999999999999997,-0.8660254037844388,-0.24477230089725957,-0.9695805901076308,Dry Season,0,8,4,0.0
2023-07-17,97240,NB,Nusa Tenggara Barat,21.4,29.0,25.2,79.0,0.0,11.3,,1012.9,,Mataram / Lombok,NTB,Nusa Tenggara Barat,3.138888888888889,7.600000000000001,34.52553188755544,2023,7,198,3,17,-0.4999999999999997,-0.8660254037844388,-0.2614143985111562,-0.965226663665613,Dry Season,0,8,4,0.0
2023-07-18,97240,NB,Nusa Tenggara Barat,20.6,29.8,25.4,78.0,0.0,10.9,,1012.7,,Mataram / Lombok,NTB,Nusa Tenggara Barat,3.0277777777777777,9.2,36.5263496043377,2023,7,199,3,18,-0.4999999999999997,-0.8660254037844388,-0.2779791393987801,-0.9605871111248129,Dry Season,0,8,4,0.0
2023-07-19,97240,NB,Nusa Tenggara Barat,22.0,28.7,25.3,76.0,0.0,11.8,,1012.7,,Mataram / Lombok,NTB,Nusa Tenggara Barat,3.2777777777777777,6.699999999999999,33.149768637695466,2023,7,200,3,19,-0.4999999999999997,-0.8660254037844388,-0.2944616217868012,-0.9556633054034704,Dry Season,0,8,4,0.0
2023-07-20,97240,NB,Nusa Tenggara Barat,20.7,28.9,24.7,75.0,0.0,12.0,,1012.6,,Mataram / Lombok,NTB,Nusa Tenggara Barat,3.333333333333333,8.2,33.44842516687126,2023,7,201,3,20,-0.4999999999999997,-0.8660254037844388,-0.3108569682435036,-0.9504567035349151,Dry Season,0,8,4,0.0
2023-07-21,97240,NB,Nusa Tenggara Barat,20.8,28.8,24.6,78.0,0.0,9.4,,1014.2,,Mataram / Lombok,NTB,Nusa Tenggara Barat,2.611111111111111,8.0,33.78724167393779,2023,7,202,3,21,-0.4999999999999997,-0.8660254037844388,-0.3271603271220951,-0.9449688462364056,Dry Season,0,8,4,0.0
2023-07-22,97240,NB,Nusa Tenggara Barat,21.3,29.6,25.1,78.0,0.0,11.3,,1014.6,,Mataram / Lombok,NTB,Nusa Tenggara Barat,3.138888888888889,8.3,35.95638176001786,2023,7,203,3,22,-0.4999999999999997,-0.8660254037844388,-0.34336687399638804,-0.939201357453208,Dry Season,0,8,4,0.0
2023-07-23,97240,NB,Nusa Tenggara Barat,20.6,29.6,25.0,76.0,0.0,10.6,,1014.2,,Mataram / Lombok,NTB,Nusa Tenggara Barat,2.944444444444444,9.0,35.46529402851556,2023,7,204,3,23,-0.4999999999999997,-0.8660254037844388,-0.3594718130884232,-0.9331559438780432,Dry Season,0,8,4,0.0
2023-07-24,97240,NB,Nusa Tenggara Barat,20.6,30.1,25.2,78.0,0.0,6.4,,1013.1,,Mataram / Lombok,NTB,Nusa Tenggara Barat,1.777777777777778,9.5,37.40206348791781,2023,7,205,3,24,-0.4999999999999997,-0.8660254037844388,-0.3754703786876202,-0.9268343944460494,Dry Season,0,8,4,0.0
2023-07-25,97240,NB,Nusa Tenggara Barat,20.5,30.3,25.2,80.0,0.2,6.9,,1013.7,,Mataram / Lombok,NTB,Nusa Tenggara Barat,1.9166666666666667,9.8,38.600009008717784,2023,7,206,3,25,-0.4999999999999997,-0.8660254037844388,-0.3913578365610259,-0.9202385798054075,Dry Season,0,8,4,0.2
2023-07-26,97240,NB,Nusa Tenggara Barat,21.6,29.4,25.3,78.0,0.0,11.0,,1014.3,,Mataram / Lombok,NTB,Nusa Tenggara Barat,3.0555555555555554,7.799999999999997,35.397487044817886,2023,7,207,3,26,-0.4999999999999997,-0.8660254037844388,-0.4071294853542516,-0.9133704517637858,Dry Season,0,8,4,0.0
2023-07-27,97240,NB,Nusa Tenggara Barat,21.1,29.0,24.6,78.0,0.0,10.4,,1014.8,,Mataram / Lombok,NTB,Nusa Tenggara Barat,2.888888888888889,7.899999999999999,34.3129170017778,2023,7,208,3,27,-0.4999999999999997,-0.8660254037844388,-0.4227806579826773,-0.9062320427107697,Dry Season,0,8,4,0.0
2023-07-28,97240,NB,Nusa Tenggara Barat,20.6,29.2,24.8,75.0,0.0,10.4,,1014.2,,Mataram / Lombok,NTB,Nusa Tenggara Barat,2.888888888888889,8.599999999999998,34.19400989095119,2023,7,209,3,28,-0.4999999999999997,-0.8660254037844388,-0.4383067230125192,-0.898825465016444,Dry Season,0,8,4,0.0
2023-07-29,97240,NB,Nusa Tenggara Barat,20.0,28.9,24.5,75.0,0.0,11.7,,1014.5,,Mataram / Lombok,NTB,Nusa Tenggara Barat,3.2499999999999996,8.899999999999999,33.44842516687126,2023,7,210,3,29,-0.4999999999999997,-0.8660254037844388,-0.45370308603134424,-0.8911529104063088,Dry Season,0,8,4,0.0
2023-07-30,97240,NB,Nusa Tenggara Barat,21.0,28.7,25.0,77.0,0.5,12.7,,1014.4,,Mataram / Lombok,NTB,Nusa Tenggara Barat,3.5277777777777777,7.699999999999999,33.33771711892448,2023,7,211,3,30,-0.4999999999999997,-0.8660254037844388,-0.46896519100763184,-0.8832166493127127,Dry Season,0,8,4,0.5
2023-07-31,97240,NB,Nusa Tenggara Barat,21.9,29.7,25.7,80.0,2.2,7.9,,1013.7,,Mataram / Lombok,NTB,Nusa Tenggara Barat,2.1944444444444446,7.800000000000001,36.75957256671792,2023,7,212,3,31,-0.4999999999999997,-0.8660254037844388,-0.48408852163897587,-0.8750190302029955,Dry Season,0,8,4,2.2
2023-08-01,97240,NB,Nusa Tenggara Barat,21.1,30.4,25.8,81.0,0.0,5.2,,1013.4,,Mataram / Lombok,NTB,Nusa Tenggara Barat,1.4444444444444444,9.299999999999997,39.23061220780441,2023,8,213,3,1,-0.8660254037844385,-0.5000000000000004,-0.4990686026885319,-0.8665624788845385,Dry Season,0,8,4,0.0
2023-08-02,97240,NB,Nusa Tenggara Barat,21.8,30.7,25.9,80.0,0.0,4.8,,1014.1,,Mataram / Lombok,NTB,Nusa Tenggara Barat,1.3333333333333333,8.899999999999999,39.883648903117894,2023,8,214,3,2,-0.8660254037844385,-0.5000000000000004,-0.5139010013093103,-0.8578494977869301,Dry Season,0,8,4,0.0
2023-08-03,97240,NB,Nusa Tenggara Barat,21.3,30.5,25.8,81.0,0.1,6.2,,1015.2,,Mataram / Lombok,NTB,Nusa Tenggara Barat,1.7222222222222223,9.2,39.55713075844429,2023,8,215,3,3,-0.8660254037844385,-0.5000000000000004,-0.5285813283559292,-0.8488826652214553,Dry Season,0,8,4,0.1
2023-08-04,97240,NB,Nusa Tenggara Barat,21.8,29.9,25.7,80.0,0.0,10.1,,1016.8,,Mataram / Lombok,NTB,Nusa Tenggara Barat,2.8055555555555554,8.099999999999998,37.361714927437816,2023,8,216,3,4,-0.8660254037844385,-0.5000000000000004,-0.5431052396834317,-0.8396646346181327,Dry Season,0,8,4,0.0
2023-08-05,97240,NB,Nusa Tenggara Barat,22.7,29.7,26.2,79.0,0.3,13.0,,1016.3,,Mataram / Lombok,NTB,Nusa Tenggara Barat,3.611111111111111,7.0,36.49781536603563,2023,8,217,3,5,-0.8660254037844385,-0.5000000000000004,-0.5574684374327892,-0.8301981337405212,Dry Season,0,8,4,0.3
2023-08-06,97240,NB,Nusa Tenggara Barat,23.2,30.1,26.3,80.0,0.9,10.3,,1014.8,,Mataram / Lombok,NTB,Nusa Tenggara Barat,2.861111111111111,6.900000000000002,37.975193741437884,2023,8,218,3,6,-0.8660254037844385,-0.5000000000000004,-0.5716666713027052,-0.8204859638785327,Dry Season,0,8,4,0.9
2023-08-07,97240,NB,Nusa Tenggara Barat,21.7,30.9,25.9,77.0,0.0,7.3,,1014.0,,Mataram / Lombok,NTB,Nusa Tenggara Barat,2.0277777777777777,9.2,39.52513590196458,2023,8,219,3,7,-0.8660254037844385,-0.5000000000000004,-0.5856957398073508,-0.8105309990194823,Dry Season,0,8,4,0.0
2023-08-08,97240,NB,Nusa Tenggara Barat,20.6,30.3,25.5,73.0,0.0,6.9,,1014.4,,Mataram / Lombok,NTB,Nusa Tenggara Barat,1.9166666666666667,9.7,36.57835743531553,2023,8,220,3,8,-0.8660254037844385,-0.5000000000000004,-0.5995514915196489,-0.8003361849976323,Dry Season,0,8,4,0.0
2023-08-09,97240,NB,Nusa Tenggara Barat,20.6,29.9,25.0,75.0,0.0,7.9,,1015.4,,Mataram / Lombok,NTB,Nusa Tenggara Barat,2.1944444444444446,9.299999999999997,36.027103719671146,2023,8,221,3,9,-0.8660254037844385,-0.5000000000000004,-0.6132298262997502,-0.7899045386224707,Dry Season,0,8,4,0.0
2023-08-10,97240,NB,Nusa Tenggara Barat,19.3,30.0,24.6,77.0,1.3,6.5,,1015.0,,Mataram / Lombok,NTB,Nusa Tenggara Barat,1.8055555555555556,10.7,36.83391274444448,2023,8,222,3,10,-0.8660254037844385,-0.5000000000000004,-0.6267266965083301,-0.7792391467859886,Dry Season,0,8,4,1.3
2023-08-11,97240,NB,Nusa Tenggara Barat,19.9,30.2,24.8,78.0,1.5,5.7,,1014.5,,Mataram / Lombok,NTB,Nusa Tenggara Barat,1.5833333333333333,10.3,37.69950468033791,2023,8,223,3,11,-0.8660254037844385,-0.5000000000000004,-0.6400381082043503,-0.7683431655492202,Dry Season,0,8,4,1.5
2023-08-12,97240,NB,Nusa Tenggara Barat,20.4,30.1,25.1,78.0,0.8,5.5,,1013.6,,Mataram / Lombok,NTB,Nusa Tenggara Barat,1.5277777777777777,9.700000000000003,37.40206348791781,2023,8,224,3,12,-0.8660254037844385,-0.5000000000000004,-0.65316012232693,-0.7572198192083127,Dry Season,0,8,4,0.8
2023-08-13,97240,NB,Nusa Tenggara Barat,20.4,30.4,25.4,78.0,0.0,7.2,,1013.7,,Mataram / Lombok,NTB,Nusa Tenggara Barat,2.0,10.0,38.30269191201789,2023,8,225,3,13,-0.8660254037844385,-0.5000000000000004,-0.666088855860977,-0.7458723993404063,Dry Season,0,8,4,0.0
2023-08-14,97240,NB,Nusa Tenggara Barat,20.5,30.3,25.4,79.0,0.4,8.0,,1013.8,,Mataram / Lombok,NTB,Nusa Tenggara Barat,2.2222222222222223,9.8,38.29759357003566,2023,8,226,3,14,-0.8660254037844385,-0.5000000000000004,-0.6788204829862355,-0.734304263829602,Dry Season,0,8,4,0.4
2023-08-15,97240,NB,Nusa Tenggara Barat,22.1,30.4,26.0,77.0,1.4,9.5,,1014.4,,Mataram / Lombok,NTB,Nusa Tenggara Barat,2.638888888888889,8.299999999999997,38.00266040716455,2023,8,227,3,15,-0.8660254037844385,-0.5000000000000004,-0.6913512362094071,-0.722518835873311,Dry Season,0,8,4,1.4
2023-08-16,97240,NB,Nusa Tenggara Barat,22.2,29.5,25.7,80.0,0.0,11.3,,1014.8,,Mataram / Lombok,NTB,Nusa Tenggara Barat,3.138888888888889,7.300000000000001,36.1687666592778,2023,8,228,3,16,-0.8660254037844385,-0.5000000000000004,-0.7036774074790128,-0.7105196029692745,Dry Season,0,8,4,0.0
2023-08-17,97240,NB,Nusa Tenggara Barat,22.5,29.0,25.4,78.0,0.0,11.7,,1014.4,,Mataram / Lombok,NTB,Nusa Tenggara Barat,3.2499999999999996,6.5,34.3129170017778,2023,8,229,3,17,-0.8660254037844385,-0.5000000000000004,-0.7157953492826642,-0.6983101158835584,Dry Season,0,8,4,0.0
2023-08-18,97240,NB,Nusa Tenggara Barat,21.9,28.9,25.2,79.0,1.2,9.7,,1013.5,,Mataram / Lombok,NTB,Nusa Tenggara Barat,2.694444444444444,7.0,34.25498218267568,2023,8,230,3,18,-0.8660254037844385,-0.5000000000000004,-0.7277014757264236,-0.6858939875998223,Dry Season,0,8,4,1.2
2023-08-19,97240,NB,Nusa Tenggara Barat,21.1,30.1,25.4,80.0,0.0,6.9,,1013.2,,Mataram / Lombok,NTB,Nusa Tenggara Barat,1.9166666666666667,9.0,37.975193741437884,2023,8,231,3,19,-0.8660254037844385,-0.5000000000000004,-0.7393922635959241,-0.673274892250183,Dry Season,0,8,4,0.0
2023-08-20,97240,NB,Nusa Tenggara Barat,21.3,30.5,25.8,79.0,0.0,7.9,,1013.4,,Mataram / Lombok,NTB,Nusa Tenggara Barat,2.1944444444444446,9.2,38.919929793555454,2023,8,232,3,20,-0.8660254037844385,-0.5000000000000004,-0.7508642533989489,-0.6604565640279754,Dry Season,0,8,4,0.0
2023-08-21,97240,NB,Nusa Tenggara Barat,21.8,30.3,25.8,76.0,0.0,10.0,,1013.3,,Mataram / Lombok,NTB,Nusa Tenggara Barat,2.7777777777777777,8.5,37.4175633960955,2023,8,233,3,21,-0.8660254037844385,-0.5000000000000004,-0.7621140503891487,-0.6474427960827475,Dry Season,0,8,4,0.0
2023-08-22,97240,NB,Nusa Tenggara Barat,20.8,29.8,25.2,76.0,0.0,9.7,,1013.2,,Mataram / Lombok,NTB,Nusa Tenggara Barat,2.694444444444444,9.0,36.0095758857955,2023,8,234,3,22,-0.8660254037844385,-0.5000000000000004,-0.7731383255706026,-0.6342374393978054,Dry Season,0,8,4,0.0
2023-08-23,97240,NB,Nusa Tenggara Barat,19.7,29.8,24.9,76.0,0.0,9.1,,1013.7,,Mataram / Lombok,NTB,Nusa Tenggara Barat,2.5277777777777777,10.100000000000001,36.0095758857955,2023,8,235,3,23,-0.8660254037844385,-0.5000000000000004,-0.7839338166829201,-0.620844401650647,Dry Season,0,8,4,0.0
2023-08-24,97240,NB,Nusa Tenggara Barat,21.5,29.4,25.6,78.0,0.3,11.3,,1013.5,,Mataram / Lombok,NTB,Nusa Tenggara Barat,3.138888888888889,7.899999999999999,35.397487044817886,2023,8,236,3,24,-0.8660254037844385,-0.5000000000000004,-0.7944973291665992,-0.6072676460566135,Dry Season,0,8,4,0.3
2023-08-25,97240,NB,Nusa Tenggara Barat,23.1,29.9,26.2,77.0,0.0,13.0,,1013.0,,Mataram / Lombok,NTB,Nusa Tenggara Barat,3.611111111111111,6.799999999999997,36.54856370836459,2023,8,237,3,25,-0.8660254037844385,-0.5000000000000004,-0.8048257371083452,-0.593511190196115,Dry Season,0,8,4,0.0
2023-08-26,97240,NB,Nusa Tenggara Barat,22.0,30.1,25.9,76.0,0.0,11.2,,1013.0,,Mataram / Lombok,NTB,Nusa Tenggara Barat,3.1111111111111107,8.100000000000001,36.846262757615605,2023,8,238,3,26,-0.8660254037844385,-0.5000000000000004,-0.8149159841660791,-0.5795791048257612,Dry Season,0,8,4,0.0
2023-08-27,97240,NB,Nusa Tenggara Barat,21.6,30.2,25.7,77.0,0.0,7.8,,1012.5,,Mataram / Lombok,NTB,Nusa Tenggara Barat,2.1666666666666665,8.599999999999998,37.41281627212461,2023,8,239,3,27,-0.8660254037844385,-0.5000000000000004,-0.8247650844733614,-0.5654755126737576,Dry Season,0,8,4,0.0
2023-08-28,97240,NB,Nusa Tenggara Barat,21.3,30.4,25.8,77.0,0.2,7.5,,1012.7,,Mataram / Lombok,NTB,Nusa Tenggara Barat,2.0833333333333335,9.099999999999998,38.00266040716455,2023,8,240,3,28,-0.8660254037844385,-0.5000000000000004,-0.8343701235229538,-0.5512045872199277,Dry Season,0,8,4,0.2
2023-08-29,97240,NB,Nusa Tenggara Barat,20.3,30.4,25.3,78.0,0.0,7.7,,1012.8,,Mataram / Lombok,NTB,Nusa Tenggara Barat,2.138888888888889,10.099999999999998,38.30269191201789,2023,8,241,3,29,-0.8660254037844385,-0.5000000000000004,-0.8437282590292712,-0.5367705514607103,Dry Season,0,8,4,0.0
2023-08-30,97240,NB,Nusa Tenggara Barat,20.7,30.5,25.6,78.0,0.0,8.0,,1012.8,,Mataram / Lombok,NTB,Nusa Tenggara Barat,2.2222222222222223,9.8,38.60843795127781,2023,8,242,3,30,-0.8660254037844385,-0.5000000000000004,-0.8528367217694595,-0.522177676659508,Dry Season,0,8,4,0.0
2023-08-31,97240,NB,Nusa Tenggara Barat,21.7,30.6,25.8,78.0,0.0,8.6,,1013.7,,Mataram / Lombok,NTB,Nusa Tenggara Barat,2.388888888888889,8.900000000000002,38.91695227281785,2023,8,243,3,31,-0.8660254037844385,-0.5000000000000004,-0.8616928164028522,-0.5074302810827518,Dry Season,0,8,4,0.0
2023-09-01,97240,NB,Nusa Tenggara Barat,20.4,30.1,25.3,73.0,0.0,8.9,,1013.8,,Mataram / Lombok,NTB,Nusa Tenggara Barat,2.4722222222222223,9.700000000000003,36.0450545181957,2023,9,244,3,1,-1.0,-1.8369701987210297e-16,-0.8702939222685674,-0.49253272872205434,Dry Season,0,8,4,0.0
2023-09-02,97240,NB,Nusa Tenggara Barat,20.1,29.8,24.9,74.0,0.0,7.2,,1012.9,,Mataram / Lombok,NTB,Nusa Tenggara Barat,2.0,9.7,35.50890553479106,2023,9,245,3,2,-1.0,-1.8369701987210297e-16,-0.8786374941610001,-0.4774894280028391,Dry Season,0,8,4,0.0
2023-09-03,97240,NB,Nusa Tenggara Barat,20.1,30.1,25.0,75.0,0.0,8.2,,1012.9,,Mataram / Lombok,NTB,Nusa Tenggara Barat,2.2777777777777777,10.0,36.574860963671206,2023,9,246,3,3,-1.0,-1.8369701987210297e-16,-0.886721063082993,-0.46230483047981086,Dry Season,0,8,4,0.0
2023-09-04,97240,NB,Nusa Tenggara Barat,20.4,30.0,25.1,75.0,0.0,10.2,,1012.3,,Mataram / Lombok,NTB,Nusa Tenggara Barat,2.833333333333333,9.600000000000001,36.29964811111102,2023,9,247,3,4,-1.0,-1.8369701987210297e-16,-0.8945422369764496,-0.4469834295196741,Dry Season,0,8,4,0.0
2023-09-05,97240,NB,Nusa Tenggara Barat,21.3,29.9,25.7,74.0,0.3,9.6,,1012.9,,Mataram / Lombok,NTB,Nusa Tenggara Barat,2.6666666666666665,8.599999999999998,35.77256597253118,2023,9,248,3,5,-1.0,-1.8369701987210297e-16,-0.9020987014301837,-0.43152975897147144,Dry Season,0,8,4,0.3
2023-09-06,97240,NB,Nusa Tenggara Barat,23.2,29.8,26.1,78.0,1.2,11.9,,1013.8,,Mataram / Lombok,NTB,Nusa Tenggara Barat,3.3055555555555554,6.600000000000001,36.5263496043377,2023,9,249,3,6,-1.0,-1.8369701987210297e-16,-0.9093882203647925,-0.4159483918249421,Dry Season,0,8,4,1.2
2023-09-07,97240,NB,Nusa Tenggara Barat,22.6,29.8,25.9,77.0,0.0,12.5,,1013.9,,Mataram / Lombok,NTB,Nusa Tenggara Barat,3.4722222222222223,7.199999999999999,36.265949824124455,2023,9,250,3,7,-1.0,-1.8369701987210297e-16,-0.9164086366943458,-0.4002439388573056,Dry Season,0,8,4,0.0
2023-09-08,97240,NB,Nusa Tenggara Barat,21.3,30.2,25.5,77.0,0.0,9.2,,1013.9,,Mataram / Lombok,NTB,Nusa Tenggara Barat,2.5555555555555554,8.899999999999999,37.41281627212461,2023,9,251,3,8,-1.0,-1.8369701987210297e-16,-0.9231578729647039,-0.38442104726885545,Dry Season,0,8,4,0.0
2023-09-09,97240,NB,Nusa Tenggara Barat,20.7,30.5,25.6,77.0,0.0,6.9,,1013.5,,Mataram / Lombok,NTB,Nusa Tenggara Barat,1.9166666666666667,9.8,38.30168520244441,2023,9,252,3,9,-1.0,-1.8369701987210297e-16,-0.9296339319682695,-0.3684843993077793,Dry Season,0,8,4,0.0
2023-09-10,97240,NB,Nusa Tenggara Barat,21.9,30.2,25.9,80.0,1.3,8.7,,1013.7,,Mataram / Lombok,NTB,Nusa Tenggara Barat,2.4166666666666665,8.3,38.286184318417824,2023,9,253,3,10,-1.0,-1.8369701987210297e-16,-0.9358348973349941,-0.35243871088460327,Dry Season,0,8,4,1.3
2023-09-11,97240,NB,Nusa Tenggara Barat,22.9,30.4,26.7,81.0,2.9,11.3,,1013.3,,Mataram / Lombok,NTB,Nusa Tenggara Barat,3.138888888888889,7.5,39.23061220780441,2023,9,254,3,11,-1.0,-1.8369701987210297e-16,-0.9417589340994617,-0.33628873017668287,Dry Season,0,8,4,2.9
2023-09-12,97240,NB,Nusa Tenggara Barat,24.0,30.8,27.0,79.0,1.2,11.1,,1014.0,,Mataram / Lombok,NTB,Nusa Tenggara Barat,3.083333333333333,6.800000000000001,39.874443649635566,2023,9,255,3,12,-1.0,-1.8369701987210297e-16,-0.9474042892438845,-0.32003923622313857,Dry Season,0,8,4,1.2
2023-09-13,97240,NB,Nusa Tenggara Barat,23.5,31.3,27.0,78.0,0.4,9.7,,1014.0,,Mataram / Lombok,NTB,Nusa Tenggara Barat,2.694444444444444,7.800000000000001,41.15406442743778,2023,9,256,3,13,-1.0,-1.8369701987210297e-16,-0.9527692922168511,-0.30369503751065885,Dry Season,0,8,4,0.4
2023-09-14,97240,NB,Nusa Tenggara Barat,23.2,30.2,26.5,78.0,0.1,11.0,,1014.3,,Mataram / Lombok,NTB,Nusa Tenggara Barat,3.0555555555555554,7.0,37.69950468033791,2023,9,257,3,14,-1.0,-1.8369701987210297e-16,-0.9578523554276669,-0.28726097055059635,Dry Season,0,8,4,0.1
2023-09-15,97240,NB,Nusa Tenggara Barat,22.8,30.7,26.5,77.0,0.2,12.1,,1014.1,,Mataram / Lombok,NTB,Nusa Tenggara Barat,3.3611111111111107,7.899999999999999,38.90794024852462,2023,9,258,3,15,-1.0,-1.8369701987210297e-16,-0.9626519747161487,-0.2707418984477642,Dry Season,0,8,4,0.2
2023-09-16,97240,NB,Nusa Tenggara Barat,22.8,31.1,26.6,77.0,0.0,10.0,,1013.4,,Mataram / Lombok,NTB,Nusa Tenggara Barat,2.7777777777777777,8.3,40.15327216276468,2023,9,259,3,16,-1.0,-1.8369701987210297e-16,-0.9671667297977312,-0.2541427094613622,Dry Season,0,8,4,0.0
2023-09-17,97240,NB,Nusa Tenggara Barat,23.6,31.4,26.9,78.0,2.7,8.9,,1012.8,,Mataram / Lombok,NTB,Nusa Tenggara Barat,2.4722222222222223,7.799999999999997,41.48472500721787,2023,9,260,3,17,-1.0,-1.8369701987210297e-16,-0.97139528468375,-0.23746831555846842,Dry Season,0,8,4,2.7
2023-09-18,97240,NB,Nusa Tenggara Barat,23.5,30.9,26.8,77.0,0.0,8.9,,1012.3,,Mataram / Lombok,NTB,Nusa Tenggara Barat,2.4722222222222223,7.399999999999999,39.52513590196458,2023,9,261,3,18,-1.0,-1.8369701987210297e-16,-0.9753363880767837,-0.2207236509605022,Dry Season,0,8,4,0.0
2023-09-19,97240,NB,Nusa Tenggara Barat,23.3,31.0,26.6,78.0,1.1,8.9,,1012.6,,Mataram / Lombok,NTB,Nusa Tenggara Barat,2.4722222222222223,7.699999999999999,40.17869238177787,2023,9,262,3,19,-1.0,-1.8369701987210297e-16,-0.9789888737409319,-0.20391367068311472,Dry Season,0,8,4,1.1
2023-09-20,97240,NB,Nusa Tenggara Barat,22.7,30.9,26.3,78.0,0.1,8.2,,1012.6,,Mataram / Lombok,NTB,Nusa Tenggara Barat,2.2777777777777777,8.2,39.85910493111784,2023,9,263,3,20,-1.0,-1.8369701987210297e-16,-0.9823516608469237,-0.18704334906991657,Dry Season,0,8,4,0.1
2023-09-21,97240,NB,Nusa Tenggara Barat,22.2,31.2,26.3,74.0,0.0,8.1,,1012.9,,Mataram / Lombok,NTB,Nusa Tenggara Barat,2.25,9.0,39.4399276395912,2023,9,264,3,21,-1.0,-1.8369701987210297e-16,-0.9854237542919524,-0.17011767832049052,Dry Season,0,8,4,0.0
2023-09-22,97240,NB,Nusa Tenggara Barat,22.2,30.3,25.9,76.0,0.0,9.2,,1012.9,,Mataram / Lombok,NTB,Nusa Tenggara Barat,2.5555555555555554,8.100000000000001,37.4175633960955,2023,9,265,3,22,-1.0,-1.8369701987210297e-16,-0.9882042449941422,-0.15314166701312007,Dry Season,0,8,4,0.0
2023-09-23,97240,NB,Nusa Tenggara Barat,22.5,30.9,26.5,77.0,1.8,9.5,,1012.9,,Mataram / Lombok,NTB,Nusa Tenggara Barat,2.638888888888889,8.399999999999999,39.52513590196458,2023,9,266,3,23,-1.0,-1.8369701987210297e-16,-0.9906923101615609,-0.13612033862266704,Dry Season,0,8,4,1.8
2023-09-24,97240,NB,Nusa Tenggara Barat,23.1,30.8,26.6,78.0,2.7,8.3,,1012.3,,Mataram / Lombok,NTB,Nusa Tenggara Barat,2.305555555555556,7.699999999999999,39.542285762737876,2023,9,267,3,24,-1.0,-1.8369701987210297e-16,-0.9928872135356962,-0.11905873003404988,Dry Season,0,8,4,2.7
2023-09-25,97240,NB,Nusa Tenggara Barat,22.7,31.5,26.6,77.0,0.4,7.9,,1012.9,,Mataram / Lombok,NTB,Nusa Tenggara Barat,2.1944444444444446,8.8,41.442366506444685,2023,9,268,3,25,-1.0,-1.8369701987210297e-16,-0.994788305609327,-0.10196189005174576,Dry Season,0,8,4,0.4
2023-09-26,97240,NB,Nusa Tenggara Barat,22.1,31.6,26.6,77.0,0.0,8.2,,1012.7,,Mataram / Lombok,NTB,Nusa Tenggara Barat,2.2777777777777777,9.5,41.771477971964465,2023,9,269,3,26,-1.0,-1.8369701987210297e-16,-0.9963950238187231,-0.08483487790576538,Dry Season,0,8,4,0.0
2023-09-27,97240,NB,Nusa Tenggara Barat,22.4,31.7,26.6,77.0,2.1,8.2,,1013.1,,Mataram / Lombok,NTB,Nusa Tenggara Barat,2.2777777777777777,9.3,42.1033245893245,2023,9,270,3,27,-1.0,-1.8369701987210297e-16,-0.9977068927101168,-0.06768276175455162,Dry Season,0,8,4,2.1
2023-09-28,97240,NB,Nusa Tenggara Barat,23.0,32.1,27.0,76.0,0.2,8.7,,1013.2,,Mataram / Lombok,NTB,Nusa Tenggara Barat,2.4166666666666665,9.100000000000001,43.045607204015646,2023,9,271,3,28,-1.0,-1.8369701987210297e-16,-0.9987235240803972,-0.050510617185222886,Dry Season,0,8,4,0.2
2023-09-29,97240,NB,Nusa Tenggara Barat,22.5,31.8,26.8,78.0,0.0,9.6,,1013.8,,Mataram / Lombok,NTB,Nusa Tenggara Barat,2.6666666666666665,9.3,42.835050149137736,2023,9,272,3,29,-1.0,-1.8369701987210297e-16,-0.9994446170919858,-0.033323525711631344,Dry Season,0,8,4,0.0
2023-09-30,97240,NB,Nusa Tenggara Barat,22.6,32.8,26.9,76.0,3.6,9.3,,1013.8,,Mataram / Lombok,NTB,Nusa Tenggara Barat,2.5833333333333335,10.199999999999996,45.47070524259562,2023,9,273,3,30,-1.0,-1.8369701987210297e-16,-0.9998699583618592,-0.016126573270657762,Dry Season,0,8,4,3.6
2023-10-01,97240,NB,Nusa Tenggara Barat,22.9,31.3,26.8,77.0,0.0,8.6,,1013.4,,Mataram / Lombok,NTB,Nusa Tenggara Barat,2.388888888888889,8.400000000000002,40.792349030924484,2023,10,274,4,1,-0.8660254037844386,0.5000000000000001,-0.9999994220246925,0.001075151282798226,Transition,2,8,4,0.0
2023-10-02,97240,NB,Nusa Tenggara Barat,23.4,31.3,26.9,78.0,0.9,8.6,,1014.1,,Mataram / Lombok,NTB,Nusa Tenggara Barat,2.388888888888889,7.900000000000002,41.15406442743778,2023,10,275,4,2,-0.8660254037844386,0.5000000000000001,-0.999832969770105,0.018276557681691223,Transition,2,8,4,0.9
2023-10-03,97240,NB,Nusa Tenggara Barat,23.7,31.1,27.1,79.0,2.7,7.9,,1014.5,,Mataram / Lombok,NTB,Nusa Tenggara Barat,2.1944444444444446,7.400000000000002,40.85416893067567,2023,10,276,4,3,-0.8660254037844386,0.5000000000000001,-0.9993706508539969,0.03547255575312556,Transition,2,8,4,2.7
2023-10-04,97240,NB,Nusa Tenggara Barat,24.2,32.0,27.8,78.0,4.8,8.3,,1014.0,,Mataram / Lombok,NTB,Nusa Tenggara Barat,2.305555555555556,7.800000000000001,43.52682241377802,2023,10,277,4,4,-0.8660254037844386,0.5000000000000001,-0.9986126020839734,0.052658056924614005,Transition,2,8,4,4.8
2023-10-05,97240,NB,Nusa Tenggara Barat,24.4,32.5,28.0,78.0,2.9,8.6,,1012.7,,Mataram / Lombok,NTB,Nusa Tenggara Barat,2.388888888888889,8.100000000000001,45.304698015277886,2023,10,278,4,5,-0.8660254037844386,0.5000000000000001,-0.9975590477788613,0.06982797572987089,Transition,2,8,4,2.9
2023-10-06,97240,NB,Nusa Tenggara Barat,24.7,32.4,27.8,79.0,3.3,8.5,,1012.9,,Mataram / Lombok,NTB,Nusa Tenggara Barat,2.361111111111111,7.699999999999999,45.39097717027559,2023,10,279,4,6,-0.8660254037844386,0.5000000000000001,-0.9962102997023297,0.0869772313136861,Transition,2,8,4,3.3
2023-10-07,97240,NB,Nusa Tenggara Barat,24.4,32.0,27.8,79.0,2.4,9.2,,1012.8,,Mataram / Lombok,NTB,Nusa Tenggara Barat,2.5555555555555554,7.600000000000001,43.94461332355576,2023,10,280,4,7,-0.8660254037844386,0.5000000000000001,-0.9945667569706337,0.1041007489354256,Transition,2,8,4,2.4
2023-10-08,97240,NB,Nusa Tenggara Barat,24.3,32.2,27.9,78.0,0.7,10.3,,1013.7,,Mataram / Lombok,NTB,Nusa Tenggara Barat,2.861111111111111,7.900000000000002,44.22966780753791,2023,10,281,4,8,-0.8660254037844386,0.5000000000000001,-0.9926289059345095,0.121193461470736,Transition,2,8,4,0.7
2023-10-09,97240,NB,Nusa Tenggara Barat,23.8,32.5,27.8,75.0,1.9,9.7,,1013.6,,Mataram / Lombok,NTB,Nusa Tenggara Barat,2.694444444444444,8.7,43.9805077611112,2023,10,282,4,9,-0.8660254037844386,0.5000000000000001,-0.9903973200352558,0.1382503109109819,Transition,2,8,4,1.9
2023-10-10,97240,NB,Nusa Tenggara Barat,24.1,32.4,27.8,75.0,0.4,9.7,,1013.7,,Mataram / Lombok,NTB,Nusa Tenggara Barat,2.694444444444444,8.299999999999997,43.64125184167123,2023,10,283,4,10,-0.8660254037844386,0.5000000000000001,-0.9878726596350429,0.15526624985999563,Transition,2,8,4,0.4
2023-10-11,97240,NB,Nusa Tenggara Barat,23.4,32.4,27.6,77.0,2.7,9.0,,1013.1,,Mataram / Lombok,NTB,Nusa Tenggara Barat,2.5,9.0,44.50283516236454,2023,10,284,4,11,-0.8660254037844386,0.5000000000000001,-0.9850556718215013,0.172236243027682,Transition,2,8,4,2.7
2023-10-12,97240,NB,Nusa Tenggara Barat,24.2,32.3,27.9,78.0,1.4,9.2,,1013.9,,Mataram / Lombok,NTB,Nusa Tenggara Barat,2.5555555555555554,8.099999999999998,44.585242927837726,2023,10,285,4,12,-0.8660254037844386,0.5000000000000001,-0.981947190186646,0.18915526872004093,Transition,2,8,4,1.4
2023-10-13,97240,NB,Nusa Tenggara Barat,24.7,32.3,28.1,77.0,2.4,9.2,,1013.6,,Mataram / Lombok,NTB,Nusa Tenggara Barat,2.5555555555555554,7.599999999999998,44.151842482124515,2023,10,286,4,13,-0.8660254037844386,0.5000000000000001,-0.9785481345802031,0.20601832032517084,Transition,2,8,4,2.4
2023-10-14,97240,NB,Nusa Tenggara Barat,24.5,32.8,28.1,76.0,1.1,9.1,,1012.9,,Mataram / Lombok,NTB,Nusa Tenggara Barat,2.5277777777777777,8.299999999999997,45.47070524259562,2023,10,287,4,14,-0.8660254037844386,0.5000000000000001,-0.9748595108374125,0.22282040779479959,Transition,2,8,4,1.1
2023-10-15,97240,NB,Nusa Tenggara Barat,24.3,33.2,28.4,76.0,1.4,9.9,,1012.6,,Mataram / Lombok,NTB,Nusa Tenggara Barat,2.75,8.900000000000002,46.915916868995645,2023,10,288,4,15,-0.8660254037844386,0.5000000000000001,-0.9708824104813836,0.23955655912092708,Transition,2,8,4,1.4
2023-10-16,97240,NB,Nusa Tenggara Barat,24.1,33.4,28.3,76.0,2.1,10.0,,1012.5,,Mataram / Lombok,NTB,Nusa Tenggara Barat,2.7777777777777777,9.299999999999997,47.654733950915606,2023,10,289,4,16,-0.8660254037844386,0.5000000000000001,-0.9666180104000972,0.2562218218071163,Transition,2,8,4,2.1
2023-10-17,97240,NB,Nusa Tenggara Barat,23.5,33.0,27.9,76.0,1.1,9.3,,1013.0,,Mataram / Lombok,NTB,Nusa Tenggara Barat,2.5833333333333335,9.5,46.187907299555505,2023,10,290,4,17,-0.8660254037844386,0.5000000000000001,-0.9620675724981452,0.27281126433401914,Transition,2,8,4,1.1
2023-10-18,97240,NB,Nusa Tenggara Barat,23.6,33.0,28.0,74.0,1.5,10.3,,1013.3,,Mataram / Lombok,NTB,Nusa Tenggara Barat,2.861111111111111,9.399999999999999,45.252950359111125,2023,10,291,4,18,-0.8660254037844386,0.5000000000000001,-0.957232443323312,0.28931997761869527,Transition,2,8,4,1.5
2023-10-19,97240,NB,Nusa Tenggara Barat,23.5,32.7,27.8,76.0,3.9,9.1,,1013.2,,Mataram / Lombok,NTB,Nusa Tenggara Barat,2.5277777777777777,9.200000000000003,45.11615703129566,2023,10,292,4,19,-0.8660254037844386,0.5000000000000001,-0.9521140536681102,0.3057430764672831,Transition,2,8,4,3.9
2023-10-20,97240,NB,Nusa Tenggara Barat,23.9,33.0,28.0,75.0,0.6,7.7,,1013.1,,Mataram / Lombok,NTB,Nusa Tenggara Barat,2.138888888888889,9.100000000000001,45.71681427511123,2023,10,293,4,20,-0.8660254037844386,0.5000000000000001,-0.9467139181463862,0.3220757010206104,Transition,2,8,4,0.6
2023-10-21,97240,NB,Nusa Tenggara Barat,23.2,33.1,27.8,75.0,4.3,6.9,,1012.9,,Mataram / Lombok,NTB,Nusa Tenggara Barat,1.9166666666666667,9.900000000000002,46.072080961271126,2023,10,294,4,21,-0.8660254037844386,0.5000000000000001,-0.9410336347451197,0.3383130181923076,Transition,2,8,4,4.3
2023-10-22,97240,NB,Nusa Tenggara Barat,23.8,32.8,28.1,76.0,4.1,7.0,,1013.2,,Mataram / Lombok,NTB,Nusa Tenggara Barat,1.9444444444444444,8.999999999999996,45.47070524259562,2023,10,295,4,22,-0.8660254037844386,0.5000000000000001,-0.9350748843515574,0.3544502230989869,Transition,2,8,4,4.1
2023-10-23,97240,NB,Nusa Tenggara Barat,24.5,32.2,28.3,76.0,1.0,7.9,,1013.2,,Mataram / Lombok,NTB,Nusa Tenggara Barat,2.1944444444444446,7.700000000000003,43.38394414659575,2023,10,296,4,23,-0.8660254037844386,0.5000000000000001,-0.9288394302558068,0.3704825404820963,Transition,2,8,4,1.0
2023-10-24,97240,NB,Nusa Tenggara Barat,24.5,32.4,28.2,77.0,2.0,7.8,,1012.9,,Mataram / Lombok,NTB,Nusa Tenggara Barat,2.1666666666666665,7.899999999999999,44.50283516236454,2023,10,297,4,24,-0.8660254037844386,0.5000000000000001,-0.9223291176290545,0.3864052261209853,Transition,2,8,4,2.0
2023-10-25,97240,NB,Nusa Tenggara Barat,24.6,32.7,28.3,76.0,4.6,9.3,,1013.4,,Mataram / Lombok,NTB,Nusa Tenggara Barat,2.5833333333333335,8.100000000000001,45.11615703129566,2023,10,298,4,25,-0.8660254037844386,0.5000000000000001,-0.9155458729775467,0.40221356823680365,Transition,2,8,4,4.6
2023-10-26,97240,NB,Nusa Tenggara Barat,24.7,33.2,28.5,76.0,3.7,7.9,,1013.3,,Mataram / Lombok,NTB,Nusa Tenggara Barat,2.1944444444444446,8.500000000000004,46.915916868995645,2023,10,299,4,26,-0.8660254037844386,0.5000000000000001,-0.9084917035725082,0.41790288888678667,Transition,2,8,4,3.7
2023-10-27,97240,NB,Nusa Tenggara Barat,24.8,32.6,28.4,77.0,3.7,6.8,,1012.9,,Mataram / Lombok,NTB,Nusa Tenggara Barat,1.8888888888888888,7.800000000000001,45.21302597836463,2023,10,300,4,27,-0.8660254037844386,0.5000000000000001,-0.9011686968561569,0.4334685453485363,Transition,2,8,4,3.7
2023-10-28,97240,NB,Nusa Tenggara Barat,23.8,32.7,28.2,77.0,0.9,7.6,,1012.7,,Mataram / Lombok,NTB,Nusa Tenggara Barat,2.111111111111111,8.900000000000002,45.572224114124495,2023,10,301,4,28,-0.8660254037844386,0.5000000000000001,-0.8935790198239952,0.4489059314938798,Transition,2,8,4,0.9
2023-10-29,97240,NB,Nusa Tenggara Barat,24.7,32.8,28.4,77.0,3.4,8.1,,1011.9,,Mataram / Lombok,NTB,Nusa Tenggara Barat,2.25,8.099999999999998,45.93415740172445,2023,10,302,4,29,-0.8660254037844386,0.5000000000000001,-0.8857249183835637,0.4642104791518923,Transition,2,8,4,3.4
2023-10-30,97240,NB,Nusa Tenggara Barat,25.0,32.4,28.5,77.0,2.0,8.3,,1011.1,,Mataram / Lombok,NTB,Nusa Tenggara Barat,2.305555555555556,7.399999999999999,44.50283516236454,2023,10,303,4,30,-0.8660254037844386,0.5000000000000001,-0.8776087166898392,0.4793776594606945,Transition,2,8,4,2.0
2023-10-31,97240,NB,Nusa Tenggara Barat,24.9,32.6,28.6,77.0,0.4,8.0,,1011.2,,Mataram / Lombok,NTB,Nusa Tenggara Barat,2.2222222222222223,7.700000000000003,45.21302597836463,2023,10,304,4,31,-0.8660254037844386,0.5000000000000001,-0.8692328164574792,0.49440298420761813,Transition,2,8,4,0.4
2023-11-01,97240,NB,Nusa Tenggara Barat,25.1,33.3,28.7,76.0,1.6,8.8,,1011.8,,Mataram / Lombok,NTB,Nusa Tenggara Barat,2.4444444444444446,8.199999999999996,47.283974470895664,2023,11,305,4,1,-0.5000000000000004,0.8660254037844384,-0.8605996962501181,0.5092820071573356,Rainy Season,1,8,4,1.6
2023-11-02,97240,NB,Nusa Tenggara Barat,24.9,32.7,28.8,78.0,6.8,8.6,,1011.0,,Mataram / Lombok,NTB,Nusa Tenggara Barat,2.388888888888889,7.800000000000004,46.03522623183783,2023,11,306,4,2,-0.5000000000000004,0.8660254037844384,-0.8517119107469189,0.5240103253675756,Rainy Season,1,8,4,6.8
2023-11-03,97240,NB,Nusa Tenggara Barat,25.5,32.5,28.5,78.0,2.4,8.1,,1010.4,,Mataram / Lombok,NTB,Nusa Tenggara Barat,2.25,7.0,45.304698015277886,2023,11,307,4,3,-0.5000000000000004,0.8660254037844384,-0.8425720899866032,0.5385835804920232,Rainy Season,1,8,4,2.4
2023-11-04,97240,NB,Nusa Tenggara Barat,25.3,32.8,28.7,77.0,2.5,7.4,,1010.7,,Mataram / Lombok,NTB,Nusa Tenggara Barat,2.055555555555556,7.4999999999999964,45.93415740172445,2023,11,308,4,4,-0.5000000000000004,0.8660254037844384,-0.8331829385891785,0.5529974600700271,Rainy Season,1,8,4,2.5
2023-11-05,97240,NB,Nusa Tenggara Barat,24.7,33.5,28.6,76.0,1.1,7.2,,1011.3,,Mataram / Lombok,NTB,Nusa Tenggara Barat,2.0,8.8,48.02819530905576,2023,11,309,4,5,-0.5000000000000004,0.8660254037844384,-0.8235472349556007,0.5672476988027229,Rainy Season,1,8,4,1.1
2023-11-06,97240,NB,Nusa Tenggara Barat,25.1,33.6,28.9,76.0,3.4,7.7,,1011.6,,Mataram / Lombok,NTB,Nusa Tenggara Barat,2.138888888888889,8.5,48.404358545315525,2023,11,310,4,6,-0.5000000000000004,0.8660254037844384,-0.8136678304455991,0.5813300798152042,Rainy Season,1,8,4,3.4
2023-11-07,97240,NB,Nusa Tenggara Barat,25.2,33.2,28.8,77.0,12.0,6.8,,1011.5,,Mataram / Lombok,NTB,Nusa Tenggara Barat,1.8888888888888888,8.000000000000004,47.40924207052457,2023,11,311,4,7,-0.5000000000000004,0.8660254037844384,-0.8035476485339116,0.5952404359043674,Rainy Season,1,8,4,12.0
2023-11-08,97240,NB,Nusa Tenggara Barat,25.2,33.4,29.0,76.0,3.0,6.5,,1010.8,,Mataram / Lombok,NTB,Nusa Tenggara Barat,1.8055555555555556,8.2,47.654733950915606,2023,11,312,4,8,-0.5000000000000004,0.8660254037844384,-0.7931896839451843,0.6089746507720486,Rainy Season,1,8,4,3.0
2023-11-09,97240,NB,Nusa Tenggara Barat,26.0,32.5,28.9,79.0,6.2,6.2,,1011.5,,Mataram / Lombok,NTB,Nusa Tenggara Barat,1.7222222222222223,6.5,45.75957130555568,2023,11,313,4,9,-0.5000000000000004,0.8660254037844384,-0.7825970017677834,0.6225286602431057,Rainy Season,1,8,4,6.2
2023-11-10,97240,NB,Nusa Tenggara Barat,25.4,32.1,28.5,80.0,9.6,5.6,,1012.1,,Mataram / Lombok,NTB,Nusa Tenggara Barat,1.5555555555555554,6.700000000000003,44.73348681183779,2023,11,314,4,10,-0.5000000000000004,0.8660254037844384,-0.7717727365467836,0.6358984534680745,Rainy Season,1,8,4,9.6
2023-11-11,97240,NB,Nusa Tenggara Barat,25.6,32.3,28.6,78.0,1.8,5.9,,1012.4,,Mataram / Lombok,NTB,Nusa Tenggara Barat,1.6388888888888888,6.699999999999996,44.585242927837726,2023,11,315,4,11,-0.5000000000000004,0.8660254037844384,-0.7607200913564104,0.6490800741100398,Rainy Season,1,8,4,1.8
2023-11-12,97240,NB,Nusa Tenggara Barat,25.3,31.9,28.4,80.0,1.1,7.3,,1012.8,,Mataram / Lombok,NTB,Nusa Tenggara Barat,2.0277777777777777,6.599999999999998,44.006643465037826,2023,11,316,4,12,-0.5000000000000004,0.8660254037844384,-0.7494423368521954,0.6620696215153815,Rainy Season,1,8,4,1.1
2023-11-13,97240,NB,Nusa Tenggara Barat,25.3,32.2,28.5,80.0,8.6,7.6,,1012.4,,Mataram / Lombok,NTB,Nusa Tenggara Barat,2.111111111111111,6.900000000000002,45.10115965521799,2023,11,317,4,13,-0.5000000000000004,0.8660254037844384,-0.7379428103031386,0.6748632518680403,Rainy Season,1,8,4,8.6
2023-11-14,97240,NB,Nusa Tenggara Barat,25.8,32.6,29.0,79.0,4.6,7.9,,1012.0,,Mataram / Lombok,NTB,Nusa Tenggara Barat,2.1944444444444446,6.800000000000001,46.13096671027566,2023,11,318,4,14,-0.5000000000000004,0.8660254037844384,-0.7262249146041543,0.6874571793269664,Rainy Season,1,8,4,4.6
2023-11-15,97240,NB,Nusa Tenggara Barat,25.8,32.3,28.7,82.0,2.2,8.4,,1012.1,,Mataram / Lombok,NTB,Nusa Tenggara Barat,2.3333333333333335,6.4999999999999964,46.384254019535476,2023,11,319,4,15,-0.5000000000000004,0.8660254037844384,-0.7142921172691032,0.699847677146407,Rainy Season,1,8,4,2.2
2023-11-16,97240,NB,Nusa Tenggara Barat,25.7,32.1,28.5,80.0,1.7,7.6,,1012.3,,Mataram / Lombok,NTB,Nusa Tenggara Barat,2.111111111111111,6.400000000000002,44.73348681183779,2023,11,320,4,16,-0.5000000000000004,0.8660254037844384,-0.7021479494046978,0.7120310787787131,Rainy Season,1,8,4,1.7
2023-11-17,97240,NB,Nusa Tenggara Barat,25.4,31.7,28.3,81.0,2.5,7.4,,1012.4,,Mataram / Lombok,NTB,Nusa Tenggara Barat,2.055555555555556,6.300000000000001,43.69896485188444,2023,11,321,4,17,-0.5000000000000004,0.8660254037844384,-0.6897960046655887,0.7240037789593305,Rainy Season,1,8,4,2.5
2023-11-18,97240,NB,Nusa Tenggara Barat,25.3,32.5,28.4,79.0,1.0,7.8,,1011.7,,Mataram / Lombok,NTB,Nusa Tenggara Barat,2.1666666666666665,7.199999999999999,45.75957130555568,2023,11,322,4,18,-0.5000000000000004,0.8660254037844384,-0.6772399381909491,0.7357622347736527,Rainy Season,1,8,4,1.0
2023-11-19,97240,NB,Nusa Tenggara Barat,25.1,32.2,28.3,78.0,3.3,7.9,,1011.6,,Mataram / Lombok,NTB,Nusa Tenggara Barat,2.1944444444444446,7.100000000000001,44.22966780753791,2023,11,323,4,19,-0.5000000000000004,0.8660254037844384,-0.6644834655228552,0.7473029667054296,Rainy Season,1,8,4,3.3
2023-11-20,97240,NB,Nusa Tenggara Barat,25.1,32.7,28.6,80.0,3.8,8.3,,1011.6,,Mataram / Lombok,NTB,Nusa Tenggara Barat,2.305555555555556,7.600000000000001,46.982035571917784,2023,11,324,4,20,-0.5000000000000004,0.8660254037844384,-0.6515303615068021,0.75862255966641,Rainy Season,1,8,4,3.8
2023-11-21,97240,NB,Nusa Tenggara Barat,25.4,33.1,29.0,78.0,1.4,8.1,,1011.0,,Mataram / Lombok,NTB,Nusa Tenggara Barat,2.25,7.700000000000003,47.52950205231772,2023,11,325,4,21,-0.5000000000000004,0.8660254037844384,-0.6383844591746642,0.7697176640069211,Rainy Season,1,8,4,1.4
2023-11-22,97240,NB,Nusa Tenggara Barat,25.5,33.8,29.5,78.0,4.1,8.6,,1009.8,,Mataram / Lombok,NTB,Nusa Tenggara Barat,2.388888888888889,8.299999999999997,50.25106360593798,2023,11,326,4,22,-0.5000000000000004,0.8660254037844384,-0.6250496486104377,0.7805849965070866,Rainy Season,1,8,4,4.1
2023-11-23,97240,NB,Nusa Tenggara Barat,25.8,33.4,29.0,80.0,8.2,6.2,,1009.1,,Mataram / Lombok,NTB,Nusa Tenggara Barat,1.7222222222222223,7.599999999999998,49.734294614737784,2023,11,327,4,23,-0.5000000000000004,0.8660254037844384,-0.6115298757991053,0.7912213413483807,Rainy Season,1,8,4,8.2
2023-11-24,97240,NB,Nusa Tenggara Barat,25.1,32.4,28.5,81.0,2.5,4.5,,1009.0,,Mataram / Lombok,NTB,Nusa Tenggara Barat,1.25,7.299999999999997,46.3056778654046,2023,11,328,4,24,-0.5000000000000004,0.8660254037844384,-0.5978291414589552,0.801623551065242,Rainy Season,1,8,4,2.5
2023-11-25,97240,NB,Nusa Tenggara Barat,25.2,31.9,28.4,81.0,7.7,4.8,,1009.6,,Mataram / Lombok,NTB,Nusa Tenggara Barat,1.3333333333333333,6.699999999999999,44.429405929004474,2023,11,329,4,25,-0.5000000000000004,0.8660254037844384,-0.5839514998576998,0.8117885474764613,Rainy Season,1,8,4,7.7
2023-11-26,97240,NB,Nusa Tenggara Barat,25.4,32.1,28.6,80.0,3.1,5.7,,1009.8,,Mataram / Lombok,NTB,Nusa Tenggara Barat,1.5833333333333333,6.700000000000003,44.73348681183779,2023,11,330,4,26,-0.5000000000000004,0.8660254037844384,-0.5699010576127624,0.8217133225960589,Rainy Season,1,8,4,3.1
2023-11-27,97240,NB,Nusa Tenggara Barat,25.1,31.2,27.8,81.0,3.6,4.7,,1009.8,,Mataram / Lombok,NTB,Nusa Tenggara Barat,1.3055555555555556,6.099999999999998,41.92303140268456,2023,11,331,4,27,-0.5000000000000004,0.8660254037844384,-0.5556819724760489,0.8313949395234058,Rainy Season,1,8,4,3.6
2023-11-28,97240,NB,Nusa Tenggara Barat,24.9,30.8,27.7,82.0,8.6,5.2,,1010.1,,Mataram / Lombok,NTB,Nusa Tenggara Barat,1.4444444444444444,5.900000000000002,40.90117305123566,2023,11,332,4,28,-0.5000000000000004,0.8660254037844384,-0.5412984521036173,0.8408305333122887,Rainy Season,1,8,4,8.6
2023-11-29,97240,NB,Nusa Tenggara Barat,24.7,30.9,27.1,86.0,11.4,5.2,,1010.1,,Mataram / Lombok,NTB,Nusa Tenggara Barat,1.4444444444444444,6.199999999999999,42.71602365410444,2023,11,333,4,29,-0.5000000000000004,0.8660254037844384,-0.5267547528105542,0.8500173118187018,Rainy Season,1,8,4,11.4
2023-11-30,97240,NB,Nusa Tenggara Barat,24.5,31.2,27.4,87.0,13.7,6.1,,1010.1,,Mataram / Lombok,NTB,Nusa Tenggara Barat,1.6944444444444442,6.699999999999999,44.263773703857986,2023,11,334,4,30,-0.5000000000000004,0.8660254037844384,-0.5120551783114646,0.8589525565270845,Rainy Season,1,8,4,13.7
2023-12-01,97240,NB,Nusa Tenggara Barat,24.9,30.0,27.2,88.0,2.4,5.7,,1010.0,,Mataram / Lombok,NTB,Nusa Tenggara Barat,1.5833333333333333,5.100000000000001,40.07483785555552,2023,12,335,4,1,-2.4492935982947064e-16,1.0,-0.4972040784469378,0.8676336233547726,Rainy Season,1,8,4,2.4
2023-12-02,97240,NB,Nusa Tenggara Barat,24.9,30.4,27.5,86.0,4.1,5.4,,1010.2,,Mataram / Lombok,NTB,Nusa Tenggara Barat,1.5,5.5,40.869898638204496,2023,12,336,4,2,-2.4492935982947064e-16,1.0,-0.4822058478963526,0.8760579434344281,Rainy Season,1,8,4,4.1
2023-12-03,97240,NB,Nusa Tenggara Barat,25.1,31.1,27.8,84.0,11.0,6.7,,1010.5,,Mataram / Lombok,NTB,Nusa Tenggara Barat,1.8611111111111112,6.0,42.699945970531196,2023,12,337,4,3,-2.4492935982947064e-16,1.0,-0.46706492487743034,0.8842230238742036,Rainy Season,1,8,4,11.0
2023-12-04,97240,NB,Nusa Tenggara Barat,25.3,31.1,28.0,83.0,5.2,7.0,,1011.3,,Mataram / Lombok,NTB,Nusa Tenggara Barat,1.9444444444444444,5.800000000000001,42.32010083455108,2023,12,338,4,4,-2.4492935982947064e-16,1.0,-0.451785789832884,0.8921264484954345,Rainy Season,1,8,4,5.2
2023-12-05,97240,NB,Nusa Tenggara Barat,25.5,31.3,28.4,82.0,1.4,7.5,,1010.9,,Mataram / Lombok,NTB,Nusa Tenggara Barat,2.0833333333333335,5.800000000000001,42.656382426335675,2023,12,339,4,5,-2.4492935982947064e-16,1.0,-0.4363729641045924,0.8997658785476209,Rainy Season,1,8,4,1.4
2023-12-06,97240,NB,Nusa Tenggara Barat,25.9,32.4,28.7,81.0,3.9,5.9,,1010.6,,Mataram / Lombok,NTB,Nusa Tenggara Barat,1.6388888888888888,6.5,46.3056778654046,2023,12,340,4,6,-2.4492935982947064e-16,1.0,-0.42083100859565564,0.9071390534005044,Rainy Season,1,8,4,3.9
2023-12-07,97240,NB,Nusa Tenggara Barat,25.2,31.5,28.0,85.0,10.6,5.3,,1010.7,,Mataram / Lombok,NTB,Nusa Tenggara Barat,1.472222222222222,6.300000000000001,44.60954908155565,2023,12,341,4,7,-2.4492935982947064e-16,1.0,-0.4051645224207563,0.9142437912130223,Rainy Season,1,8,4,10.6
2023-12-08,97240,NB,Nusa Tenggara Barat,25.1,32.1,28.2,84.0,4.7,5.1,,1010.5,,Mataram / Lombok,NTB,Nusa Tenggara Barat,1.4166666666666665,7.0,46.522854726931186,2023,12,342,4,8,-2.4492935982947064e-16,1.0,-0.3893781415452015,0.9210779895789526,Rainy Season,1,8,4,4.7
2023-12-09,97240,NB,Nusa Tenggara Barat,25.6,31.7,28.4,82.0,1.6,5.2,,1010.1,,Mataram / Lombok,NTB,Nusa Tenggara Barat,1.4444444444444444,6.099999999999998,44.11273860873574,2023,12,343,4,9,-2.4492935982947064e-16,1.0,-0.37347653741307074,0.9276396261490467,Rainy Season,1,8,4,1.6
2023-12-10,97240,NB,Nusa Tenggara Barat,25.3,32.0,28.6,80.0,2.5,6.2,,1009.5,,Mataram / Lombok,NTB,Nusa Tenggara Barat,1.7222222222222223,6.699999999999999,44.36864808177802,2023,12,344,4,10,-2.4492935982947064e-16,1.0,-0.3574644155648614,0.9339267592294762,Rainy Season,1,8,4,2.5
2023-12-11,97240,NB,Nusa Tenggara Barat,25.5,32.5,28.7,79.0,1.6,6.9,,1009.2,,Mataram / Lombok,NTB,Nusa Tenggara Barat,1.9166666666666667,7.0,45.75957130555568,2023,12,345,4,11,-2.4492935982947064e-16,1.0,-0.34134651424503615,0.9399375283564133,Rainy Season,1,8,4,1.6
2023-12-12,97240,NB,Nusa Tenggara Barat,25.3,32.1,28.4,80.0,1.3,6.2,,1008.9,,Mataram / Lombok,NTB,Nusa Tenggara Barat,1.7222222222222223,6.800000000000001,44.73348681183779,2023,12,346,4,12,-2.4492935982947064e-16,1.0,-0.3251276029999093,0.9456701548465688,Rainy Season,1,8,4,1.3
2023-12-13,97240,NB,Nusa Tenggara Barat,25.2,31.4,27.9,85.0,1.8,4.8,,1009.6,,Mataram / Lombok,NTB,Nusa Tenggara Barat,1.3333333333333333,6.199999999999999,44.223951528515556,2023,12,347,4,13,-2.4492935982947064e-16,1.0,-0.30881248126625377,0.9511229423235357,Rainy Season,1,8,4,1.8
2023-12-14,97240,NB,Nusa Tenggara Barat,24.7,31.3,27.8,86.0,1.3,4.5,,1010.7,,Mataram / Lombok,NTB,Nusa Tenggara Barat,1.25,6.600000000000001,44.247430685784465,2023,12,348,4,14,-2.4492935982947064e-16,1.0,-0.29240597695107734,0.9562942772197719,Rainy Season,1,8,4,1.3
2023-12-15,97240,NB,Nusa Tenggara Barat,25.2,31.9,28.5,83.0,3.7,5.5,,1010.5,,Mataram / Lombok,NTB,Nusa Tenggara Barat,1.5277777777777777,6.699999999999999,45.29336446015126,2023,12,349,4,15,-2.4492935982947064e-16,1.0,-0.27591294500296043,0.9611826292540837,Rainy Season,1,8,4,3.7
2023-12-16,97240,NB,Nusa Tenggara Barat,25.7,32.9,28.7,80.0,3.9,6.2,,1010.0,,Mataram / Lombok,NTB,Nusa Tenggara Barat,1.7222222222222223,7.199999999999999,47.75422473183803,2023,12,350,4,16,-2.4492935982947064e-16,1.0,-0.2593382659754056,0.9657865518844574,Rainy Season,1,8,4,3.9
2023-12-17,97240,NB,Nusa Tenggara Barat,25.5,32.1,28.3,79.0,1.6,6.4,,1010.8,,Mataram / Lombok,NTB,Nusa Tenggara Barat,1.777777777777778,6.600000000000001,44.30200238107568,2023,12,351,4,17,-2.4492935982947064e-16,1.0,-0.2426868445825954,0.9701046827361175,Rainy Season,1,8,4,1.6
2023-12-18,97240,NB,Nusa Tenggara Barat,24.7,32.6,28.1,77.0,0.0,6.5,,1011.2,,Mataram / Lombok,NTB,Nusa Tenggara Barat,1.8055555555555556,7.900000000000002,45.21302597836463,2023,12,352,4,18,-2.4492935982947064e-16,1.0,-0.22596360824801906,0.974135744004672,Rainy Season,1,8,4,0.0
2023-12-19,97240,NB,Nusa Tenggara Barat,24.1,32.2,27.7,76.0,0.0,6.6,,1011.4,,Mataram / Lombok,NTB,Nusa Tenggara Barat,1.8333333333333333,8.100000000000001,43.38394414659575,2023,12,353,4,19,-2.4492935982947064e-16,1.0,-0.20917350564635637,0.9778785428342386,Rainy Season,1,8,4,0.0
2023-12-20,97240,NB,Nusa Tenggara Barat,23.9,32.1,27.8,76.0,0.0,6.6,,1011.0,,Mataram / Lombok,NTB,Nusa Tenggara Barat,1.8333333333333333,8.200000000000003,43.045607204015646,2023,12,354,4,20,-2.4492935982947064e-16,1.0,-0.19232150523909483,0.9813319716704275,Rainy Season,1,8,4,0.0
2023-12-21,97240,NB,Nusa Tenggara Barat,23.7,33.0,28.1,76.0,0.0,6.2,,1010.9,,Mataram / Lombok,NTB,Nusa Tenggara Barat,1.7222222222222223,9.3,46.187907299555505,2023,12,355,4,21,-2.4492935982947064e-16,1.0,-0.17541259380427843,0.9844950085880858,Rainy Season,1,8,4,0.0
2023-12-22,97240,NB,Nusa Tenggara Barat,24.3,33.4,28.5,76.0,0.0,6.7,,1011.9,,Mataram / Lombok,NTB,Nusa Tenggara Barat,1.8611111111111112,9.099999999999998,47.654733950915606,2023,12,356,4,22,-2.4492935982947064e-16,1.0,-0.15845177496083632,0.9873667175937016,Rainy Season,1,8,4,0.0
2023-12-23,97240,NB,Nusa Tenggara Barat,24.7,33.0,28.5,77.0,1.0,6.2,,1012.5,,Mataram / Lombok,NTB,Nusa Tenggara Barat,1.7222222222222223,8.3,46.66622943244462,2023,12,357,4,23,-2.4492935982947064e-16,1.0,-0.14144406768794202,0.9899462489023779,Rainy Season,1,8,4,1.0
2023-12-24,97240,NB,Nusa Tenggara Barat,25.4,32.0,28.4,82.0,4.3,4.8,,1012.0,,Mataram / Lombok,NTB,Nusa Tenggara Barat,1.3333333333333333,6.600000000000001,45.23544914355571,2023,12,358,4,24,-2.4492935982947064e-16,1.0,-0.12439450483979998,0.9922328391893008,Rainy Season,1,8,4,4.3
2023-12-25,97240,NB,Nusa Tenggara Barat,24.9,31.5,27.5,86.0,10.6,4.2,,1011.9,,Mataram / Lombok,NTB,Nusa Tenggara Barat,1.1666666666666667,6.600000000000001,45.031303207944504,2023,12,359,4,25,-2.4492935982947064e-16,1.0,-0.10730813165636247,0.9942258118156161,Rainy Season,1,8,4,10.6
2023-12-26,97240,NB,Nusa Tenggara Barat,24.8,31.3,27.8,85.0,2.7,5.5,,1012.4,,Mataram / Lombok,NTB,Nusa Tenggara Barat,1.5277777777777777,6.5,43.84135015899567,2023,12,360,4,26,-2.4492935982947064e-16,1.0,-0.09019000427034513,0.9959245770286599,Rainy Season,1,8,4,2.7
2023-12-27,97240,NB,Nusa Tenggara Barat,24.9,31.6,27.9,86.0,4.9,5.1,,1013.1,,Mataram / Lombok,NTB,Nusa Tenggara Barat,1.4166666666666665,6.700000000000003,45.427781720604436,2023,12,361,4,27,-2.4492935982947064e-16,1.0,-0.07304518821104743,0.9973286321364752,Rainy Season,1,8,4,4.9
2023-12-28,97240,NB,Nusa Tenggara Barat,25.2,32.2,28.1,85.0,19.4,5.0,,1012.5,,Mataram / Lombok,NTB,Nusa Tenggara Barat,1.3888888888888888,7.0000000000000036,47.39262509139572,2023,12,362,4,28,-2.4492935982947064e-16,1.0,-0.05587875690537313,0.9984375616565666,Rainy Season,1,8,4,19.4
2023-12-29,97240,NB,Nusa Tenggara Barat,25.2,32.8,28.6,84.0,4.9,6.0,,1011.1,,Mataram / Lombok,NTB,Nusa Tenggara Barat,1.6666666666666665,7.599999999999998,49.37525219079113,2023,12,363,4,29,-2.4492935982947064e-16,1.0,-0.03869579017652689,0.9992510374388481,Rainy Season,1,8,4,4.9
2023-12-30,97240,NB,Nusa Tenggara Barat,26.1,33.6,29.2,81.0,2.2,6.0,,1010.3,,Mataram / Lombok,NTB,Nusa Tenggara Barat,1.6666666666666665,7.5,51.10114553260438,2023,12,364,4,30,-2.4492935982947064e-16,1.0,-0.021501372740813793,0.999768818762748,Rainy Season,1,8,4,2.2
2023-12-31,97240,NB,Nusa Tenggara Barat,26.0,33.0,29.0,83.0,4.6,5.5,,1010.7,,Mataram / Lombok,NTB,Nusa Tenggara Barat,1.5277777777777777,7.0,49.68797350711129,2023,12,365,4,31,-2.4492935982947064e-16,1.0,-0.004300592702981974,0.9999907524084426,Rainy Season,1,8,4,4.6
2023-01-01,96781,JB,Jawa Barat,19.4,25.6,21.4,88.0,1.6,12.2,,1013.7,,Bandung (Husein S.),West Java,Jawa Barat,3.3888888888888884,6.200000000000003,26.513333333333335,2023,1,1,1,1,0.49999999999999994,0.8660254037844387,0.017201575418260506,0.9998520419557735,Rainy Season,1,4,7,1.6
2023-01-02,96781,JB,Jawa Barat,19.2,27.8,22.4,83.0,0.8,13.6,,1013.7,,Bandung (Husein S.),West Java,Jawa Barat,3.7777777777777777,8.600000000000001,32.03874112087109,2023,1,2,1,2,0.49999999999999994,0.8660254037844387,0.03439806061360801,0.9994082116062598,Rainy Season,1,4,7,0.8
2023-01-03,96781,JB,Jawa Barat,19.4,26.0,21.8,85.0,2.2,13.5,,1013.5,,Bandung (Husein S.),West Java,Jawa Barat,3.75,6.600000000000001,26.875000000000007,2023,1,3,1,3,0.49999999999999994,0.8660254037844387,0.051584366869408364,0.9986686402879997,Rainy Season,1,4,7,2.2
2023-01-04,96781,JB,Jawa Barat,18.7,27.8,21.8,85.0,4.0,10.7,,1013.1,,Bandung (Husein S.),West Java,Jawa Barat,2.972222222222222,9.100000000000001,32.33789784339564,2023,1,4,1,4,0.49999999999999994,0.8660254037844387,0.06875540848113941,0.9976335468520451,Rainy Season,1,4,7,4.0
2023-01-05,96781,JB,Jawa Barat,18.5,27.0,22.2,80.0,0.9,10.7,,1013.6,,Bandung (Husein S.),West Java,Jawa Barat,2.972222222222222,8.5,29.740206061777844,2023,1,5,1,5,0.49999999999999994,0.8660254037844387,0.08590610426133272,0.9963032375991965,Rainy Season,1,4,7,0.9
2023-01-06,96781,JB,Jawa Barat,19.4,28.0,23.0,74.0,0.6,12.4,,1013.1,,Bandung (Husein S.),West Java,Jawa Barat,3.4444444444444446,8.600000000000001,31.213585699111185,2023,1,6,1,6,0.49999999999999994,0.8660254037844387,0.10303137904317879,0.9946781061893646,Rainy Season,1,4,7,0.6
2023-01-07,96781,JB,Jawa Barat,18.4,29.0,23.0,78.0,1.3,10.8,,1012.3,,Bandung (Husein S.),West Java,Jawa Barat,3.0,10.600000000000001,34.3129170017778,2023,1,7,1,7,0.49999999999999994,0.8660254037844387,0.1201261651823505,0.9927586335250793,Rainy Season,1,4,7,1.3
2023-01-08,96781,JB,Jawa Barat,18.7,29.2,22.5,81.0,2.5,8.4,,1013.1,,Bandung (Husein S.),West Java,Jawa Barat,2.3333333333333335,10.5,35.53600108588457,2023,1,8,1,8,0.49999999999999994,0.8660254037844387,0.13718540405660057,0.9905453876091833,Rainy Season,1,4,7,2.5
2023-01-09,96781,JB,Jawa Barat,17.8,28.0,22.3,83.0,3.2,7.6,,1014.3,,Bandung (Husein S.),West Java,Jawa Barat,2.111111111111111,10.2,32.570968487111166,2023,1,9,1,9,0.49999999999999994,0.8660254037844387,0.1542040475626894,0.988039023376751,Rainy Season,1,4,7,3.2
2023-01-10,96781,JB,Jawa Barat,17.7,28.3,22.4,84.0,0.7,7.3,,1014.2,,Bandung (Husein S.),West Java,Jawa Barat,2.0277777777777777,10.600000000000001,33.57267926589113,2023,1,10,1,10,0.49999999999999994,0.8660254037844387,0.17117705961019986,0.985240282501282,Rainy Season,1,4,7,0.7
2023-01-11,96781,JB,Jawa Barat,17.0,31.0,22.6,79.0,1.0,7.7,,1013.3,,Bandung (Husein S.),West Java,Jawa Barat,2.138888888888889,14.0,40.52479256755576,2023,1,11,1,11,0.49999999999999994,0.8660254037844387,0.18809941761179758,0.9821499931752291,Rainy Season,1,4,7,1.0
2023-01-12,96781,JB,Jawa Barat,17.5,29.9,23.1,80.0,0.4,7.9,,1013.2,,Bandung (Husein S.),West Java,Jawa Barat,2.1944444444444446,12.399999999999999,37.361714927437816,2023,1,12,1,12,0.49999999999999994,0.8660254037844387,0.20496611396949532,0.9787690698649216,Rainy Season,1,4,7,0.4
2023-01-13,96781,JB,Jawa Barat,17.3,29.8,22.7,80.0,0.4,7.7,,1013.2,,Bandung (Husein S.),West Java,Jawa Barat,2.138888888888889,12.5,37.05922669041774,2023,1,13,1,13,0.49999999999999994,0.8660254037844387,0.22177215755648186,0.975098513039961,Rainy Season,1,4,7,0.4
2023-01-14,96781,JB,Jawa Barat,17.2,29.8,22.6,80.0,0.4,7.9,,1012.2,,Bandung (Husein S.),West Java,Jawa Barat,2.1944444444444446,12.600000000000001,37.05922669041774,2023,1,14,1,14,0.49999999999999994,0.8660254037844387,0.23851257519407648,0.9711394088771653,Rainy Season,1,4,7,0.4
2023-01-15,96781,JB,Jawa Barat,17.9,30.0,23.1,81.0,1.1,9.4,,1011.1,,Bandung (Husein S.),West Java,Jawa Barat,2.611111111111111,12.100000000000001,37.953206144444415,2023,1,15,1,15,0.49999999999999994,0.8660254037844387,0.2551824131233728,0.9668929289391521,Rainy Season,1,4,7,1.1
2023-01-16,96781,JB,Jawa Barat,19.3,29.3,23.3,78.0,0.8,9.7,,1011.5,,Bandung (Husein S.),West Java,Jawa Barat,2.694444444444444,10.0,35.122192110638,2023,1,16,1,16,0.49999999999999994,0.8660254037844387,0.2717767384711357,0.9623603298276545,Rainy Season,1,4,7,0.8
2023-01-17,96781,JB,Jawa Barat,18.6,28.2,22.4,83.0,1.4,8.9,,1013.2,,Bandung (Husein S.),West Java,Jawa Barat,2.4722222222222223,9.599999999999998,33.11492299447119,2023,1,17,1,17,0.49999999999999994,0.8660254037844387,0.2882906407095177,0.9575429528116719,Rainy Season,1,4,7,1.4
2023-01-18,96781,JB,Jawa Barat,18.6,27.0,21.6,87.0,9.0,7.5,,1013.5,,Bandung (Husein S.),West Java,Jawa Barat,2.0833333333333335,8.399999999999999,30.425069205777866,2023,1,18,1,18,0.49999999999999994,0.8660254037844387,0.3047192331091634,0.9524422234305676,Rainy Season,1,4,7,9.0
2023-01-19,96781,JB,Jawa Barat,18.6,28.0,22.1,85.0,13.5,7.9,,1013.1,,Bandung (Husein S.),West Java,Jawa Barat,2.1944444444444446,9.399999999999999,32.89636391955554,2023,1,19,1,19,0.49999999999999994,0.8660254037844387,0.321057654185271,0.9470596510722283,Rainy Season,1,4,7,13.5
2023-01-20,96781,JB,Jawa Barat,17.3,28.6,21.8,85.0,3.5,8.6,,1012.6,,Bandung (Husein S.),West Java,Jawa Barat,2.388888888888889,11.3,34.643670552515566,2023,1,20,1,20,0.49999999999999994,0.8660254037844387,0.3373010691361842,0.9413968285264122,Rainy Season,1,4,7,3.5
2023-01-21,96781,JB,Jawa Barat,18.3,30.4,22.3,84.0,3.3,7.7,,1012.0,,Bandung (Husein S.),West Java,Jawa Barat,2.138888888888889,12.099999999999998,40.20027117543113,2023,1,21,1,21,0.49999999999999994,0.8660254037844387,0.3534446712740877,0.9354554315134164,Rainy Season,1,4,7,3.3
2023-01-22,96781,JB,Jawa Barat,17.9,28.2,22.2,82.0,3.4,9.3,,1010.6,,Bandung (Husein S.),West Java,Jawa Barat,2.5833333333333335,10.3,32.942530910435615,2023,1,22,1,22,0.49999999999999994,0.8660254037844387,0.3694836834473831,0.9292372181882051,Rainy Season,1,4,7,3.4
2023-01-23,96781,JB,Jawa Barat,19.0,27.6,22.4,85.0,3.5,10.3,,1009.9,,Bandung (Husein S.),West Java,Jawa Barat,2.861111111111111,8.600000000000001,31.791416501315688,2023,1,23,1,23,0.49999999999999994,0.8660254037844387,0.38541335945432564,0.9227440286201427,Rainy Season,1,4,7,3.5
2023-01-24,96781,JB,Jawa Barat,18.5,29.4,22.6,78.0,0.3,11.2,,1010.0,,Bandung (Husein S.),West Java,Jawa Barat,3.1111111111111107,10.899999999999999,35.397487044817886,2023,1,24,1,24,0.49999999999999994,0.8660254037844387,0.4012289854475009,0.9159777842484877,Rainy Season,1,4,7,0.3
2023-01-25,96781,JB,Jawa Barat,19.9,24.4,21.5,88.0,9.0,14.4,,1010.6,,Bandung (Husein S.),West Java,Jawa Barat,4.0,4.5,25.19333333333333,2023,1,25,1,25,0.49999999999999994,0.8660254037844387,0.4169258813287287,0.908940487313808,Rainy Season,1,4,7,9.0
2023-01-26,96781,JB,Jawa Barat,18.6,28.8,22.5,81.0,4.5,11.0,,1011.0,,Bandung (Husein S.),West Java,Jawa Barat,3.0555555555555554,10.2,34.396202090684426,2023,1,26,1,26,0.49999999999999994,0.8660254037844387,0.4324994021339788,0.901634220265486,Rainy Season,1,4,7,4.5
2023-01-27,96781,JB,Jawa Barat,19.4,25.8,22.2,85.0,8.4,9.6,,1010.5,,Bandung (Husein S.),West Java,Jawa Barat,2.6666666666666665,6.400000000000002,26.654999999999998,2023,1,27,1,27,0.49999999999999994,0.8660254037844387,0.44794493940789115,0.8940611451454876,Rainy Season,1,4,7,8.4
2023-01-28,96781,JB,Jawa Barat,19.1,24.1,21.4,90.0,8.6,8.3,,1009.9,,Bandung (Husein S.),West Java,Jawa Barat,2.305555555555556,5.0,24.915555555555553,2023,1,28,1,28,0.49999999999999994,0.8660254037844387,0.4632579225674917,0.88622350294858,Rainy Season,1,4,7,8.6
2023-01-29,96781,JB,Jawa Barat,19.0,25.2,21.5,90.0,4.3,11.7,,1010.8,,Bandung (Husein S.),West Java,Jawa Barat,3.2499999999999996,6.199999999999999,26.12555555555556,2023,1,29,1,29,0.49999999999999994,0.8660254037844387,0.4784338202547012,0.8781236129591848,Rainy Season,1,4,7,4.3
2023-01-30,96781,JB,Jawa Barat,19.9,26.8,22.1,87.0,2.1,12.5,,1012.2,,Bandung (Husein S.),West Java,Jawa Barat,3.4722222222222223,6.900000000000002,29.900723657457792,2023,1,30,1,30,0.49999999999999994,0.8660254037844387,0.49346814167723735,0.8697638720650646,Rainy Season,1,4,7,2.1
2023-01-31,96781,JB,Jawa Barat,18.6,25.9,22.7,82.0,0.2,10.1,,1011.4,,Bandung (Husein S.),West Java,Jawa Barat,2.8055555555555554,7.299999999999997,26.686666666666667,2023,1,31,1,31,0.49999999999999994,0.8660254037844387,0.5083564379375122,0.8611467540480452,Rainy Season,1,4,7,0.2
2023-02-01,96781,JB,Jawa Barat,20.0,26.4,22.1,85.0,4.4,10.3,,1011.0,,Bandung (Husein S.),West Java,Jawa Barat,2.861111111111111,6.399999999999999,28.76420786451547,2023,2,32,1,1,0.8660254037844386,0.5000000000000001,0.5230943033491326,0.8522748088519838,Rainy Season,1,4,7,4.4
2023-02-02,96781,JB,Jawa Barat,19.8,24.8,21.8,85.0,3.4,11.0,,1011.2,,Bandung (Husein S.),West Java,Jawa Barat,3.0555555555555554,5.0,25.554999999999996,2023,2,33,1,2,0.8660254037844386,0.5000000000000001,0.5376773767406141,0.8431506618282,Rainy Season,1,4,7,3.4
2023-02-03,96781,JB,Jawa Barat,18.9,25.6,21.9,82.0,2.4,11.0,,1011.0,,Bandung (Husein S.),West Java,Jawa Barat,3.0555555555555554,6.700000000000003,26.35666666666667,2023,2,34,1,3,0.8660254037844386,0.5000000000000001,0.5521013427459208,0.8337770129585915,Rainy Season,1,4,7,2.4
2023-02-04,96781,JB,Jawa Barat,18.7,28.4,22.8,78.0,0.8,12.4,,1010.6,,Bandung (Husein S.),West Java,Jawa Barat,3.4444444444444446,9.7,32.76911040561793,2023,2,35,1,4,0.8660254037844386,0.5000000000000001,0.5663619330814524,0.8241566360566663,Rainy Season,1,4,7,0.8
2023-02-05,96781,JB,Jawa Barat,18.0,28.0,23.1,68.0,0.0,12.7,,1010.6,,Bandung (Husein S.),West Java,Jawa Barat,3.5277777777777777,10.0,30.405842620444474,2023,2,36,1,5,0.8660254037844386,0.5000000000000001,0.580454927809098,0.8142923779467267,Rainy Season,1,4,7,0.0
2023-02-06,96781,JB,Jawa Barat,20.5,27.8,23.1,73.0,0.0,12.2,,1011.0,,Bandung (Husein S.),West Java,Jawa Barat,3.3888888888888884,7.300000000000001,30.659915189315676,2023,2,37,1,6,0.8660254037844386,0.5000000000000001,0.5943761565849831,0.804187157621448,Rainy Season,1,4,7,0.0
2023-02-07,96781,JB,Jawa Barat,18.8,28.4,22.2,84.0,15.7,11.0,,1011.2,,Bandung (Husein S.),West Java,Jawa Barat,3.0555555555555554,9.599999999999998,33.858638320231194,2023,2,38,1,7,0.8660254037844386,0.5000000000000001,0.6081214998935418,0.7938439653781019,Rainy Season,1,4,7,15.7
2023-02-08,96781,JB,Jawa Barat,19.4,25.8,22.5,81.0,4.0,11.1,,1011.7,,Bandung (Husein S.),West Java,Jawa Barat,3.083333333333333,6.400000000000002,26.550555555555555,2023,2,39,1,8,0.8660254037844386,0.5000000000000001,0.6216868902665479,0.7832658619336791,Rainy Season,1,4,7,4.0
2023-02-09,96781,JB,Jawa Barat,18.6,26.0,22.1,81.0,4.5,14.4,,1011.5,,Bandung (Husein S.),West Java,Jawa Barat,4.0,7.399999999999999,26.77055555555556,2023,2,40,1,9,0.8660254037844386,0.5000000000000001,0.6350683134867438,0.7724559775191742,Rainy Season,1,4,7,4.5
2023-02-10,96781,JB,Jawa Barat,19.5,26.6,22.2,85.0,15.9,13.4,,1010.8,,Bandung (Husein S.),West Java,Jawa Barat,3.7222222222222223,7.100000000000001,29.23878080211572,2023,2,41,1,10,0.8660254037844386,0.5000000000000001,0.6482618097757122,0.7614175109532997,Rainy Season,1,4,7,15.9
2023-02-11,96781,JB,Jawa Barat,19.1,24.2,21.7,89.0,8.2,12.6,,1011.6,,Bandung (Husein S.),West Java,Jawa Barat,3.5,5.099999999999998,24.999444444444443,2023,2,42,1,11,0.8660254037844386,0.5000000000000001,0.6612634749656386,0.7501537286959042,Rainy Season,1,4,7,8.2
2023-02-12,96781,JB,Jawa Barat,19.3,23.0,20.9,92.0,24.7,11.5,,1013.6,,Bandung (Husein S.),West Java,Jawa Barat,3.194444444444444,3.6999999999999993,23.757777777777783,2023,2,43,1,12,0.8660254037844386,0.5000000000000001,0.6740694616546161,0.7386679638813748,Rainy Season,1,4,7,24.7
2023-02-13,96781,JB,Jawa Barat,19.5,27.4,22.2,83.0,4.1,13.7,,1013.1,,Bandung (Husein S.),West Java,Jawa Barat,3.8055555555555554,7.899999999999999,31.009467811751076,2023,2,44,1,13,0.8660254037844386,0.5000000000000001,0.6866759803451553,0.726963615332308,Rainy Season,1,4,7,4.1
2023-02-14,96781,JB,Jawa Barat,19.3,25.6,21.5,88.0,7.3,16.2,,1012.1,,Bandung (Husein S.),West Java,Jawa Barat,4.5,6.300000000000001,26.513333333333335,2023,2,45,1,14,0.8660254037844386,0.5000000000000001,0.6990793005655562,0.7150441465537444,Rainy Season,1,4,7,7.3
2023-02-15,96781,JB,Jawa Barat,20.0,28.0,22.7,81.0,1.2,17.1,,1011.7,,Bandung (Husein S.),West Java,Jawa Barat,4.75,8.0,32.25421116844447,2023,2,46,1,15,0.8660254037844386,0.5000000000000001,0.7112757519738152,0.7029130847082615,Rainy Season,1,4,7,1.2
2023-02-16,96781,JB,Jawa Barat,19.7,26.4,21.8,86.0,6.7,13.1,,1012.5,,Bandung (Husein S.),West Java,Jawa Barat,3.638888888888889,6.699999999999999,28.826249459004387,2023,2,47,1,16,0.8660254037844386,0.5000000000000001,0.7232617254437388,0.6905740195722293,Rainy Season,1,4,7,6.7
2023-02-17,96781,JB,Jawa Barat,19.5,26.6,21.9,88.0,5.8,9.3,,1012.4,,Bandung (Husein S.),West Java,Jawa Barat,2.5833333333333335,7.100000000000001,29.464550599395736,2023,2,48,1,17,0.8660254037844386,0.5000000000000001,0.7350336741329413,0.6780306024735382,Rainy Season,1,4,7,5.8
2023-02-18,96781,JB,Jawa Barat,18.7,29.4,22.2,85.0,2.8,9.0,,1012.6,,Bandung (Husein S.),West Java,Jawa Barat,2.5,10.7,37.14119900691562,2023,2,49,1,18,0.8660254037844386,0.5000000000000001,0.746588114532413,0.6652865452111116,Rainy Season,1,4,7,2.8
2023-02-19,96781,JB,Jawa Barat,18.6,29.2,22.6,82.0,3.8,11.5,,1012.6,,Bandung (Husein S.),West Java,Jawa Barat,3.194444444444444,10.599999999999998,35.77159741923571,2023,2,50,1,19,0.8660254037844386,0.5000000000000001,0.7579216274973472,0.6523456189565257,Rainy Season,1,4,7,3.8
2023-02-20,96781,JB,Jawa Barat,19.1,27.2,22.2,82.0,1.8,12.0,,1012.8,,Bandung (Husein S.),West Java,Jawa Barat,3.333333333333333,8.099999999999998,30.403401525635587,2023,2,51,1,20,0.8660254037844386,0.5000000000000001,0.7690308592589181,0.6392116531380588,Rainy Season,1,4,7,1.8
2023-02-21,96781,JB,Jawa Barat,19.5,26.6,22.1,85.0,6.3,11.5,,1012.9,,Bandung (Husein S.),West Java,Jawa Barat,3.194444444444444,7.100000000000001,29.23878080211572,2023,2,52,1,21,0.8660254037844386,0.5000000000000001,0.7799125224167177,0.6258885343075018,Rainy Season,1,4,7,6.3
2023-02-22,96781,JB,Jawa Barat,19.1,24.9,21.7,88.0,4.1,13.0,,1012.7,,Bandung (Husein S.),West Java,Jawa Barat,3.611111111111111,5.799999999999997,25.74333333333333,2023,2,53,1,22,0.8660254037844386,0.5000000000000001,0.7905633969115482,0.612380204990065,Rainy Season,1,4,7,4.1
2023-02-23,96781,JB,Jawa Barat,19.2,25.8,21.8,89.0,4.5,12.8,,1012.1,,Bandung (Husein S.),West Java,Jawa Barat,3.555555555555556,6.600000000000001,26.759444444444444,2023,2,54,1,23,0.8660254037844386,0.5000000000000001,0.8009803309782905,0.5986906625177214,Rainy Season,1,4,7,4.5
2023-02-24,96781,JB,Jawa Barat,19.2,24.1,21.2,92.0,10.2,12.2,,1012.8,,Bandung (Husein S.),West Java,Jawa Barat,3.3888888888888884,4.900000000000002,24.967777777777773,2023,2,55,1,24,0.8660254037844386,0.5000000000000001,0.8111602420785621,0.5848239578463322,Rainy Season,1,4,7,10.2
2023-02-25,96781,JB,Jawa Barat,19.7,24.4,21.7,89.0,6.5,13.2,,1014.1,,Bandung (Husein S.),West Java,Jawa Barat,3.6666666666666665,4.699999999999999,25.21944444444445,2023,2,56,1,25,0.8660254037844386,0.5000000000000001,0.8211001178128892,0.5707841943569036,Rainy Season,1,4,7,6.5
2023-02-26,96781,JB,Jawa Barat,19.6,25.4,21.7,88.0,4.1,13.2,,1014.3,,Bandung (Husein S.),West Java,Jawa Barat,3.6666666666666665,5.799999999999997,26.293333333333326,2023,2,57,1,26,0.8660254037844386,0.5000000000000001,0.8307970168121247,0.5565755266413303,Rainy Season,1,4,7,4.1
2023-02-27,96781,JB,Jawa Barat,19.4,23.8,21.3,89.0,3.8,17.6,,1014.4,,Bandung (Husein S.),West Java,Jawa Barat,4.888888888888889,4.400000000000002,24.55944444444444,2023,2,58,1,27,0.8660254037844386,0.5000000000000001,0.8402480696078469,0.5422021592729844,Rainy Season,1,4,7,3.8
2023-02-28,96781,JB,Jawa Barat,18.9,25.2,21.1,90.0,18.7,14.5,,1014.7,,Bandung (Husein S.),West Java,Jawa Barat,4.027777777777778,6.300000000000001,26.12555555555556,2023,2,59,1,28,0.8660254037844386,0.5000000000000001,0.8494504794814806,0.527668345562516,Rainy Season,1,4,7,18.7
2023-03-01,96781,JB,Jawa Barat,19.4,25.9,21.7,86.0,3.5,14.5,,1014.2,,Bandung (Husein S.),West Java,Jawa Barat,4.027777777777778,6.5,26.791111111111114,2023,3,60,1,1,1.0,6.123233995736766e-17,0.8584015232918917,0.512978386299228,Rainy Season,1,4,7,3.5
2023-03-02,96781,JB,Jawa Barat,19.5,22.2,20.6,92.0,22.0,12.2,,1014.8,,Bandung (Husein S.),West Java,Jawa Barat,3.3888888888888884,2.6999999999999993,22.87777777777778,2023,3,61,1,2,1.0,6.123233995736766e-17,0.8670985522812081,0.4981366284784055,Rainy Season,1,4,7,22.0
2023-03-03,96781,JB,Jawa Barat,18.9,26.0,22.0,82.0,1.6,14.2,,1014.9,,Bandung (Husein S.),West Java,Jawa Barat,3.944444444444444,7.100000000000001,26.79666666666667,2023,3,62,1,3,1.0,6.123233995736766e-17,0.8755389928586302,0.4831474640149687,Rainy Season,1,4,7,1.6
2023-03-04,96781,JB,Jawa Barat,19.1,27.0,22.0,83.0,3.6,10.2,,1016.1,,Bandung (Husein S.),West Java,Jawa Barat,2.833333333333333,7.899999999999999,30.02710306711115,2023,3,63,1,4,1.0,6.123233995736766e-17,0.8837203473619977,0.4680153284438345,Rainy Season,1,4,7,3.6
2023-03-05,96781,JB,Jawa Barat,18.2,28.4,22.4,79.0,1.7,13.1,,1015.6,,Bandung (Husein S.),West Java,Jawa Barat,3.638888888888889,10.2,32.94425269987566,2023,3,64,1,5,1.0,6.123233995736766e-17,0.8916401947968874,0.45274469960737107,Rainy Season,1,4,7,1.7
2023-03-06,96781,JB,Jawa Barat,18.0,28.2,22.8,77.0,5.1,10.0,,1014.8,,Bandung (Husein S.),West Java,Jawa Barat,2.7777777777777777,10.2,32.11610832652436,2023,3,65,1,6,1.0,6.123233995736766e-17,0.8992961915530253,0.4373400963303323,Rainy Season,1,4,7,5.1
2023-03-07,96781,JB,Jawa Barat,18.6,28.8,22.9,79.0,1.5,8.0,,1014.2,,Bandung (Husein S.),West Java,Jawa Barat,2.2222222222222223,10.2,33.98723374723567,2023,3,66,1,7,1.0,6.123233995736766e-17,0.9066860720977985,0.4218060770826634,Rainy Season,1,4,7,1.5
2023-03-08,96781,JB,Jawa Barat,18.9,28.6,22.2,85.0,4.3,7.8,,1014.6,,Bandung (Husein S.),West Java,Jawa Barat,2.1666666666666665,9.700000000000003,34.643670552515566,2023,3,67,1,8,1.0,6.123233995736766e-17,0.9138076496466615,0.4061472386305789,Rainy Season,1,4,7,4.3
2023-03-09,96781,JB,Jawa Barat,18.3,28.2,22.4,85.0,56.8,7.7,,1014.1,,Bandung (Husein S.),West Java,Jawa Barat,2.138888888888889,9.899999999999999,33.4668147297955,2023,3,68,1,9,1.0,6.123233995736766e-17,0.9206588168102428,0.3903682146763026,Rainy Season,1,4,7,56.8
2023-03-10,96781,JB,Jawa Barat,17.9,27.0,21.8,88.0,13.6,6.6,,1013.7,,Bandung (Husein S.),West Java,Jawa Barat,1.8333333333333333,9.100000000000001,30.527317311555684,2023,3,69,1,10,1.0,6.123233995736766e-17,0.9272375462179537,0.374473674486883,Rainy Season,1,4,7,13.6
2023-03-11,96781,JB,Jawa Barat,18.1,29.7,23.0,80.0,2.8,7.4,,1014.1,,Bandung (Husein S.),West Java,Jawa Barat,2.055555555555556,11.599999999999998,36.75957256671792,2023,3,70,1,11,1.0,6.123233995736766e-17,0.9335418911179212,0.35846832151248087,Rainy Season,1,4,7,2.8
2023-03-12,96781,JB,Jawa Barat,16.7,28.8,22.8,79.0,0.0,8.1,,1013.6,,Bandung (Husein S.),West Java,Jawa Barat,2.25,12.100000000000001,33.98723374723567,2023,3,71,1,12,1.0,6.123233995736766e-17,0.9395699859530622,0.342356891994542,Rainy Season,1,4,7,0.0
2023-03-13,96781,JB,Jawa Barat,16.0,30.2,22.7,77.0,0.0,8.1,,1012.3,,Bandung (Husein S.),West Java,Jawa Barat,2.25,14.2,37.41281627212461,2023,3,72,1,13,1.0,6.123233995736766e-17,0.945320046913132,0.3261441535642696,Rainy Season,1,4,7,0.0
2023-03-14,96781,JB,Jawa Barat,16.9,28.6,22.6,82.0,2.2,7.9,,1012.2,,Bandung (Husein S.),West Java,Jawa Barat,2.1944444444444446,11.700000000000003,34.03936505907563,2023,3,73,1,14,1.0,6.123233995736766e-17,0.9507903724625832,0.3098349038318025,Rainy Season,1,4,7,2.2
2023-03-15,96781,JB,Jawa Barat,18.7,26.0,22.1,87.0,6.6,6.7,,1013.0,,Bandung (Husein S.),West Java,Jawa Barat,1.8611111111111112,7.300000000000001,26.927222222222227,2023,3,74,1,15,1.0,6.123233995736766e-17,0.9559793438440766,0.2934339689665273,Rainy Season,1,4,7,6.6
2023-03-16,96781,JB,Jawa Barat,16.9,27.4,22.4,84.0,2.5,7.1,,1013.8,,Bandung (Husein S.),West Java,Jawa Barat,1.972222222222222,10.5,31.132430298631007,2023,3,75,1,16,1.0,6.123233995736766e-17,0.9608854255574977,0.27694620226893646,Rainy Season,1,4,7,2.5
2023-03-17,96781,JB,Jawa Barat,17.5,28.6,21.8,87.0,13.3,6.8,,1013.9,,Bandung (Husein S.),West Java,Jawa Barat,1.8888888888888888,11.100000000000001,35.060474836497825,2023,3,76,1,17,1.0,6.123233995736766e-17,0.9655071658143364,0.2603764827344581,Rainy Season,1,4,7,13.3
2023-03-18,96781,JB,Jawa Barat,18.1,29.8,22.6,83.0,1.4,7.0,,1012.8,,Bandung (Husein S.),West Java,Jawa Barat,1.9444444444444444,11.7,37.88873613367107,2023,3,77,1,18,1.0,6.123233995736766e-17,0.969843196967294,0.24372971360968387,Rainy Season,1,4,7,1.4
2023-03-19,96781,JB,Jawa Barat,18.2,28.4,22.5,86.0,5.8,6.6,,1012.3,,Bandung (Husein S.),West Java,Jawa Barat,1.8333333333333333,10.2,34.242440504604566,2023,3,78,1,19,1.0,6.123233995736766e-17,0.9738922359149924,0.22701082094141847,Rainy Season,1,4,7,5.8
2023-03-20,96781,JB,Jawa Barat,17.8,27.6,21.6,88.0,28.2,6.2,,1012.6,,Bandung (Husein S.),West Java,Jawa Barat,1.7222222222222223,9.8,32.2142185681958,2023,3,79,1,20,1.0,6.123233995736766e-17,0.9776530844816641,0.2102247521189836,Rainy Season,1,4,7,28.2
2023-03-21,96781,JB,Jawa Barat,18.4,29.0,22.9,84.0,4.7,7.4,,1012.0,,Bandung (Husein S.),West Java,Jawa Barat,2.055555555555556,10.600000000000001,35.63663782311106,2023,3,80,1,21,1.0,6.123233995736766e-17,0.981124629771712,0.19337647441020586,Rainy Season,1,4,7,4.7
2023-03-22,96781,JB,Jawa Barat,17.8,28.6,22.8,86.0,12.1,5.9,,1011.6,,Bandung (Husein S.),West Java,Jawa Barat,1.6388888888888888,10.8,34.85067929900453,2023,3,81,1,22,1.0,6.123233995736766e-17,0.984305844499033,0.17647097349152166,Rainy Season,1,4,7,12.1
2023-03-23,96781,JB,Jawa Barat,19.9,28.4,23.2,86.0,11.5,7.2,,1011.7,,Bandung (Husein S.),West Java,Jawa Barat,2.0,8.5,34.242440504604566,2023,3,82,1,23,1.0,6.123233995736766e-17,0.9871957872910085,0.15951325197263655,Rainy Season,1,4,7,11.5
2023-03-24,96781,JB,Jawa Barat,17.9,30.4,23.3,84.0,4.6,6.2,,1012.6,,Bandung (Husein S.),West Java,Jawa Barat,1.7222222222222223,12.5,40.20027117543113,2023,3,83,1,24,1.0,6.123233995736766e-17,0.9897936029670716,0.14250832791617088,Rainy Season,1,4,7,4.6
2023-03-25,96781,JB,Jawa Barat,19.0,28.2,22.3,88.0,20.8,5.4,,1012.9,,Bandung (Husein S.),West Java,Jawa Barat,1.5,9.2,34.01242125091559,2023,3,84,1,25,1.0,6.123233995736766e-17,0.992098522791769,0.12546123335273648,Rainy Season,1,4,7,20.8
2023-03-26,96781,JB,Jawa Barat,19.1,30.6,22.5,86.0,10.3,6.6,,1012.0,,Bandung (Husein S.),West Java,Jawa Barat,1.8333333333333333,11.5,41.599264141404454,2023,3,85,1,26,1.0,6.123233995736766e-17,0.9941098647022418,0.10837701279187609,Rainy Season,1,4,7,10.3
2023-03-27,96781,JB,Jawa Barat,19.5,26.0,22.1,86.0,1.5,5.5,,1012.3,,Bandung (Husein S.),West Java,Jawa Barat,1.5277777777777777,6.5,26.901111111111117,2023,3,86,1,27,1.0,6.123233995736766e-17,0.9958270335100595,0.09126072172931188,Rainy Season,1,4,7,1.5
2023-03-28,96781,JB,Jawa Barat,18.6,28.2,22.6,85.0,2.1,6.8,,1012.6,,Bandung (Husein S.),West Java,Jawa Barat,1.8888888888888888,9.599999999999998,33.4668147297955,2023,3,87,1,28,1.0,6.123233995736766e-17,0.9972495210773451,0.07411742515094437,Rainy Season,1,4,7,2.1
2023-03-29,96781,JB,Jawa Barat,18.8,29.2,22.6,84.0,2.6,8.0,,1012.9,,Bandung (Husein S.),West Java,Jawa Barat,2.2222222222222223,10.399999999999999,36.253016772391355,2023,3,88,1,29,1.0,6.123233995736766e-17,0.998376906467142,0.056952196034039754,Rainy Season,1,4,7,2.6
2023-03-30,96781,JB,Jawa Barat,19.8,28.0,22.7,82.0,6.3,9.5,,1011.7,,Bandung (Husein S.),West Java,Jawa Barat,2.638888888888889,8.2,32.41151006355561,2023,3,89,1,30,1.0,6.123233995736766e-17,0.9992088560679753,0.03977011384605572,Rainy Season,1,4,7,6.3
2023-03-31,96781,JB,Jawa Barat,19.2,29.0,22.7,82.0,0.1,8.9,,1012.3,,Bandung (Husein S.),West Java,Jawa Barat,2.4722222222222223,9.8,35.18258914755547,2023,3,90,1,31,1.0,6.123233995736766e-17,0.9997451236925734,0.022576263041545485,Rainy Season,1,4,7,0.1
2023-04-01,96781,JB,Jawa Barat,19.1,25.1,22.0,84.0,4.5,6.8,,1012.7,,Bandung (Husein S.),West Java,Jawa Barat,1.8888888888888888,6.0,25.85888888888889,2023,4,91,2,1,0.8660254037844387,-0.4999999999999998,0.9999855506507186,0.005375731557583884,Transition,2,4,7,4.5
2023-04-02,96781,JB,Jawa Barat,17.8,29.6,22.0,83.0,0.2,5.9,,1011.6,,Bandung (Husein S.),West Java,Jawa Barat,1.6388888888888888,11.8,37.25096449735108,2023,4,92,2,2,0.8660254037844387,-0.4999999999999998,0.9999300657962057,-0.011826390691832589,Transition,2,4,7,0.2
2023-04-03,96781,JB,Jawa Barat,18.0,28.8,22.4,79.0,2.3,8.2,,1012.0,,Bandung (Husein S.),West Java,Jawa Barat,2.2777777777777777,10.8,33.98723374723567,2023,4,93,2,3,0.8660254037844387,-0.4999999999999998,0.9995786855478958,-0.029025013321975237,Transition,2,4,7,2.3
2023-04-04,96781,JB,Jawa Barat,17.1,29.2,22.6,73.0,0.3,8.9,,1012.5,,Bandung (Husein S.),West Java,Jawa Barat,2.4722222222222223,12.099999999999998,33.77395065651565,2023,4,94,2,4,0.8660254037844387,-0.4999999999999998,0.9989315138848577,-0.046215046983708354,Transition,2,4,7,0.3
2023-04-05,96781,JB,Jawa Barat,16.5,30.9,22.8,77.0,0.0,8.7,,1012.3,,Bandung (Husein S.),West Java,Jawa Barat,2.4166666666666665,14.399999999999999,39.52513590196458,2023,4,95,2,5,0.8660254037844387,-0.4999999999999998,0.9979887423155984,-0.06339140486951038,Transition,2,4,7,0.0
2023-04-06,96781,JB,Jawa Barat,16.6,30.6,23.2,69.0,0.0,8.9,,1013.0,,Bandung (Husein S.),West Java,Jawa Barat,2.4722222222222223,14.0,36.26964304609782,2023,4,96,2,6,0.8660254037844387,-0.4999999999999998,0.9967506498213929,-0.08054900421874167,Transition,2,4,7,0.0
2023-04-07,96781,JB,Jawa Barat,16.7,28.2,22.3,76.0,0.8,7.4,,1013.7,,Bandung (Husein S.),West Java,Jawa Barat,2.055555555555556,11.5,31.957931376995493,2023,4,97,2,7,0.8660254037844387,-0.4999999999999998,0.9952176027737294,-0.09768276782171598,Transition,2,4,7,0.8
2023-04-08,96781,JB,Jawa Barat,16.4,30.4,23.1,76.0,0.0,8.8,,1014.4,,Bandung (Husein S.),West Java,Jawa Barat,2.4444444444444446,14.0,37.7072665325157,2023,4,98,2,8,0.8660254037844387,-0.4999999999999998,0.9933900548258936,-0.11478762552212701,Transition,2,4,7,0.0
2023-04-09,96781,JB,Jawa Barat,16.9,30.0,22.6,79.0,0.2,9.7,,1014.2,,Bandung (Husein S.),West Java,Jawa Barat,2.694444444444444,13.100000000000001,37.385098755555596,2023,4,99,2,9,0.8660254037844387,-0.4999999999999998,0.9912685467787256,-0.13185851571739118,Transition,2,4,7,0.2
2023-04-10,96781,JB,Jawa Barat,18.7,26.2,22.5,81.0,0.7,11.0,,1013.5,,Bandung (Husein S.),West Java,Jawa Barat,3.0555555555555554,7.5,26.990555555555552,2023,4,100,2,10,0.8660254037844387,-0.4999999999999998,0.9888537064205885,-0.1488903868564548,Transition,2,4,7,0.7
2023-04-11,96781,JB,Jawa Barat,18.6,30.3,22.8,82.0,2.0,9.2,,1012.6,,Bandung (Husein S.),West Java,Jawa Barat,2.5555555555555554,11.7,39.218447957135695,2023,4,101,2,11,0.8660254037844387,-0.4999999999999998,0.986146248341595,-0.16587819893463143,Transition,2,4,7,2.0
2023-04-12,96781,JB,Jawa Barat,17.9,30.2,22.7,82.0,5.7,8.0,,1012.2,,Bandung (Husein S.),West Java,Jawa Barat,2.2222222222222223,12.3,38.8906010520357,2023,4,102,2,12,0.8660254037844387,-0.4999999999999998,0.9831469737221499,-0.1828169249850199,Transition,2,4,7,5.7
2023-04-13,96781,JB,Jawa Barat,19.0,27.4,22.7,83.0,3.5,7.4,,1012.4,,Bandung (Husein S.),West Java,Jawa Barat,2.055555555555556,8.399999999999999,31.009467811751076,2023,4,103,2,13,0.8660254037844387,-0.4999999999999998,0.9798567700958665,-0.1997015525660636,Transition,2,4,7,3.5
2023-04-14,96781,JB,Jawa Barat,18.8,27.7,22.4,86.0,3.3,6.5,,1012.8,,Bandung (Husein S.),West Java,Jawa Barat,1.8055555555555556,8.899999999999999,32.208992007384545,2023,4,104,2,14,0.8660254037844387,-0.4999999999999998,0.9762766110869321,-0.21652708524481437,Transition,2,4,7,3.3
2023-04-15,96781,JB,Jawa Barat,17.9,30.4,22.6,86.0,7.0,8.0,,1012.3,,Bandung (Husein S.),West Java,Jawa Barat,2.2222222222222223,12.5,40.869898638204496,2023,4,105,2,15,0.8660254037844387,-0.4999999999999998,0.9724075561219968,-0.23328854407545518,Transition,2,4,7,7.0
2023-04-16,96781,JB,Jawa Barat,19.1,28.4,22.9,86.0,3.1,5.6,,1012.2,,Bandung (Husein S.),West Java,Jawa Barat,1.5555555555555554,9.299999999999997,34.242440504604566,2023,4,106,2,16,0.8660254037844387,-0.4999999999999998,0.9682507501166718,-0.2499809690726521,Transition,2,4,7,3.1
2023-04-17,96781,JB,Jawa Barat,19.4,30.1,23.5,83.0,0.7,6.1,,1013.4,,Bandung (Husein S.),West Java,Jawa Barat,1.6944444444444442,10.700000000000003,38.867381977751165,2023,4,107,2,17,0.8660254037844387,-0.4999999999999998,0.9638074231367307,-0.26659942067929354,Transition,2,4,7,0.7
2023-04-18,96781,JB,Jawa Barat,19.4,28.2,23.2,86.0,5.8,4.8,,1013.9,,Bandung (Husein S.),West Java,Jawa Barat,1.3333333333333333,8.8,33.64631438108432,2023,4,108,2,18,0.8660254037844387,-0.4999999999999998,0.9590788900341131,-0.28313898122818354,Transition,2,4,7,5.8
2023-04-19,96781,JB,Jawa Barat,19.6,27.4,23.2,85.0,5.6,7.5,,1012.0,,Bandung (Husein S.),West Java,Jawa Barat,2.0833333333333335,7.799999999999997,31.256919893315505,2023,4,109,2,19,0.8660254037844387,-0.4999999999999998,0.9540665500578387,-0.2995947563972602,Transition,2,4,7,5.6
2023-04-20,96781,JB,Jawa Barat,19.1,27.4,23.0,84.0,0.9,5.5,,1010.5,,Bandung (Husein S.),West Java,Jawa Barat,1.5277777777777777,8.299999999999997,31.132430298631007,2023,4,110,2,20,0.8660254037844387,-0.4999999999999998,0.9487718864399473,-0.31596187665790293,Transition,2,4,7,0.9
2023-04-21,96781,JB,Jawa Barat,18.3,28.4,22.7,87.0,7.1,5.8,,1011.0,,Bandung (Husein S.),West Java,Jawa Barat,1.611111111111111,10.099999999999998,34.438209011697815,2023,4,111,2,21,0.8660254037844387,-0.4999999999999998,0.9431964659565866,-0.33223549871590435,Transition,2,4,7,7.1
2023-04-22,96781,JB,Jawa Barat,18.5,28.4,22.6,87.0,2.6,6.6,,1011.4,,Bandung (Husein S.),West Java,Jawa Barat,1.8333333333333333,9.899999999999999,34.438209011697815,2023,4,112,2,22,0.8660254037844387,-0.4999999999999998,0.9373419384643772,-0.3484108069446808,Transition,2,4,7,2.6
2023-04-23,96781,JB,Jawa Barat,18.5,27.6,22.5,86.0,3.1,6.8,,1012.3,,Bandung (Husein S.),West Java,Jawa Barat,1.8888888888888888,9.100000000000001,31.93061203580463,2023,4,113,2,23,0.8660254037844387,-0.4999999999999998,0.9312100364121947,-0.3644830148102912,Transition,2,4,7,3.1
2023-04-24,96781,JB,Jawa Barat,18.1,28.8,22.5,85.0,12.6,5.9,,1012.2,,Bandung (Husein S.),West Java,Jawa Barat,1.6388888888888888,10.7,35.25007556499555,2023,4,114,2,24,0.8660254037844387,-0.4999999999999998,0.9248025743285089,-0.38044736628785164,Transition,2,4,7,12.6
2023-04-25,96781,JB,Jawa Barat,18.5,27.1,22.4,88.0,15.5,6.0,,1011.8,,Bandung (Husein S.),West Java,Jawa Barat,1.6666666666666665,8.600000000000001,30.800738255295734,2023,4,115,2,25,0.8660254037844387,-0.4999999999999998,0.9181214482844364,-0.39629913726891813,Transition,2,4,7,15.5
2023-04-26,96781,JB,Jawa Barat,18.0,28.6,22.4,88.0,6.5,5.3,,1011.7,,Bandung (Husein S.),West Java,Jawa Barat,1.472222222222222,10.600000000000001,35.27305716499557,2023,4,116,2,26,0.8660254037844387,-0.4999999999999998,0.9111686353326631,-0.41203363695942635,Transition,2,4,7,6.5
2023-04-27,96781,JB,Jawa Barat,18.3,28.2,23.1,85.0,1.5,5.8,,1011.7,,Bandung (Husein S.),West Java,Jawa Barat,1.611111111111111,9.899999999999999,33.4668147297955,2023,4,117,2,27,0.8660254037844387,-0.4999999999999998,0.9039461929224011,-0.42764620926777464,Transition,2,4,7,1.5
2023-04-28,96781,JB,Jawa Barat,18.8,27.9,23.1,86.0,9.2,6.2,,1012.1,,Bandung (Husein S.),West Java,Jawa Barat,1.7222222222222223,9.099999999999998,32.77483645370459,2023,4,118,2,28,0.8660254037844387,-0.4999999999999998,0.8964562582905575,-0.44313223418263453,Transition,2,4,7,9.2
2023-04-29,96781,JB,Jawa Barat,17.8,27.8,23.0,85.0,1.1,7.3,,1011.4,,Bandung (Husein S.),West Java,Jawa Barat,2.0277777777777777,10.0,32.33789784339564,2023,4,119,2,29,0.8660254037844387,-0.4999999999999998,0.8887010478292915,-0.45848712914008766,Transition,2,4,7,1.1
2023-04-30,96781,JB,Jawa Barat,19.6,30.2,23.6,83.0,4.7,6.9,,1010.6,,Bandung (Husein S.),West Java,Jawa Barat,1.9166666666666667,10.599999999999998,39.19946082967129,2023,4,120,2,30,0.8660254037844387,-0.4999999999999998,0.8806828564301475,-0.47370635037968,Transition,2,4,7,4.7
2023-05-01,96781,JB,Jawa Barat,19.9,28.6,23.4,86.0,4.5,7.4,,1011.2,,Bandung (Husein S.),West Java,Jawa Barat,2.055555555555556,8.700000000000003,34.85067929900453,2023,5,121,2,1,0.49999999999999994,-0.8660254037844387,0.8724040568049612,-0.48878539428899265,Transition,2,4,7,4.5
2023-05-02,96781,JB,Jawa Barat,19.7,28.4,23.5,86.0,4.0,6.2,,1012.3,,Bandung (Husein S.),West Java,Jawa Barat,1.7222222222222223,8.7,34.242440504604566,2023,5,122,2,2,0.49999999999999994,-0.8660254037844387,0.8638670987837349,-0.503719798736334,Transition,2,4,7,4.0
2023-05-03,96781,JB,Jawa Barat,18.9,27.5,23.0,88.0,9.2,6.4,,1012.7,,Bandung (Husein S.),West Java,Jawa Barat,1.777777777777778,8.600000000000001,31.92533909305563,2023,5,123,2,3,0.49999999999999994,-0.8660254037844387,0.8550745085896932,-0.518505144391157,Transition,2,4,7,9.2
2023-05-04,96781,JB,Jawa Barat,19.6,27.6,22.8,89.0,43.6,6.2,,1012.3,,Bandung (Husein S.),West Java,Jawa Barat,1.7222222222222223,8.0,32.35862956609787,2023,5,124,2,4,0.49999999999999994,-0.8660254037844387,0.8460288880917339,-0.533137056031809,Transition,2,4,7,43.6
2023-05-05,96781,JB,Jawa Barat,19.6,29.6,23.3,88.0,41.0,5.6,,1010.7,,Bandung (Husein S.),West Java,Jawa Barat,1.5555555555555554,10.0,38.64106638979562,2023,5,125,2,5,0.49999999999999994,-0.8660254037844387,0.8367329140344921,-0.5476112038402312,Transition,2,4,7,41.0
2023-05-06,96781,JB,Jawa Barat,19.7,26.8,22.5,89.0,24.0,6.4,,1011.0,,Bandung (Husein S.),West Java,Jawa Barat,1.777777777777778,7.100000000000001,30.079666957457718,2023,5,126,2,6,0.49999999999999994,-0.8660254037844387,0.8271893372462497,-0.5619233046832195,Transition,2,4,7,24.0
2023-05-07,96781,JB,Jawa Barat,18.7,29.4,22.9,87.0,22.1,5.6,,1011.5,,Bandung (Husein S.),West Java,Jawa Barat,1.5555555555555554,10.7,37.671938481297886,2023,5,127,2,7,0.49999999999999994,-0.8660254037844387,0.8174009818249189,-0.5760691233798758,Transition,2,4,7,22.1
2023-05-08,96781,JB,Jawa Barat,20.6,29.2,22.6,89.0,16.3,6.0,,1012.3,,Bandung (Husein S.),West Java,Jawa Barat,1.6666666666666665,8.599999999999998,37.51622082625797,2023,5,128,2,8,0.49999999999999994,-0.8660254037844387,0.8073707443023492,-0.5900444739548627,Transition,2,4,7,16.3
2023-05-09,96781,JB,Jawa Barat,18.7,28.0,23.3,86.0,0.9,6.4,,1012.6,,Bandung (Husein S.),West Java,Jawa Barat,1.777777777777778,9.3,33.06230092844439,2023,5,129,2,9,0.49999999999999994,-0.8660254037844387,0.7971015927871943,-0.6038452208771035,Transition,2,4,7,0.9
2023-05-10,96781,JB,Jawa Barat,17.7,28.2,22.8,86.0,1.7,6.7,,1012.6,,Bandung (Husein S.),West Java,Jawa Barat,1.8611111111111112,10.5,33.64631438108432,2023,5,130,2,10,0.49999999999999994,-0.8660254037844387,0.7865965660866021,-0.6174672802835514,Transition,2,4,7,1.7
2023-05-11,96781,JB,Jawa Barat,19.3,27.6,23.4,83.0,0.3,9.7,,1013.7,,Bandung (Husein S.),West Java,Jawa Barat,2.694444444444444,8.3,31.518240895751322,2023,5,131,2,11,0.49999999999999994,-0.8660254037844387,0.7758587728069828,-0.6309066211876704,Transition,2,4,7,0.3
2023-05-12,96781,JB,Jawa Barat,19.0,31.0,24.0,79.0,0.7,10.6,,1014.1,,Bandung (Husein S.),West Java,Jawa Barat,2.944444444444444,12.0,40.52479256755576,2023,5,132,2,12,0.49999999999999994,-0.8660254037844387,0.7648913904341225,-0.6441592666722685,Transition,2,4,7,0.7
2023-05-13,96781,JB,Jawa Barat,19.0,29.2,22.9,86.0,6.8,9.0,,1015.0,,Bandung (Husein S.),West Java,Jawa Barat,2.5,10.2,36.74807170748446,2023,5,133,2,13,0.49999999999999994,-0.8660254037844387,0.753697664392914,-0.6572212950663319,Transition,2,4,7,6.8
2023-05-14,96781,JB,Jawa Barat,17.3,28.8,22.5,75.0,0.0,12.1,,1015.5,,Bandung (Husein S.),West Java,Jawa Barat,3.3611111111111107,11.5,33.205233847751124,2023,5,134,2,14,0.49999999999999994,-0.8660254037844387,0.742280907086982,-0.6700888411055113,Transition,2,4,7,0.0
2023-05-15,96781,JB,Jawa Barat,17.1,29.0,22.2,80.0,3.3,10.9,,1015.3,,Bandung (Husein S.),West Java,Jawa Barat,3.0277777777777777,11.899999999999999,34.74134887377771,2023,5,135,2,15,0.49999999999999994,-0.8660254037844387,0.7306444969184916,-0.6827580970759147,Transition,2,4,7,3.3
2023-05-16,96781,JB,Jawa Barat,17.3,29.2,22.9,79.0,1.4,7.7,,1015.7,,Bandung (Husein S.),West Java,Jawa Barat,2.138888888888889,11.899999999999999,35.07503510563564,2023,5,136,2,16,0.49999999999999994,-0.8660254037844387,0.7187918772884232,-0.6952253139408722,Transition,2,4,7,1.4
2023-05-17,96781,JB,Jawa Barat,17.7,29.8,22.8,81.0,5.2,6.9,,1015.5,,Bandung (Husein S.),West Java,Jawa Barat,1.9166666666666667,12.100000000000001,37.33170399628449,2023,5,137,2,17,0.49999999999999994,-0.8660254037844387,0.7067265555776158,-0.7074868024503348,Transition,2,4,7,5.2
2023-05-18,96781,JB,Jawa Barat,18.0,27.4,22.6,84.0,4.2,7.7,,1015.5,,Bandung (Husein S.),West Java,Jawa Barat,2.138888888888889,9.399999999999999,31.132430298631007,2023,5,138,2,18,0.49999999999999994,-0.8660254037844387,0.6944521021088763,-0.719538934232584,Transition,2,4,7,4.2
2023-05-19,96781,JB,Jawa Barat,18.1,29.8,22.7,84.0,7.7,7.2,,1014.9,,Bandung (Husein S.),West Java,Jawa Barat,2.0,11.7,38.173290965191086,2023,5,139,2,19,0.49999999999999994,-0.8660254037844387,0.6819721490904629,-0.7313781428679254,Transition,2,4,7,7.7
2023-05-20,96781,JB,Jawa Barat,17.9,28.8,23.0,83.0,1.3,7.3,,1014.5,,Bandung (Husein S.),West Java,Jawa Barat,2.0277777777777777,10.900000000000002,34.817149363271085,2023,5,140,2,20,0.49999999999999994,-0.8660254037844387,0.6692903895412567,-0.7430009249440493,Transition,2,4,7,1.3
2023-05-21,96781,JB,Jawa Barat,18.1,28.8,23.1,80.0,0.0,7.4,,1015.2,,Bandung (Husein S.),West Java,Jawa Barat,2.055555555555556,10.7,34.19022055281775,2023,5,141,2,21,0.49999999999999994,-0.8660254037844387,0.6564105761979381,-0.7544038410927472,Transition,2,4,7,0.0
2023-05-22,96781,JB,Jawa Barat,16.6,29.4,22.7,77.0,0.0,8.4,,1015.3,,Bandung (Husein S.),West Java,Jawa Barat,2.3333333333333335,12.799999999999997,35.16284580556451,2023,5,142,2,22,0.49999999999999994,-0.8660254037844387,0.6433365204044917,-0.765583517007675,Transition,2,4,7,0.0
2023-05-23,96781,JB,Jawa Barat,16.6,28.5,22.7,79.0,0.3,7.6,,1015.2,,Bandung (Husein S.),West Java,Jawa Barat,2.111111111111111,11.899999999999999,33.20079605755564,2023,5,143,2,23,0.49999999999999994,-0.8660254037844387,0.6300720909843687,-0.7765366444428655,Transition,2,4,7,0.3
2023-05-24,96781,JB,Jawa Barat,17.8,28.4,22.8,82.0,0.8,7.6,,1015.8,,Bandung (Husein S.),West Java,Jawa Barat,2.111111111111111,10.599999999999998,33.4851492422757,2023,5,144,2,24,0.49999999999999994,-0.8660254037844387,0.6166212130956382,-0.7872599821916922,Transition,2,4,7,0.8
2023-05-25,96781,JB,Jawa Barat,18.3,30.8,22.9,77.0,0.0,8.3,,1015.4,,Bandung (Husein S.),West Java,Jawa Barat,2.305555555555556,12.5,39.21517049932442,2023,5,145,2,25,0.49999999999999994,-0.8660254037844387,0.6029878670694714,-0.7977503570459932,Transition,2,4,7,0.0
2023-05-26,96781,JB,Jawa Barat,17.4,29.8,22.8,74.0,0.2,9.0,,1014.8,,Bandung (Husein S.),West Java,Jawa Barat,2.5,12.400000000000002,35.50890553479106,2023,5,146,2,26,0.49999999999999994,-0.8660254037844387,0.5891760872322963,-0.8080046647350754,Transition,2,4,7,0.2
2023-05-27,96781,JB,Jawa Barat,18.3,29.1,23.0,80.0,1.9,7.2,,1013.5,,Bandung (Husein S.),West Java,Jawa Barat,2.0,10.8,35.02116420423791,2023,5,147,2,27,0.49999999999999994,-0.8660254037844387,0.5751899607119775,-0.8180198708443174,Transition,2,4,7,1.9
2023-05-28,96781,JB,Jawa Barat,18.9,29.8,23.3,80.0,2.2,7.9,,1012.7,,Bandung (Husein S.),West Java,Jawa Barat,2.1944444444444446,10.900000000000002,37.05922669041774,2023,5,148,2,28,0.49999999999999994,-0.8660254037844387,0.5610336262283677,-0.8277930117131022,Transition,2,4,7,2.2
2023-05-29,96781,JB,Jawa Barat,18.3,29.6,23.2,83.0,0.5,6.2,,1013.2,,Bandung (Husein S.),West Java,Jawa Barat,1.7222222222222223,11.3,37.25096449735108,2023,5,149,2,29,0.49999999999999994,-0.8660254037844387,0.5467112728685939,-0.8373211953118121,Transition,2,4,7,0.5
2023-05-30,96781,JB,Jawa Barat,19.1,30.0,23.5,76.0,0.1,8.5,,1013.8,,Bandung (Husein S.),West Java,Jawa Barat,2.361111111111111,10.899999999999999,36.5646652555556,2023,5,150,2,30,0.49999999999999994,-0.8660254037844387,0.5322271388474397,-0.8466016020976267,Transition,2,4,7,0.1
2023-05-31,96781,JB,Jawa Barat,17.9,29.2,23.2,77.0,0.0,8.4,,1013.5,,Bandung (Husein S.),West Java,Jawa Barat,2.3333333333333335,11.3,34.62770470732472,2023,5,151,2,31,0.49999999999999994,-0.8660254037844387,0.5175855102531889,-0.8556314858488706,Transition,2,4,7,0.0
2023-06-01,96781,JB,Jawa Barat,18.0,28.8,23.1,77.0,0.4,8.3,,1013.3,,Bandung (Husein S.),West Java,Jawa Barat,2.305555555555556,10.8,33.59024433292454,2023,6,152,2,1,1.2246467991473532e-16,-1.0,0.5027907197793043,-0.8644081744776648,Dry Season,0,4,7,0.4
2023-06-02,96781,JB,Jawa Barat,18.1,30.2,23.6,78.0,0.0,9.2,,1013.5,,Bandung (Husein S.),West Java,Jawa Barat,2.5555555555555554,12.099999999999998,37.69950468033791,2023,6,153,2,2,1.2246467991473532e-16,-1.0,0.4878471454423119,-0.8729290708206411,Dry Season,0,4,7,0.0
2023-06-03,96781,JB,Jawa Barat,18.1,29.4,23.8,78.0,0.1,8.2,,1014.0,,Bandung (Husein S.),West Java,Jawa Barat,2.2777777777777777,11.299999999999997,35.397487044817886,2023,6,154,2,3,1.2246467991473532e-16,-1.0,0.47275920928627757,-0.881191653407483,Dry Season,0,4,7,0.1
2023-06-04,96781,JB,Jawa Barat,17.9,30.4,23.7,79.0,1.0,7.5,,1013.3,,Bandung (Husein S.),West Java,Jawa Barat,2.0833333333333335,12.5,38.60736104707568,2023,6,155,2,4,1.2246467991473532e-16,-1.0,0.4575313760742512,-0.8891934772070711,Dry Season,0,4,7,1.0
2023-06-05,96781,JB,Jawa Barat,18.7,28.8,23.3,82.0,2.2,6.1,,1012.8,,Bandung (Husein S.),West Java,Jawa Barat,1.6944444444444442,10.100000000000001,34.60517836083571,2023,6,156,2,5,1.2246467991473532e-16,-1.0,0.44216815196707204,-0.8969321743510065,Dry Season,0,4,7,2.2
2023-06-06,96781,JB,Jawa Barat,19.9,27.0,22.4,88.0,23.7,6.3,,1013.5,,Bandung (Husein S.),West Java,Jawa Barat,1.75,7.100000000000001,30.527317311555684,2023,6,157,2,6,1.2246467991473532e-16,-1.0,0.42667408318992467,-0.9044054548343001,Dry Season,0,4,7,23.7
2023-06-07,96781,JB,Jawa Barat,19.9,29.2,22.9,85.0,2.3,10.0,,1014.1,,Bandung (Husein S.),West Java,Jawa Barat,2.7777777777777777,9.3,36.498839792195604,2023,6,158,2,7,1.2246467991473532e-16,-1.0,0.4110537546870351,-0.9116111071930239,Dry Season,0,4,7,2.3
2023-06-08,96781,JB,Jawa Barat,18.8,29.2,22.8,83.0,3.0,8.4,,1014.4,,Bandung (Husein S.),West Java,Jawa Barat,2.3333333333333335,10.399999999999999,36.010602648071256,2023,6,159,2,8,1.2246467991473532e-16,-1.0,0.3953117887649151,-0.9185469991587165,Dry Season,0,4,7,3.0
2023-06-09,96781,JB,Jawa Barat,17.8,28.4,22.3,82.0,4.3,9.4,,1013.5,,Bandung (Husein S.),West Java,Jawa Barat,2.611111111111111,10.599999999999998,33.4851492422757,2023,6,160,2,9,1.2246467991473532e-16,-1.0,0.37945284372454435,-0.925211078289358,Dry Season,0,4,7,4.3
2023-06-10,96781,JB,Jawa Barat,17.7,29.0,22.8,75.0,0.0,8.7,,1012.5,,Bandung (Husein S.),West Java,Jawa Barat,2.4166666666666665,11.3,33.694284947111086,2023,6,161,2,10,1.2246467991473532e-16,-1.0,0.36348161248290634,-0.9316013725767187,Dry Season,0,4,7,0.0
2023-06-11,96781,JB,Jawa Barat,16.4,29.0,22.6,72.0,0.0,7.9,,1013.0,,Bandung (Husein S.),West Java,Jawa Barat,2.1944444444444446,12.600000000000001,33.10447179644438,2023,6,162,2,11,1.2246467991473532e-16,-1.0,0.3474028211842774,-0.9377159910299093,Dry Season,0,4,7,0.0
2023-06-12,96781,JB,Jawa Barat,17.3,29.2,22.7,80.0,0.7,8.2,,1013.5,,Bandung (Husein S.),West Java,Jawa Barat,2.2777777777777777,11.899999999999999,35.30381364801785,2023,6,163,2,12,1.2246467991473532e-16,-1.0,0.3312212278016865,-0.9435531242349544,Dry Season,0,4,7,0.7
2023-06-13,96781,JB,Jawa Barat,19.4,29.8,23.5,83.0,2.7,9.1,,1013.2,,Bandung (Husein S.),West Java,Jawa Barat,2.5277777777777777,10.400000000000002,37.88873613367107,2023,6,164,2,13,1.2246467991473532e-16,-1.0,0.31494162072895193,-0.9491110448902284,Dry Season,0,4,7,2.7
2023-06-14,96781,JB,Jawa Barat,19.6,28.2,23.0,84.0,4.4,9.2,,1014.2,,Bandung (Husein S.),West Java,Jawa Barat,2.5555555555555554,8.599999999999998,33.28968426759109,2023,6,165,2,14,1.2246467991473532e-16,-1.0,0.2985688173637202,-0.9543881083175908,Dry Season,0,4,7,4.4
2023-06-15,96781,JB,Jawa Barat,18.0,28.4,22.6,82.0,0.3,7.8,,1013.8,,Bandung (Husein S.),West Java,Jawa Barat,2.1666666666666665,10.399999999999999,33.4851492422757,2023,6,166,2,15,1.2246467991473532e-16,-1.0,0.2821076626819194,-0.9593827529490743,Dry Season,0,4,7,0.3
2023-06-16,96781,JB,Jawa Barat,18.3,25.6,21.3,89.0,7.3,6.1,,1014.3,,Bandung (Husein S.),West Java,Jawa Barat,1.6944444444444442,7.300000000000001,26.539444444444452,2023,6,167,2,16,1.2246467991473532e-16,-1.0,0.26556302780405594,-0.9640935007889755,Dry Season,0,4,7,7.3
2023-06-17,96781,JB,Jawa Barat,19.1,26.6,22.4,84.0,7.4,6.8,,1013.7,,Bandung (Husein S.),West Java,Jawa Barat,1.8888888888888888,7.5,29.16487591623123,2023,6,168,2,17,1.2246467991473532e-16,-1.0,0.24893980855376657,-0.9685189578512204,Dry Season,0,4,7,7.4
2023-06-18,96781,JB,Jawa Barat,17.1,28.0,22.4,85.0,4.9,6.9,,1013.7,,Bandung (Husein S.),West Java,Jawa Barat,1.9166666666666667,10.899999999999999,32.89636391955554,2023,6,169,2,18,1.2246467991473532e-16,-1.0,0.23224292400907015,-0.9726578145718654,Dry Season,0,4,7,4.9
2023-06-19,96781,JB,Jawa Barat,17.8,28.2,22.2,88.0,13.2,6.9,,1014.1,,Bandung (Husein S.),West Java,Jawa Barat,1.9166666666666667,10.399999999999999,34.01242125091559,2023,6,170,2,19,1.2246467991473532e-16,-1.0,0.21547731504673012,-0.976508846196619,Dry Season,0,4,7,13.2
2023-06-20,96781,JB,Jawa Barat,17.8,28.6,22.3,84.0,6.8,6.7,,1014.3,,Bandung (Husein S.),West Java,Jawa Barat,1.8611111111111112,10.8,34.43944859703115,2023,6,171,2,20,1.2246467991473532e-16,-1.0,0.19864794288017112,-0.9800709131432666,Dry Season,0,4,7,6.8
2023-06-21,96781,JB,Jawa Barat,17.8,30.0,22.9,82.0,0.6,7.6,,1014.2,,Bandung (Husein S.),West Java,Jawa Barat,2.111111111111111,12.2,38.24360535555557,2023,6,172,2,21,1.2246467991473532e-16,-1.0,0.18175978759137534,-0.9833429613388902,Dry Season,0,4,7,0.6
2023-06-22,96781,JB,Jawa Barat,17.9,29.8,23.7,77.0,0.3,8.3,,1013.4,,Bandung (Husein S.),West Java,Jawa Barat,2.305555555555556,11.900000000000002,36.265949824124455,2023,6,173,2,22,1.2246467991473532e-16,-1.0,0.16481784665719793,-0.9863240225317866,Dry Season,0,4,7,0.3
2023-06-23,96781,JB,Jawa Barat,18.9,29.0,22.5,82.0,1.7,7.6,,1013.1,,Bandung (Husein S.),West Java,Jawa Barat,2.111111111111111,10.100000000000001,35.18258914755547,2023,6,174,2,23,1.2246467991473532e-16,-1.0,0.14782713347053048,-0.9890132145779883,Dry Season,0,4,7,1.7
2023-06-24,96781,JB,Jawa Barat,18.0,28.4,22.9,83.0,0.8,7.3,,1012.5,,Bandung (Husein S.),West Java,Jawa Barat,2.0277777777777777,10.399999999999999,33.67060464295124,2023,6,175,2,24,1.2246467991473532e-16,-1.0,0.13079267585675922,-0.9914097417023038,Dry Season,0,4,7,0.8
2023-06-25,96781,JB,Jawa Barat,18.3,29.2,23.4,80.0,0.4,6.9,,1012.2,,Bandung (Husein S.),West Java,Jawa Barat,1.9166666666666667,10.899999999999999,35.30381364801785,2023,6,176,2,25,1.2246467991473532e-16,-1.0,0.11371951458594969,-0.9935128947338007,Dry Season,0,4,7,0.4
2023-06-26,96781,JB,Jawa Barat,17.1,28.2,22.2,81.0,0.8,7.0,,1012.8,,Bandung (Husein S.),West Java,Jawa Barat,1.9444444444444444,11.099999999999998,32.77250801548435,2023,6,177,2,26,1.2246467991473532e-16,-1.0,0.0966127018812031,-0.9953220513156602,Dry Season,0,4,7,0.8
2023-06-27,96781,JB,Jawa Barat,18.1,28.8,22.4,80.0,0.0,9.6,,1014.0,,Bandung (Husein S.),West Java,Jawa Barat,2.6666666666666665,10.7,34.19022055281775,2023,6,178,2,27,1.2246467991473532e-16,-1.0,0.07947729992362097,-0.9968366760893436,Dry Season,0,4,7,0.0
2023-06-28,96781,JB,Jawa Barat,18.3,29.2,22.7,79.0,1.5,9.1,,1014.8,,Bandung (Husein S.),West Java,Jawa Barat,2.5277777777777777,10.899999999999999,35.07503510563564,2023,6,179,2,28,1.2246467991473532e-16,-1.0,0.062318379354325076,-0.998056320853012,Dry Season,0,4,7,1.5
2023-06-29,96781,JB,Jawa Barat,18.6,29.6,22.9,79.0,0.0,10.5,,1013.9,,Bandung (Husein S.),West Java,Jawa Barat,2.9166666666666665,11.0,36.207656775075556,2023,6,180,2,29,1.2246467991473532e-16,-1.0,0.04514101777397193,-0.9989806246941579,Dry Season,0,4,7,0.0
2023-06-30,96781,JB,Jawa Barat,17.7,28.6,22.8,76.0,0.0,7.2,,1013.7,,Bandung (Husein S.),West Java,Jawa Barat,2.0,10.900000000000002,32.905997429315626,2023,6,181,2,30,1.2246467991473532e-16,-1.0,0.02795029824021032,-0.999609314096404,Dry Season,0,4,7,0.0
2023-07-01,96781,JB,Jawa Barat,17.5,27.4,22.7,79.0,0.9,7.5,,1014.5,,Bandung (Husein S.),West Java,Jawa Barat,2.0833333333333335,9.899999999999999,30.53288894227557,2023,7,182,3,1,-0.4999999999999997,-0.8660254037844388,0.01075130776352193,-0.9999422030204416,Dry Season,0,4,7,0.9
2023-07-02,96781,JB,Jawa Barat,17.5,28.8,22.6,77.0,1.1,7.4,,1015.4,,Bandung (Husein S.),West Java,Jawa Barat,2.055555555555556,11.3,33.59024433292454,2023,7,183,3,2,-0.4999999999999997,-0.8660254037844388,-0.00645086419810515,-0.9999791929590823,Dry Season,0,4,7,1.1
2023-07-03,96781,JB,Jawa Barat,17.7,29.0,22.6,79.0,0.3,7.4,,1014.4,,Bandung (Husein S.),West Java,Jawa Barat,2.055555555555556,11.3,34.52553188755544,2023,7,184,3,3,-0.4999999999999997,-0.8660254037844388,-0.023651127245231586,-0.9997202729664083,Dry Season,0,4,7,0.3
2023-07-04,96781,JB,Jawa Barat,17.9,27.8,22.8,83.0,3.2,7.2,,1013.3,,Bandung (Husein S.),West Java,Jawa Barat,2.0,9.900000000000002,32.03874112087109,2023,7,185,3,4,-0.4999999999999997,-0.8660254037844388,-0.04084439154329611,-0.9991655196610109,Dry Season,0,4,7,3.2
2023-07-05,96781,JB,Jawa Barat,18.1,30.8,22.7,82.0,3.0,6.4,,1012.9,,Bandung (Husein S.),West Java,Jawa Barat,1.777777777777778,12.7,40.90117305123566,2023,7,186,3,5,-0.4999999999999997,-0.8660254037844388,-0.05802556932878035,-0.9983150972033183,Dry Season,0,4,7,3.0
2023-07-06,96781,JB,Jawa Barat,18.2,27.4,21.7,88.0,24.0,6.0,,1014.3,,Bandung (Husein S.),West Java,Jawa Barat,1.6666666666666665,9.2,31.639551324195665,2023,7,187,3,6,-0.4999999999999997,-0.8660254037844388,-0.07518957641475855,-0.9971692572470178,Dry Season,0,4,7,24.0
2023-07-07,96781,JB,Jawa Barat,18.5,26.6,21.5,83.0,15.6,9.4,,1015.6,,Bandung (Husein S.),West Java,Jawa Barat,2.611111111111111,8.100000000000001,29.091646886951295,2023,7,188,3,7,-0.4999999999999997,-0.8660254037844388,-0.09233133369539122,-0.9957283388645872,Dry Season,0,4,7,15.6
2023-07-08,96781,JB,Jawa Barat,18.3,25.6,21.4,89.0,23.0,8.0,,1015.2,,Bandung (Husein S.),West Java,Jawa Barat,2.2222222222222223,7.300000000000001,26.539444444444452,2023,7,189,3,8,-0.4999999999999997,-0.8660254037844388,-0.10944576864891556,-0.993992768446958,Dry Season,0,4,7,23.0
2023-07-09,96781,JB,Jawa Barat,17.7,28.8,21.9,85.0,3.1,7.5,,1013.5,,Bandung (Husein S.),West Java,Jawa Barat,2.0833333333333335,11.100000000000001,35.25007556499555,2023,7,190,3,9,-0.4999999999999997,-0.8660254037844388,-0.12652781683868314,-0.9919630595773397,Dry Season,0,4,7,3.1
2023-07-10,96781,JB,Jawa Barat,17.2,27.8,21.7,82.0,7.7,7.4,,1013.7,,Bandung (Husein S.),West Java,Jawa Barat,2.055555555555556,10.600000000000001,31.89208670163563,2023,7,191,3,10,-0.4999999999999997,-0.8660254037844388,-0.1435724234118113,-0.9896398128792412,Dry Season,0,4,7,7.7
2023-07-11,96781,JB,Jawa Barat,16.1,27.6,22.0,78.0,0.9,6.5,,1014.3,,Bandung (Husein S.),West Java,Jawa Barat,1.8055555555555556,11.5,30.86572541841796,2023,7,192,3,11,-0.4999999999999997,-0.8660254037844388,-0.16057454459499376,-0.9870237158387383,Dry Season,0,4,7,0.9
2023-07-12,96781,JB,Jawa Barat,15.6,28.8,21.6,74.0,0.0,9.0,,1014.6,,Bandung (Husein S.),West Java,Jawa Barat,2.5,13.200000000000001,33.01722070359112,2023,7,193,3,12,-0.4999999999999997,-0.8660254037844388,-0.17752914918703497,-0.984115542601034,Dry Season,0,4,7,0.0
2023-07-13,96781,JB,Jawa Barat,15.7,28.4,21.5,76.0,0.0,9.5,,1014.6,,Bandung (Husein S.),West Java,Jawa Barat,2.638888888888889,12.7,32.42656064691575,2023,7,194,3,13,-0.4999999999999997,-0.8660254037844388,-0.19443122004766195,-0.9809161537413774,Dry Season,0,4,7,0.0
2023-07-14,96781,JB,Jawa Barat,18.4,28.0,22.2,81.0,2.0,11.6,,1014.4,,Bandung (Husein S.),West Java,Jawa Barat,3.222222222222222,9.600000000000001,32.25421116844447,2023,7,195,3,14,-0.4999999999999997,-0.8660254037844388,-0.2112757555821793,-0.9774264960104055,Dry Season,0,4,7,2.0
2023-07-15,96781,JB,Jawa Barat,17.9,27.6,22.2,81.0,0.6,7.4,,1014.4,,Bandung (Husein S.),West Java,Jawa Barat,2.055555555555556,9.700000000000003,31.252019241404554,2023,7,196,3,15,-0.4999999999999997,-0.8660254037844388,-0.2280577712215198,-0.9736476020539838,Dry Season,0,4,7,0.6
2023-07-16,96781,JB,Jawa Barat,17.3,27.4,21.8,82.0,0.3,8.8,,1013.8,,Bandung (Husein S.),West Java,Jawa Barat,2.4444444444444446,10.099999999999998,30.888032432675573,2023,7,197,3,16,-0.4999999999999997,-0.8660254037844388,-0.24477230089725957,-0.9695805901076308,Dry Season,0,4,7,0.3
2023-07-17,96781,JB,Jawa Barat,16.1,28.0,21.5,78.0,0.0,9.4,,1013.3,,Bandung (Husein S.),West Java,Jawa Barat,2.611111111111111,11.899999999999999,31.79527165377775,2023,7,198,3,17,-0.4999999999999997,-0.8660254037844388,-0.2614143985111562,-0.965226663665613,Dry Season,0,4,7,0.0
2023-07-18,96781,JB,Jawa Barat,15.4,29.2,21.2,76.0,0.0,7.3,,1013.5,,Bandung (Husein S.),West Java,Jawa Barat,2.0277777777777777,13.799999999999999,34.40915285139565,2023,7,199,3,18,-0.4999999999999997,-0.8660254037844388,-0.2779791393987801,-0.9605871111248129,Dry Season,0,4,7,0.0
2023-07-19,96781,JB,Jawa Barat,16.4,27.4,20.9,73.0,0.0,12.7,,1013.6,,Bandung (Husein S.),West Java,Jawa Barat,3.5277777777777777,11.0,29.863833872195574,2023,7,200,3,19,-0.4999999999999997,-0.8660254037844388,-0.2944616217868012,-0.9556633054034704,Dry Season,0,4,7,0.0
2023-07-20,96781,JB,Jawa Barat,15.9,28.0,21.1,67.0,0.0,11.0,,1013.3,,Bandung (Husein S.),West Java,Jawa Barat,3.0555555555555554,12.1,30.27877712355558,2023,7,201,3,20,-0.4999999999999997,-0.8660254037844388,-0.3108569682435036,-0.9504567035349151,Dry Season,0,4,7,0.0
2023-07-21,96781,JB,Jawa Barat,16.5,27.6,21.3,75.0,0.4,10.8,,1014.9,,Bandung (Husein S.),West Java,Jawa Barat,3.0,11.100000000000001,30.495077985671223,2023,7,202,3,21,-0.4999999999999997,-0.8660254037844388,-0.3271603271220951,-0.9449688462364056,Dry Season,0,4,7,0.4
2023-07-22,96781,JB,Jawa Barat,16.7,27.8,22.0,75.0,1.4,9.6,,1015.3,,Bandung (Husein S.),West Java,Jawa Barat,2.6666666666666665,11.100000000000001,30.92008601815108,2023,7,203,3,22,-0.4999999999999997,-0.8660254037844388,-0.34336687399638804,-0.939201357453208,Dry Season,0,4,7,1.4
2023-07-23,96781,JB,Jawa Barat,16.5,28.0,22.2,79.0,0.0,8.9,,1014.8,,Bandung (Husein S.),West Java,Jawa Barat,2.4722222222222223,11.5,31.946091963555574,2023,7,204,3,23,-0.4999999999999997,-0.8660254037844388,-0.3594718130884232,-0.9331559438780432,Dry Season,0,4,7,0.0
2023-07-24,96781,JB,Jawa Barat,16.9,28.2,22.4,84.0,1.0,7.9,,1014.6,,Bandung (Husein S.),West Java,Jawa Barat,2.1944444444444446,11.3,33.28968426759109,2023,7,205,3,24,-0.4999999999999997,-0.8660254037844388,-0.3754703786876202,-0.9268343944460494,Dry Season,0,4,7,1.0
2023-07-25,96781,JB,Jawa Barat,16.6,28.4,22.1,84.0,1.9,6.3,,1014.5,,Bandung (Husein S.),West Java,Jawa Barat,1.75,11.799999999999997,33.858638320231194,2023,7,206,3,25,-0.4999999999999997,-0.8660254037844388,-0.3913578365610259,-0.9202385798054075,Dry Season,0,4,7,1.9
2023-07-26,96781,JB,Jawa Barat,18.2,28.0,22.4,82.0,0.4,8.2,,1015.1,,Bandung (Husein S.),West Java,Jawa Barat,2.2777777777777777,9.8,32.41151006355561,2023,7,207,3,26,-0.4999999999999997,-0.8660254037844388,-0.4071294853542516,-0.9133704517637858,Dry Season,0,4,7,0.4
2023-07-27,96781,JB,Jawa Barat,16.6,28.8,21.8,70.0,0.0,8.7,,1015.1,,Bandung (Husein S.),West Java,Jawa Barat,2.4166666666666665,12.2,32.29511544979564,2023,7,208,3,27,-0.4999999999999997,-0.8660254037844388,-0.4227806579826773,-0.9062320427107697,Dry Season,0,4,7,0.0
2023-07-28,96781,JB,Jawa Barat,15.6,28.4,21.6,69.0,0.0,9.1,,1014.8,,Bandung (Husein S.),West Java,Jawa Barat,2.5277777777777777,12.799999999999999,31.308852204497814,2023,7,209,3,28,-0.4999999999999997,-0.8660254037844388,-0.4383067230125192,-0.898825465016444,Dry Season,0,4,7,0.0
2023-07-29,96781,JB,Jawa Barat,15.9,28.8,21.7,73.0,0.0,8.8,,1014.7,,Bandung (Husein S.),West Java,Jawa Barat,2.4444444444444446,12.9,32.832202291715554,2023,7,210,3,29,-0.4999999999999997,-0.8660254037844388,-0.45370308603134424,-0.8911529104063088,Dry Season,0,4,7,0.0
2023-07-30,96781,JB,Jawa Barat,15.9,28.2,21.2,70.0,0.0,11.9,,1014.8,,Bandung (Husein S.),West Java,Jawa Barat,3.3055555555555554,12.299999999999999,31.058622650595566,2023,7,211,3,30,-0.4999999999999997,-0.8660254037844388,-0.46896519100763184,-0.8832166493127127,Dry Season,0,4,7,0.0
2023-07-31,96781,JB,Jawa Barat,15.1,28.0,21.2,69.0,0.0,8.8,,1014.1,,Bandung (Husein S.),West Java,Jawa Barat,2.4444444444444446,12.9,30.53506764577775,2023,7,212,3,31,-0.4999999999999997,-0.8660254037844388,-0.48408852163897587,-0.8750190302029955,Dry Season,0,4,7,0.0
2023-08-01,96781,JB,Jawa Barat,15.1,28.8,22.1,71.0,0.0,8.4,,1014.4,,Bandung (Husein S.),West Java,Jawa Barat,2.3333333333333335,13.700000000000001,32.47114966481776,2023,8,213,3,1,-0.8660254037844385,-0.5000000000000004,-0.4990686026885319,-0.8665624788845385,Dry Season,0,4,7,0.0
2023-08-02,96781,JB,Jawa Barat,16.5,28.6,22.2,78.0,12.7,6.5,,1015.8,,Bandung (Husein S.),West Java,Jawa Barat,1.8055555555555556,12.100000000000001,33.27263947521791,2023,8,214,3,2,-0.8660254037844385,-0.5000000000000004,-0.5139010013093103,-0.8578494977869301,Dry Season,0,4,7,12.7
2023-08-03,96781,JB,Jawa Barat,17.4,27.6,22.2,82.0,2.3,7.3,,1016.2,,Bandung (Husein S.),West Java,Jawa Barat,2.0277777777777777,10.200000000000003,31.3842608246757,2023,8,215,3,3,-0.8660254037844385,-0.5000000000000004,-0.5285813283559292,-0.8488826652214553,Dry Season,0,4,7,2.3
2023-08-04,96781,JB,Jawa Barat,17.8,29.6,22.6,79.0,0.2,9.3,,1017.2,,Bandung (Husein S.),West Java,Jawa Barat,2.5833333333333335,11.8,36.207656775075556,2023,8,216,3,4,-0.8660254037844385,-0.5000000000000004,-0.5431052396834317,-0.8396646346181327,Dry Season,0,4,7,0.2
2023-08-05,96781,JB,Jawa Barat,16.3,28.6,22.1,75.0,0.0,9.1,,1017.0,,Bandung (Husein S.),West Java,Jawa Barat,2.5277777777777777,12.3,32.726856592871215,2023,8,217,3,5,-0.8660254037844385,-0.5000000000000004,-0.5574684374327892,-0.8301981337405212,Dry Season,0,4,7,0.0
2023-08-06,96781,JB,Jawa Barat,16.2,27.2,21.7,77.0,0.3,6.7,,1016.0,,Bandung (Husein S.),West Java,Jawa Barat,1.8611111111111112,11.0,29.878027129724465,2023,8,218,3,6,-0.8660254037844385,-0.5000000000000004,-0.5716666713027052,-0.8204859638785327,Dry Season,0,4,7,0.3
2023-08-07,96781,JB,Jawa Barat,16.3,29.0,21.9,80.0,0.5,7.0,,1014.8,,Bandung (Husein S.),West Java,Jawa Barat,1.9444444444444444,12.7,34.74134887377771,2023,8,219,3,7,-0.8660254037844385,-0.5000000000000004,-0.5856957398073508,-0.8105309990194823,Dry Season,0,4,7,0.5
2023-08-08,96781,JB,Jawa Barat,16.3,29.2,22.6,77.0,0.2,10.5,,1015.0,,Bandung (Husein S.),West Java,Jawa Barat,2.9166666666666665,12.899999999999999,34.62770470732472,2023,8,220,3,8,-0.8660254037844385,-0.5000000000000004,-0.5995514915196489,-0.8003361849976323,Dry Season,0,4,7,0.2
2023-08-09,96781,JB,Jawa Barat,16.6,28.8,22.8,74.0,0.0,9.2,,1015.8,,Bandung (Husein S.),West Java,Jawa Barat,2.5555555555555554,12.2,33.01722070359112,2023,8,221,3,9,-0.8660254037844385,-0.5000000000000004,-0.6132298262997502,-0.7899045386224707,Dry Season,0,4,7,0.0
2023-08-10,96781,JB,Jawa Barat,16.3,29.8,22.6,77.0,0.0,8.6,,1015.7,,Bandung (Husein S.),West Java,Jawa Barat,2.388888888888889,13.5,36.265949824124455,2023,8,222,3,10,-0.8660254037844385,-0.5000000000000004,-0.6267266965083301,-0.7792391467859886,Dry Season,0,4,7,0.0
2023-08-11,96781,JB,Jawa Barat,15.5,29.6,22.4,67.0,0.0,8.5,,1015.3,,Bandung (Husein S.),West Java,Jawa Barat,2.361111111111111,14.100000000000001,33.444527163875655,2023,8,223,3,11,-0.8660254037844385,-0.5000000000000004,-0.6400381082043503,-0.7683431655492202,Dry Season,0,4,7,0.0
2023-08-12,96781,JB,Jawa Barat,14.1,28.2,21.1,61.0,0.0,7.9,,1013.9,,Bandung (Husein S.),West Java,Jawa Barat,2.1944444444444446,14.1,29.869579824195444,2023,8,224,3,12,-0.8660254037844385,-0.5000000000000004,-0.65316012232693,-0.7572198192083127,Dry Season,0,4,7,0.0
2023-08-13,96781,JB,Jawa Barat,14.9,29.0,21.5,65.0,0.0,8.4,,1014.0,,Bandung (Husein S.),West Java,Jawa Barat,2.3333333333333335,14.1,31.840314627111134,2023,8,225,3,13,-0.8660254037844385,-0.5000000000000004,-0.666088855860977,-0.7458723993404063,Dry Season,0,4,7,0.0
2023-08-14,96781,JB,Jawa Barat,15.1,30.0,22.0,66.0,0.0,9.2,,1014.6,,Bandung (Husein S.),West Java,Jawa Barat,2.5555555555555554,14.9,34.10485931111106,2023,8,226,3,14,-0.8660254037844385,-0.5000000000000004,-0.6788204829862355,-0.734304263829602,Dry Season,0,4,7,0.0
2023-08-15,96781,JB,Jawa Barat,15.5,29.4,22.6,68.0,0.0,8.6,,1015.2,,Bandung (Husein S.),West Java,Jawa Barat,2.388888888888889,13.899999999999999,33.2137549354846,2023,8,227,3,15,-0.8660254037844385,-0.5000000000000004,-0.6913512362094071,-0.722518835873311,Dry Season,0,4,7,0.0
2023-08-16,96781,JB,Jawa Barat,17.0,29.8,22.7,64.0,0.0,10.7,,1015.4,,Bandung (Husein S.),West Java,Jawa Barat,2.972222222222222,12.8,33.24710429283559,2023,8,228,3,16,-0.8660254037844385,-0.5000000000000004,-0.7036774074790128,-0.7105196029692745,Dry Season,0,4,7,0.0
2023-08-17,96781,JB,Jawa Barat,16.9,29.4,22.1,71.0,0.5,11.2,,1014.6,,Bandung (Husein S.),West Java,Jawa Barat,3.1111111111111107,12.5,33.83091583553779,2023,8,229,3,17,-0.8660254037844385,-0.5000000000000004,-0.7157953492826642,-0.6983101158835584,Dry Season,0,4,7,0.5
2023-08-18,96781,JB,Jawa Barat,17.1,28.2,22.3,71.0,0.3,9.6,,1014.1,,Bandung (Husein S.),West Java,Jawa Barat,2.6666666666666665,11.099999999999998,31.20258446561764,2023,8,230,3,18,-0.8660254037844385,-0.5000000000000004,-0.7277014757264236,-0.6858939875998223,Dry Season,0,4,7,0.3
2023-08-19,96781,JB,Jawa Barat,16.1,29.0,22.8,74.0,0.3,9.1,,1013.8,,Bandung (Husein S.),West Java,Jawa Barat,2.5277777777777777,12.899999999999999,33.49447846311104,2023,8,231,3,19,-0.8660254037844385,-0.5000000000000004,-0.7393922635959241,-0.673274892250183,Dry Season,0,4,7,0.3
2023-08-20,96781,JB,Jawa Barat,16.4,29.8,23.3,73.0,0.0,8.0,,1013.9,,Bandung (Husein S.),West Java,Jawa Barat,2.2222222222222223,13.400000000000002,35.26460912211558,2023,8,232,3,20,-0.8660254037844385,-0.5000000000000004,-0.7508642533989489,-0.6604565640279754,Dry Season,0,4,7,0.0
2023-08-21,96781,JB,Jawa Barat,16.4,30.2,22.6,64.0,0.0,10.0,,1014.0,,Bandung (Husein S.),West Java,Jawa Barat,2.7777777777777777,13.8,34.08938588883566,2023,8,233,3,21,-0.8660254037844385,-0.5000000000000004,-0.7621140503891487,-0.6474427960827475,Dry Season,0,4,7,0.0
2023-08-22,96781,JB,Jawa Barat,12.0,28.7,21.7,70.0,0.6,11.5,,1013.6,,Bandung (Husein S.),West Java,Jawa Barat,3.194444444444444,16.7,32.08278524929553,2023,8,234,3,22,-0.8660254037844385,-0.5000000000000004,-0.7731383255706026,-0.6342374393978054,Dry Season,0,4,7,0.6
2023-08-23,96781,JB,Jawa Barat,16.4,28.2,21.9,74.0,4.1,10.3,,1013.7,,Bandung (Husein S.),West Java,Jawa Barat,2.861111111111111,11.8,31.64868504519108,2023,8,235,3,23,-0.8660254037844385,-0.5000000000000004,-0.7839338166829201,-0.620844401650647,Dry Season,0,4,7,4.1
2023-08-24,96781,JB,Jawa Barat,16.1,30.0,22.7,73.0,0.3,9.2,,1013.4,,Bandung (Husein S.),West Java,Jawa Barat,2.5555555555555554,13.899999999999999,35.78230485555544,2023,8,236,3,24,-0.8660254037844385,-0.5000000000000004,-0.7944973291665992,-0.6072676460566135,Dry Season,0,4,7,0.3
2023-08-25,96781,JB,Jawa Barat,17.4,31.8,23.5,68.0,0.0,10.7,,1014.0,,Bandung (Husein S.),West Java,Jawa Barat,2.972222222222222,14.400000000000002,39.13564071180441,2023,8,237,3,25,-0.8660254037844385,-0.5000000000000004,-0.8048257371083452,-0.593511190196115,Dry Season,0,4,7,0.0
2023-08-26,96781,JB,Jawa Barat,16.7,29.6,23.5,70.0,0.3,9.5,,1013.7,,Bandung (Husein S.),West Java,Jawa Barat,2.638888888888889,12.900000000000002,34.08372922291551,2023,8,238,3,26,-0.8660254037844385,-0.5000000000000004,-0.8149159841660791,-0.5795791048257612,Dry Season,0,4,7,0.3
2023-08-27,96781,JB,Jawa Barat,17.3,29.6,22.9,76.0,1.3,9.4,,1013.6,,Bandung (Husein S.),West Java,Jawa Barat,2.611111111111111,12.3,35.46529402851556,2023,8,239,3,27,-0.8660254037844385,-0.5000000000000004,-0.8247650844733614,-0.5654755126737576,Dry Season,0,4,7,1.3
2023-08-28,96781,JB,Jawa Barat,16.4,27.8,22.0,77.0,3.5,9.5,,1013.5,,Bandung (Husein S.),West Java,Jawa Barat,2.638888888888889,11.400000000000002,31.188054025724632,2023,8,240,3,28,-0.8660254037844385,-0.5000000000000004,-0.8343701235229538,-0.5512045872199277,Dry Season,0,4,7,3.5
2023-08-29,96781,JB,Jawa Barat,17.5,28.4,22.7,74.0,0.2,9.4,,1013.0,,Bandung (Husein S.),West Java,Jawa Barat,2.611111111111111,10.899999999999999,32.09432399463126,2023,8,241,3,29,-0.8660254037844385,-0.5000000000000004,-0.8437282590292712,-0.5367705514607103,Dry Season,0,4,7,0.2
2023-08-30,96781,JB,Jawa Barat,16.5,29.0,22.7,69.0,0.0,8.9,,1013.6,,Bandung (Husein S.),West Java,Jawa Barat,2.4722222222222223,12.5,32.54347754977772,2023,8,242,3,30,-0.8660254037844385,-0.5000000000000004,-0.8528367217694595,-0.522177676659508,Dry Season,0,4,7,0.0
2023-08-31,96781,JB,Jawa Barat,15.8,30.4,22.8,64.0,0.0,8.9,,1014.5,,Bandung (Husein S.),West Java,Jawa Barat,2.4722222222222223,14.599999999999998,34.5242751926756,2023,8,243,3,31,-0.8660254037844385,-0.5000000000000004,-0.8616928164028522,-0.5074302810827518,Dry Season,0,4,7,0.0
2023-09-01,96781,JB,Jawa Barat,15.1,30.3,22.6,66.0,0.0,14.3,,1013.9,,Bandung (Husein S.),West Java,Jawa Barat,3.9722222222222223,15.200000000000001,34.77897102245114,2023,9,244,3,1,-1.0,-1.8369701987210297e-16,-0.8702939222685674,-0.49253272872205434,Dry Season,0,4,7,0.0
2023-09-02,96781,JB,Jawa Barat,14.9,30.6,22.4,68.0,0.0,10.2,,1013.3,,Bandung (Husein S.),West Java,Jawa Barat,2.833333333333333,15.700000000000001,35.99969964348455,2023,9,245,3,2,-1.0,-1.8369701987210297e-16,-0.8786374941610001,-0.4774894280028391,Dry Season,0,4,7,0.0
2023-09-03,96781,JB,Jawa Barat,16.6,29.2,21.8,62.0,0.0,10.4,,1012.2,,Bandung (Husein S.),West Java,Jawa Barat,2.888888888888889,12.599999999999998,31.707360894257857,2023,9,246,3,3,-1.0,-1.8369701987210297e-16,-0.886721063082993,-0.46230483047981086,Dry Season,0,4,7,0.0
2023-09-04,96781,JB,Jawa Barat,14.4,29.2,21.4,64.0,0.0,10.8,,1012.6,,Bandung (Husein S.),West Java,Jawa Barat,3.0,14.799999999999999,32.05242442803561,2023,9,247,3,4,-1.0,-1.8369701987210297e-16,-0.8945422369764496,-0.4469834295196741,Dry Season,0,4,7,0.0
2023-09-05,96781,JB,Jawa Barat,14.0,30.1,22.1,63.0,0.0,11.0,,1013.5,,Bandung (Husein S.),West Java,Jawa Barat,3.0555555555555554,16.1,33.65596513908455,2023,9,248,3,5,-1.0,-1.8369701987210297e-16,-0.9020987014301837,-0.43152975897147144,Dry Season,0,4,7,0.0
2023-09-06,96781,JB,Jawa Barat,15.2,30.8,22.5,65.0,0.0,10.7,,1014.6,,Bandung (Husein S.),West Java,Jawa Barat,2.972222222222222,15.600000000000001,35.683111970151025,2023,9,249,3,6,-1.0,-1.8369701987210297e-16,-0.9093882203647925,-0.4159483918249421,Dry Season,0,4,7,0.0
2023-09-07,96781,JB,Jawa Barat,16.4,30.6,23.1,68.0,1.6,11.0,,1014.3,,Bandung (Husein S.),West Java,Jawa Barat,3.0555555555555554,14.200000000000003,35.99969964348455,2023,9,250,3,7,-1.0,-1.8369701987210297e-16,-0.9164086366943458,-0.4002439388573056,Dry Season,0,4,7,1.6
2023-09-08,96781,JB,Jawa Barat,17.4,29.8,23.3,72.0,1.2,11.3,,1014.3,,Bandung (Husein S.),West Java,Jawa Barat,3.138888888888889,12.400000000000002,35.024338551324355,2023,9,251,3,8,-1.0,-1.8369701987210297e-16,-0.9231578729647039,-0.38442104726885545,Dry Season,0,4,7,1.2
2023-09-09,96781,JB,Jawa Barat,16.9,30.0,23.2,72.0,2.5,8.8,,1014.0,,Bandung (Husein S.),West Java,Jawa Barat,2.4444444444444446,13.100000000000001,35.52997874444458,2023,9,252,3,9,-1.0,-1.8369701987210297e-16,-0.9296339319682695,-0.3684843993077793,Dry Season,0,4,7,2.5
2023-09-10,96781,JB,Jawa Barat,17.5,29.9,23.2,67.0,0.2,10.4,,1014.5,,Bandung (Husein S.),West Java,Jawa Barat,2.888888888888889,12.399999999999999,34.10639035707562,2023,9,253,3,10,-1.0,-1.8369701987210297e-16,-0.9358348973349941,-0.35243871088460327,Dry Season,0,4,7,0.2
2023-09-11,96781,JB,Jawa Barat,15.5,30.6,22.9,61.0,0.0,11.8,,1014.6,,Bandung (Husein S.),West Java,Jawa Barat,3.2777777777777777,15.100000000000001,34.24562740051559,2023,9,254,3,11,-1.0,-1.8369701987210297e-16,-0.9417589340994617,-0.33628873017668287,Dry Season,0,4,7,0.0
2023-09-12,96781,JB,Jawa Barat,17.2,31.8,23.7,66.0,0.0,12.2,,1015.1,,Bandung (Husein S.),West Java,Jawa Barat,3.3888888888888884,14.600000000000001,38.46829974935112,2023,9,255,3,12,-1.0,-1.8369701987210297e-16,-0.9474042892438845,-0.32003923622313857,Dry Season,0,4,7,0.0
2023-09-13,96781,JB,Jawa Barat,16.0,30.8,22.8,61.0,0.0,13.0,,1014.9,,Bandung (Husein S.),West Java,Jawa Barat,3.611111111111111,14.8,34.667123078595615,2023,9,256,3,13,-1.0,-1.8369701987210297e-16,-0.9527692922168511,-0.30369503751065885,Dry Season,0,4,7,0.0
2023-09-14,96781,JB,Jawa Barat,10.6,27.7,21.5,70.0,0.9,13.6,,1015.3,,Bandung (Husein S.),West Java,Jawa Barat,3.7777777777777777,17.1,30.09694072489555,2023,9,257,3,14,-1.0,-1.8369701987210297e-16,-0.9578523554276669,-0.28726097055059635,Dry Season,0,4,7,0.9
2023-09-15,96781,JB,Jawa Barat,16.8,29.2,22.4,65.0,0.9,13.1,,1014.8,,Bandung (Husein S.),West Java,Jawa Barat,3.638888888888889,12.399999999999999,32.23006953815122,2023,9,258,3,15,-1.0,-1.8369701987210297e-16,-0.9626519747161487,-0.2707418984477642,Dry Season,0,4,7,0.9
2023-09-16,96781,JB,Jawa Barat,17.1,29.4,22.6,76.0,3.0,8.3,,1014.4,,Bandung (Husein S.),West Java,Jawa Barat,2.305555555555556,12.299999999999997,34.931819683715645,2023,9,259,3,16,-1.0,-1.8369701987210297e-16,-0.9671667297977312,-0.2541427094613622,Dry Season,0,4,7,3.0
2023-09-17,96781,JB,Jawa Barat,17.9,29.2,23.2,72.0,2.0,9.6,,1013.8,,Bandung (Husein S.),West Java,Jawa Barat,2.6666666666666665,11.3,33.5690343825246,2023,9,260,3,17,-1.0,-1.8369701987210297e-16,-0.97139528468375,-0.23746831555846842,Dry Season,0,4,7,2.0
2023-09-18,96781,JB,Jawa Barat,18.4,30.4,23.4,69.0,0.0,11.1,,1013.4,,Bandung (Husein S.),West Java,Jawa Barat,3.083333333333333,12.0,35.769363055697866,2023,9,261,3,18,-1.0,-1.8369701987210297e-16,-0.9753363880767837,-0.2207236509605022,Dry Season,0,4,7,0.0
2023-09-19,96781,JB,Jawa Barat,17.3,28.1,23.0,69.0,1.5,9.5,,1013.6,,Bandung (Husein S.),West Java,Jawa Barat,2.638888888888889,10.8,30.72481636009784,2023,9,262,3,19,-1.0,-1.8369701987210297e-16,-0.9789888737409319,-0.20391367068311472,Dry Season,0,4,7,1.5
2023-09-20,96781,JB,Jawa Barat,18.0,31.0,23.6,70.0,2.2,8.3,,1013.4,,Bandung (Husein S.),West Java,Jawa Barat,2.305555555555556,13.0,37.598684271555726,2023,9,263,3,20,-1.0,-1.8369701987210297e-16,-0.9823516608469237,-0.18704334906991657,Dry Season,0,4,7,2.2
2023-09-21,96781,JB,Jawa Barat,17.8,31.0,23.5,70.0,0.0,10.1,,1013.8,,Bandung (Husein S.),West Java,Jawa Barat,2.8055555555555554,13.2,37.598684271555726,2023,9,264,3,21,-1.0,-1.8369701987210297e-16,-0.9854237542919524,-0.17011767832049052,Dry Season,0,4,7,0.0
2023-09-22,96781,JB,Jawa Barat,15.5,31.2,22.9,65.0,0.0,10.8,,1014.1,,Bandung (Husein S.),West Java,Jawa Barat,3.0,15.7,36.639429006951175,2023,9,265,3,22,-1.0,-1.8369701987210297e-16,-0.9882042449941422,-0.15314166701312007,Dry Season,0,4,7,0.0
2023-09-23,96781,JB,Jawa Barat,16.6,29.2,22.5,62.0,0.0,9.6,,1013.6,,Bandung (Husein S.),West Java,Jawa Barat,2.6666666666666665,12.599999999999998,31.707360894257857,2023,9,266,3,23,-1.0,-1.8369701987210297e-16,-0.9906923101615609,-0.13612033862266704,Dry Season,0,4,7,0.0
2023-09-24,96781,JB,Jawa Barat,15.1,30.2,23.2,60.0,0.0,9.9,,1013.7,,Bandung (Husein S.),West Java,Jawa Barat,2.75,15.1,33.21755723681784,2023,9,267,3,24,-1.0,-1.8369701987210297e-16,-0.9928872135356962,-0.11905873003404988,Dry Season,0,4,7,0.0
2023-09-25,96781,JB,Jawa Barat,17.1,31.4,23.3,66.0,0.9,11.6,,1013.7,,Bandung (Husein S.),West Java,Jawa Barat,3.222222222222222,14.299999999999997,37.43253102407119,2023,9,268,3,25,-1.0,-1.8369701987210297e-16,-0.994788305609327,-0.10196189005174576,Dry Season,0,4,7,0.9
2023-09-26,96781,JB,Jawa Barat,17.1,32.0,23.6,56.0,0.0,15.9,,1013.8,,Bandung (Husein S.),West Java,Jawa Barat,4.416666666666667,14.899999999999999,35.91511605511118,2023,9,269,3,26,-1.0,-1.8369701987210297e-16,-0.9963950238187231,-0.08483487790576538,Dry Season,0,4,7,0.0
2023-09-27,96781,JB,Jawa Barat,16.6,31.2,23.6,60.0,0.0,12.2,,1013.8,,Bandung (Husein S.),West Java,Jawa Barat,3.3888888888888884,14.599999999999998,35.27418278321782,2023,9,270,3,27,-1.0,-1.8369701987210297e-16,-0.9977068927101168,-0.06768276175455162,Dry Season,0,4,7,0.0
2023-09-28,96781,JB,Jawa Barat,16.6,31.6,23.9,57.0,0.0,11.7,,1013.6,,Bandung (Husein S.),West Java,Jawa Barat,3.2499999999999996,15.0,35.3416209858311,2023,9,271,3,28,-1.0,-1.8369701987210297e-16,-0.9987235240803972,-0.050510617185222886,Dry Season,0,4,7,0.0
2023-09-29,96781,JB,Jawa Barat,17.5,32.8,24.6,60.0,1.9,10.0,,1015.4,,Bandung (Husein S.),West Java,Jawa Barat,2.7777777777777777,15.299999999999997,39.01198626161779,2023,9,272,3,29,-1.0,-1.8369701987210297e-16,-0.9994446170919858,-0.033323525711631344,Dry Season,0,4,7,1.9
2023-09-30,96781,JB,Jawa Barat,17.4,32.4,24.3,52.0,0.0,11.6,,1015.2,,Bandung (Husein S.),West Java,Jawa Barat,3.222222222222222,15.0,35.64194929747578,2023,9,273,3,30,-1.0,-1.8369701987210297e-16,-0.9998699583618592,-0.016126573270657762,Dry Season,0,4,7,0.0
2023-10-01,96781,JB,Jawa Barat,16.6,31.2,23.6,49.0,0.0,12.0,,1014.9,,Bandung (Husein S.),West Java,Jawa Barat,3.333333333333333,14.599999999999998,32.74982962803565,2023,10,274,4,1,-0.8660254037844386,0.5000000000000001,-0.9999994220246925,0.001075151282798226,Transition,2,4,7,0.0
2023-10-02,96781,JB,Jawa Barat,16.6,30.8,23.3,55.0,0.0,12.3,,1015.2,,Bandung (Husein S.),West Java,Jawa Barat,3.416666666666667,14.2,33.294418445795614,2023,10,275,4,2,-0.8660254037844386,0.5000000000000001,-0.999832969770105,0.018276557681691223,Transition,2,4,7,0.0
2023-10-03,96781,JB,Jawa Barat,16.9,30.4,23.8,62.0,0.7,9.6,,1015.7,,Bandung (Husein S.),West Java,Jawa Barat,2.6666666666666665,13.5,34.058703458897845,2023,10,276,4,3,-0.8660254037844386,0.5000000000000001,-0.9993706508539969,0.03547255575312556,Transition,2,4,7,0.7
2023-10-04,96781,JB,Jawa Barat,18.1,30.3,24.4,71.0,2.0,10.2,,1015.0,,Bandung (Husein S.),West Java,Jawa Barat,2.833333333333333,12.2,36.041566913217785,2023,10,277,4,4,-0.8660254037844386,0.5000000000000001,-0.9986126020839734,0.052658056924614005,Transition,2,4,7,2.0
2023-10-05,96781,JB,Jawa Barat,18.1,30.4,24.6,68.0,1.8,9.5,,1014.0,,Bandung (Husein S.),West Java,Jawa Barat,2.638888888888889,12.299999999999997,35.51107022268456,2023,10,278,4,5,-0.8660254037844386,0.5000000000000001,-0.9975590477788613,0.06982797572987089,Transition,2,4,7,1.8
2023-10-06,96781,JB,Jawa Barat,18.2,33.4,24.4,68.0,1.6,10.1,,1014.2,,Bandung (Husein S.),West Java,Jawa Barat,2.8055555555555554,15.2,43.86133425228442,2023,10,279,4,6,-0.8660254037844386,0.5000000000000001,-0.9962102997023297,0.0869772313136861,Transition,2,4,7,1.6
2023-10-07,96781,JB,Jawa Barat,18.1,32.0,24.6,66.0,0.8,9.9,,1014.4,,Bandung (Husein S.),West Java,Jawa Barat,2.75,13.899999999999999,39.000351675111304,2023,10,280,4,7,-0.8660254037844386,0.5000000000000001,-0.9945667569706337,0.1041007489354256,Transition,2,4,7,0.8
2023-10-08,96781,JB,Jawa Barat,19.4,32.2,24.8,67.0,2.5,10.2,,1014.9,,Bandung (Husein S.),West Java,Jawa Barat,2.833333333333333,12.800000000000004,39.89706898323575,2023,10,281,4,8,-0.8660254037844386,0.5000000000000001,-0.9926289059345095,0.121193461470736,Transition,2,4,7,2.5
2023-10-09,96781,JB,Jawa Barat,18.0,31.8,24.2,71.0,2.4,10.7,,1015.5,,Bandung (Husein S.),West Java,Jawa Barat,2.972222222222222,13.8,40.18199023361775,2023,10,282,4,9,-0.8660254037844386,0.5000000000000001,-0.9903973200352558,0.1382503109109819,Transition,2,4,7,2.4
2023-10-10,96781,JB,Jawa Barat,18.5,29.8,23.5,74.0,10.1,7.2,,1015.2,,Bandung (Husein S.),West Java,Jawa Barat,2.0,11.3,35.50890553479106,2023,10,283,4,10,-0.8660254037844386,0.5000000000000001,-0.9878726596350429,0.15526624985999563,Transition,2,4,7,10.1
2023-10-11,96781,JB,Jawa Barat,17.0,32.4,24.7,63.0,0.0,8.2,,1014.3,,Bandung (Husein S.),West Java,Jawa Barat,2.2777777777777777,15.399999999999999,39.02948434908452,2023,10,284,4,11,-0.8660254037844386,0.5000000000000001,-0.9850556718215013,0.172236243027682,Transition,2,4,7,0.0
2023-10-12,96781,JB,Jawa Barat,16.8,31.8,24.3,59.0,0.0,11.2,,1015.1,,Bandung (Husein S.),West Java,Jawa Barat,3.1111111111111107,15.0,36.323026308924476,2023,10,285,4,12,-0.8660254037844386,0.5000000000000001,-0.981947190186646,0.18915526872004093,Transition,2,4,7,0.0
2023-10-13,96781,JB,Jawa Barat,17.6,31.4,24.8,62.0,0.0,10.4,,1015.1,,Bandung (Husein S.),West Java,Jawa Barat,2.888888888888889,13.799999999999997,36.26246577649782,2023,10,286,4,13,-0.8660254037844386,0.5000000000000001,-0.9785481345802031,0.20601832032517084,Transition,2,4,7,0.0
2023-10-14,96781,JB,Jawa Barat,18.3,31.3,24.6,63.0,0.0,11.3,,1014.3,,Bandung (Husein S.),West Java,Jawa Barat,3.138888888888889,13.0,36.31062581460455,2023,10,287,4,14,-0.8660254037844386,0.5000000000000001,-0.9748595108374125,0.22282040779479959,Transition,2,4,7,0.0
2023-10-15,96781,JB,Jawa Barat,18.4,31.2,24.8,64.0,0.5,10.6,,1014.0,,Bandung (Husein S.),West Java,Jawa Barat,2.944444444444444,12.8,36.3554891136357,2023,10,288,4,15,-0.8660254037844386,0.5000000000000001,-0.9708824104813836,0.23955655912092708,Transition,2,4,7,0.5
2023-10-16,96781,JB,Jawa Barat,18.3,32.8,25.1,64.0,0.7,10.0,,1014.0,,Bandung (Husein S.),West Java,Jawa Barat,2.7777777777777777,14.499999999999996,40.45786914243557,2023,10,289,4,16,-0.8660254037844386,0.5000000000000001,-0.9666180104000972,0.2562218218071163,Transition,2,4,7,0.7
2023-10-17,96781,JB,Jawa Barat,18.6,33.4,25.3,66.0,0.9,11.3,,1014.2,,Bandung (Husein S.),West Java,Jawa Barat,3.138888888888889,14.799999999999997,42.989176333671146,2023,10,290,4,17,-0.8660254037844386,0.5000000000000001,-0.9620675724981452,0.27281126433401914,Transition,2,4,7,0.9
2023-10-18,96781,JB,Jawa Barat,19.5,33.0,25.3,55.0,0.0,10.1,,1014.1,,Bandung (Husein S.),West Java,Jawa Barat,2.8055555555555554,13.5,37.81306655955562,2023,10,291,4,18,-0.8660254037844386,0.5000000000000001,-0.957232443323312,0.28931997761869527,Transition,2,4,7,0.0
2023-10-19,96781,JB,Jawa Barat,17.3,30.9,24.5,61.0,0.6,11.7,,1014.6,,Bandung (Husein S.),West Java,Jawa Barat,3.2499999999999996,13.599999999999998,34.881149285715566,2023,10,292,4,19,-0.8660254037844386,0.5000000000000001,-0.9521140536681102,0.3057430764672831,Transition,2,4,7,0.6
2023-10-20,96781,JB,Jawa Barat,18.2,31.6,24.4,71.0,5.4,8.9,,1014.7,,Bandung (Husein S.),West Java,Jawa Barat,2.4722222222222223,13.400000000000002,39.597000106737816,2023,10,293,4,20,-0.8660254037844386,0.5000000000000001,-0.9467139181463862,0.3220757010206104,Transition,2,4,7,5.4
2023-10-21,96781,JB,Jawa Barat,19.3,31.7,24.4,73.0,0.9,8.0,,1015.0,,Bandung (Husein S.),West Java,Jawa Barat,2.2222222222222223,12.399999999999999,40.60281195051562,2023,10,294,4,21,-0.8660254037844386,0.5000000000000001,-0.9410336347451197,0.3383130181923076,Transition,2,4,7,0.9
2023-10-22,96781,JB,Jawa Barat,17.3,31.1,23.7,73.0,0.8,7.3,,1015.2,,Bandung (Husein S.),West Java,Jawa Barat,2.0277777777777777,13.8,38.81561699499562,2023,10,295,4,22,-0.8660254037844386,0.5000000000000001,-0.9350748843515574,0.3544502230989869,Transition,2,4,7,0.8
2023-10-23,96781,JB,Jawa Barat,17.5,31.0,23.7,71.0,0.2,7.4,,1014.7,,Bandung (Husein S.),West Java,Jawa Barat,2.055555555555556,13.5,37.90283037377796,2023,10,296,4,23,-0.8660254037844386,0.5000000000000001,-0.9288394302558068,0.3704825404820963,Transition,2,4,7,0.2
2023-10-24,96781,JB,Jawa Barat,18.3,30.3,23.5,75.0,0.6,7.4,,1014.6,,Bandung (Husein S.),West Java,Jawa Barat,2.055555555555556,12.0,37.13329205215112,2023,10,297,4,24,-0.8660254037844386,0.5000000000000001,-0.9223291176290545,0.3864052261209853,Transition,2,4,7,0.6
2023-10-25,96781,JB,Jawa Barat,18.6,29.4,23.2,77.0,1.8,7.5,,1015.4,,Bandung (Husein S.),West Java,Jawa Barat,2.0833333333333335,10.799999999999997,35.16284580556451,2023,10,298,4,25,-0.8660254037844386,0.5000000000000001,-0.9155458729775467,0.40221356823680365,Transition,2,4,7,1.8
2023-10-26,96781,JB,Jawa Barat,18.1,32.6,24.2,71.0,4.0,9.5,,1015.1,,Bandung (Husein S.),West Java,Jawa Barat,2.638888888888889,14.5,42.623285153937815,2023,10,299,4,26,-0.8660254037844386,0.5000000000000001,-0.9084917035725082,0.41790288888678667,Transition,2,4,7,4.0
2023-10-27,96781,JB,Jawa Barat,18.5,33.0,24.6,63.0,0.0,11.3,,1013.9,,Bandung (Husein S.),West Java,Jawa Barat,3.138888888888889,14.5,40.627568440444655,2023,10,300,4,27,-0.8660254037844386,0.5000000000000001,-0.9011686968561569,0.4334685453485363,Transition,2,4,7,0.0
2023-10-28,96781,JB,Jawa Barat,18.2,32.2,25.2,58.0,0.0,13.6,,1013.9,,Bandung (Husein S.),West Java,Jawa Barat,3.7777777777777777,14.000000000000004,36.93199960131567,2023,10,301,4,28,-0.8660254037844386,0.5000000000000001,-0.8935790198239952,0.4489059314938798,Transition,2,4,7,0.0
2023-10-29,96781,JB,Jawa Barat,18.5,32.1,24.9,63.0,0.0,10.4,,1013.3,,Bandung (Husein S.),West Java,Jawa Barat,2.888888888888889,13.600000000000001,38.26090210068454,2023,10,302,4,29,-0.8660254037844386,0.5000000000000001,-0.8857249183835637,0.4642104791518923,Transition,2,4,7,0.0
2023-10-30,96781,JB,Jawa Barat,17.9,31.4,24.7,63.0,1.5,8.2,,1012.8,,Bandung (Husein S.),West Java,Jawa Barat,2.2777777777777777,13.5,36.5465133658845,2023,10,303,4,30,-0.8660254037844386,0.5000000000000001,-0.8776087166898392,0.4793776594606945,Transition,2,4,7,1.5
2023-10-31,96781,JB,Jawa Barat,17.9,31.8,24.7,70.0,0.4,8.3,,1013.2,,Bandung (Husein S.),West Java,Jawa Barat,2.305555555555556,13.900000000000002,39.82716198259558,2023,10,304,4,31,-0.8660254037844386,0.5000000000000001,-0.8692328164574792,0.49440298420761813,Transition,2,4,7,0.4
2023-11-01,96781,JB,Jawa Barat,18.9,30.5,24.3,74.0,3.0,8.4,,1013.7,,Bandung (Husein S.),West Java,Jawa Barat,2.3333333333333335,11.600000000000001,37.409861516610924,2023,11,305,4,1,-0.5000000000000004,0.8660254037844384,-0.8605996962501181,0.5092820071573356,Rainy Season,1,4,7,3.0
2023-11-02,96781,JB,Jawa Barat,18.2,30.6,24.4,72.0,3.5,9.0,,1013.0,,Bandung (Husein S.),West Java,Jawa Barat,2.5,12.400000000000002,37.10851573436451,2023,11,306,4,2,-0.5000000000000004,0.8660254037844384,-0.8517119107469189,0.5240103253675756,Rainy Season,1,4,7,3.5
2023-11-03,96781,JB,Jawa Barat,17.7,30.0,23.4,77.0,3.6,7.0,,1012.7,,Bandung (Husein S.),West Java,Jawa Barat,1.9444444444444444,12.3,36.83391274444448,2023,11,307,4,3,-0.5000000000000004,0.8660254037844384,-0.8425720899866032,0.5385835804920232,Rainy Season,1,4,7,3.6
2023-11-04,96781,JB,Jawa Barat,18.6,30.4,23.6,78.0,6.5,7.4,,1012.7,,Bandung (Husein S.),West Java,Jawa Barat,2.055555555555556,11.799999999999997,38.30269191201789,2023,11,308,4,4,-0.5000000000000004,0.8660254037844384,-0.8331829385891785,0.5529974600700271,Rainy Season,1,4,7,6.5
2023-11-05,96781,JB,Jawa Barat,18.2,29.5,23.0,83.0,17.3,7.8,,1013.3,,Bandung (Husein S.),West Java,Jawa Barat,2.1666666666666665,11.3,36.93647635711127,2023,11,309,4,5,-0.5000000000000004,0.8660254037844384,-0.8235472349556007,0.5672476988027229,Rainy Season,1,4,7,17.3
2023-11-06,96781,JB,Jawa Barat,18.3,29.8,24.2,76.0,1.6,8.5,,1013.7,,Bandung (Husein S.),West Java,Jawa Barat,2.361111111111111,11.5,36.0095758857955,2023,11,310,4,6,-0.5000000000000004,0.8660254037844384,-0.8136678304455991,0.5813300798152042,Rainy Season,1,4,7,1.6
2023-11-07,96781,JB,Jawa Barat,18.2,30.7,24.9,71.0,0.1,8.3,,1013.3,,Bandung (Husein S.),West Java,Jawa Barat,2.305555555555556,12.5,37.08994587161781,2023,11,311,4,7,-0.5000000000000004,0.8660254037844384,-0.8035476485339116,0.5952404359043674,Rainy Season,1,4,7,0.1
2023-11-08,96781,JB,Jawa Barat,18.9,31.0,24.9,74.0,0.4,8.8,,1012.9,,Bandung (Husein S.),West Java,Jawa Barat,2.4444444444444446,12.100000000000001,38.84673424311128,2023,11,312,4,8,-0.5000000000000004,0.8660254037844384,-0.7931896839451843,0.6089746507720486,Rainy Season,1,4,7,0.4
2023-11-09,96781,JB,Jawa Barat,17.8,29.8,24.1,76.0,2.1,9.1,,1013.6,,Bandung (Husein S.),West Java,Jawa Barat,2.5277777777777777,12.0,36.0095758857955,2023,11,313,4,9,-0.5000000000000004,0.8660254037844384,-0.7825970017677834,0.6225286602431057,Rainy Season,1,4,7,2.1
2023-11-10,96781,JB,Jawa Barat,18.8,30.9,24.4,71.0,0.0,8.6,,1014.2,,Bandung (Husein S.),West Java,Jawa Barat,2.388888888888889,12.099999999999998,37.6293355127379,2023,11,314,4,10,-0.5000000000000004,0.8660254037844384,-0.7717727365467836,0.6358984534680745,Rainy Season,1,4,7,0.0
2023-11-11,96781,JB,Jawa Barat,18.3,29.1,22.9,81.0,17.0,7.5,,1014.4,,Bandung (Husein S.),West Java,Jawa Barat,2.0833333333333335,10.8,35.246751116204635,2023,11,315,4,11,-0.5000000000000004,0.8660254037844384,-0.7607200913564104,0.6490800741100398,Rainy Season,1,4,7,17.0
2023-11-12,96781,JB,Jawa Barat,18.7,28.9,22.8,84.0,13.8,6.0,,1014.8,,Bandung (Husein S.),West Java,Jawa Barat,1.6666666666666665,10.2,35.33289443253125,2023,11,316,4,12,-0.5000000000000004,0.8660254037844384,-0.7494423368521954,0.6620696215153815,Rainy Season,1,4,7,13.8
2023-11-13,96781,JB,Jawa Barat,17.8,29.2,23.5,79.0,1.8,7.3,,1014.1,,Bandung (Husein S.),West Java,Jawa Barat,2.0277777777777777,11.399999999999999,35.07503510563564,2023,11,317,4,13,-0.5000000000000004,0.8660254037844384,-0.7379428103031386,0.6748632518680403,Rainy Season,1,4,7,1.8
2023-11-14,96781,JB,Jawa Barat,18.8,29.0,23.3,82.0,5.6,8.9,,1014.1,,Bandung (Husein S.),West Java,Jawa Barat,2.4722222222222223,10.2,35.18258914755547,2023,11,318,4,14,-0.5000000000000004,0.8660254037844384,-0.7262249146041543,0.6874571793269664,Rainy Season,1,4,7,5.6
2023-11-15,96781,JB,Jawa Barat,19.0,28.8,22.9,84.0,16.5,5.9,,1014.1,,Bandung (Husein S.),West Java,Jawa Barat,1.6388888888888888,9.8,35.032115097991166,2023,11,319,4,15,-0.5000000000000004,0.8660254037844384,-0.7142921172691032,0.699847677146407,Rainy Season,1,4,7,16.5
2023-11-16,96781,JB,Jawa Barat,18.3,28.4,22.7,84.0,5.3,6.4,,1014.9,,Bandung (Husein S.),West Java,Jawa Barat,1.777777777777778,10.099999999999998,33.858638320231194,2023,11,320,4,16,-0.5000000000000004,0.8660254037844384,-0.7021479494046978,0.7120310787787131,Rainy Season,1,4,7,5.3
2023-11-17,96781,JB,Jawa Barat,18.7,29.2,23.2,84.0,3.1,7.4,,1014.6,,Bandung (Husein S.),West Java,Jawa Barat,2.055555555555556,10.5,36.253016772391355,2023,11,321,4,17,-0.5000000000000004,0.8660254037844384,-0.6897960046655887,0.7240037789593305,Rainy Season,1,4,7,3.1
2023-11-18,96781,JB,Jawa Barat,18.8,30.2,24.3,79.0,0.4,6.3,,1013.6,,Bandung (Husein S.),West Java,Jawa Barat,1.75,11.399999999999999,37.9906273624357,2023,11,322,4,18,-0.5000000000000004,0.8660254037844384,-0.6772399381909491,0.7357622347736527,Rainy Season,1,4,7,0.4
2023-11-19,96781,JB,Jawa Barat,16.1,30.2,24.0,70.0,0.0,9.0,,1013.3,,Bandung (Husein S.),West Java,Jawa Barat,2.5,14.099999999999998,35.53015708339572,2023,11,323,4,19,-0.5000000000000004,0.8660254037844384,-0.6644834655228552,0.7473029667054296,Rainy Season,1,4,7,0.0
2023-11-20,96781,JB,Jawa Barat,16.6,29.8,23.8,73.0,1.6,8.9,,1013.5,,Bandung (Husein S.),West Java,Jawa Barat,2.4722222222222223,13.2,35.26460912211558,2023,11,324,4,20,-0.5000000000000004,0.8660254037844384,-0.6515303615068021,0.75862255966641,Rainy Season,1,4,7,1.6
2023-11-21,96781,JB,Jawa Barat,19.6,29.2,23.7,82.0,9.4,7.8,,1012.6,,Bandung (Husein S.),West Java,Jawa Barat,2.1666666666666665,9.599999999999998,35.77159741923571,2023,11,325,4,21,-0.5000000000000004,0.8660254037844384,-0.6383844591746642,0.7697176640069211,Rainy Season,1,4,7,9.4
2023-11-22,96781,JB,Jawa Barat,18.9,29.6,23.4,81.0,14.4,10.6,,1012.0,,Bandung (Husein S.),West Java,Jawa Barat,2.944444444444444,10.700000000000003,36.72166910380433,2023,11,326,4,22,-0.5000000000000004,0.8660254037844384,-0.6250496486104377,0.7805849965070866,Rainy Season,1,4,7,14.4
2023-11-23,96781,JB,Jawa Barat,18.2,28.8,23.2,82.0,16.9,7.4,,1011.6,,Bandung (Husein S.),West Java,Jawa Barat,2.055555555555556,10.600000000000001,34.60517836083571,2023,11,327,4,23,-0.5000000000000004,0.8660254037844384,-0.6115298757991053,0.7912213413483807,Rainy Season,1,4,7,16.9
2023-11-24,96781,JB,Jawa Barat,18.7,28.2,23.0,84.0,27.8,7.0,,1011.6,,Bandung (Husein S.),West Java,Jawa Barat,1.9444444444444444,9.5,33.28968426759109,2023,11,328,4,24,-0.5000000000000004,0.8660254037844384,-0.5978291414589552,0.801623551065242,Rainy Season,1,4,7,27.8
2023-11-25,96781,JB,Jawa Barat,19.2,28.3,22.2,85.0,5.6,7.1,,1012.4,,Bandung (Husein S.),West Java,Jawa Barat,1.972222222222222,9.100000000000001,33.75653441019569,2023,11,329,4,25,-0.5000000000000004,0.8660254037844384,-0.5839514998576998,0.8117885474764613,Rainy Season,1,4,7,5.6
2023-11-26,96781,JB,Jawa Barat,18.5,29.0,22.7,80.0,3.8,6.9,,1012.3,,Bandung (Husein S.),West Java,Jawa Barat,1.9166666666666667,10.5,34.74134887377771,2023,11,330,4,26,-0.5000000000000004,0.8660254037844384,-0.5699010576127624,0.8217133225960589,Rainy Season,1,4,7,3.8
2023-11-27,96781,JB,Jawa Barat,18.8,26.9,22.3,87.0,10.4,7.7,,1012.4,,Bandung (Husein S.),West Java,Jawa Barat,2.138888888888889,8.099999999999998,30.161366427297867,2023,11,331,4,27,-0.5000000000000004,0.8660254037844384,-0.5556819724760489,0.8313949395234058,Rainy Season,1,4,7,10.4
2023-11-28,96781,JB,Jawa Barat,19.3,27.4,22.4,87.0,7.3,5.5,,1012.0,,Bandung (Husein S.),West Java,Jawa Barat,1.5277777777777777,8.099999999999998,31.51048040609772,2023,11,332,4,28,-0.5000000000000004,0.8660254037844384,-0.5412984521036173,0.8408305333122887,Rainy Season,1,4,7,7.3
2023-11-29,96781,JB,Jawa Barat,18.3,29.0,22.7,85.0,11.0,6.4,,1011.4,,Bandung (Husein S.),West Java,Jawa Barat,1.777777777777778,10.7,35.86846531155546,2023,11,333,4,29,-0.5000000000000004,0.8660254037844384,-0.5267547528105542,0.8500173118187018,Rainy Season,1,4,7,11.0
2023-11-30,96781,JB,Jawa Barat,18.6,27.4,22.4,87.0,36.7,6.8,,1012.2,,Bandung (Husein S.),West Java,Jawa Barat,1.8888888888888888,8.799999999999997,31.51048040609772,2023,11,334,4,30,-0.5000000000000004,0.8660254037844384,-0.5120551783114646,0.8589525565270845,Rainy Season,1,4,7,36.7
2023-12-01,96781,JB,Jawa Barat,19.4,25.1,21.4,90.0,22.3,5.4,,1012.5,,Bandung (Husein S.),West Java,Jawa Barat,1.5,5.700000000000003,26.015555555555565,2023,12,335,4,1,-2.4492935982947064e-16,1.0,-0.4972040784469378,0.8676336233547726,Rainy Season,1,4,7,22.3
2023-12-02,96781,JB,Jawa Barat,19.6,28.3,23.2,80.0,9.2,6.8,,1012.2,,Bandung (Husein S.),West Java,Jawa Barat,1.8888888888888888,8.7,32.86199673351791,2023,12,336,4,2,-2.4492935982947064e-16,1.0,-0.4822058478963526,0.8760579434344281,Rainy Season,1,4,7,9.2
2023-12-03,96781,JB,Jawa Barat,18.5,27.2,22.0,88.0,8.7,6.6,,1012.7,,Bandung (Husein S.),West Java,Jawa Barat,1.8333333333333333,8.7,31.077250905315665,2023,12,337,4,3,-2.4492935982947064e-16,1.0,-0.46706492487743034,0.8842230238742036,Rainy Season,1,4,7,8.7
2023-12-04,96781,JB,Jawa Barat,19.3,28.2,21.9,88.0,10.0,5.9,,1013.5,,Bandung (Husein S.),West Java,Jawa Barat,1.6388888888888888,8.899999999999999,34.01242125091559,2023,12,338,4,4,-2.4492935982947064e-16,1.0,-0.451785789832884,0.8921264484954345,Rainy Season,1,4,7,10.0
2023-12-05,96781,JB,Jawa Barat,18.2,29.0,22.7,84.0,6.4,6.8,,1013.0,,Bandung (Husein S.),West Java,Jawa Barat,1.8888888888888888,10.8,35.63663782311106,2023,12,339,4,5,-2.4492935982947064e-16,1.0,-0.4363729641045924,0.8997658785476209,Rainy Season,1,4,7,6.4
2023-12-06,96781,JB,Jawa Barat,18.1,27.0,22.2,86.0,12.3,6.5,,1013.3,,Bandung (Husein S.),West Java,Jawa Barat,1.8055555555555556,8.899999999999999,30.323923728444413,2023,12,340,4,6,-2.4492935982947064e-16,1.0,-0.42083100859565564,0.9071390534005044,Rainy Season,1,4,7,12.3
2023-12-07,96781,JB,Jawa Barat,18.1,28.5,23.3,81.0,1.8,6.8,,1013.2,,Bandung (Husein S.),West Java,Jawa Barat,1.8888888888888888,10.399999999999999,33.57145439044451,2023,12,341,4,7,-2.4492935982947064e-16,1.0,-0.4051645224207563,0.9142437912130223,Rainy Season,1,4,7,1.8
2023-12-08,96781,JB,Jawa Barat,20.1,29.0,23.2,85.0,6.5,6.8,,1013.1,,Bandung (Husein S.),West Java,Jawa Barat,1.8888888888888888,8.899999999999999,35.86846531155546,2023,12,342,4,8,-2.4492935982947064e-16,1.0,-0.3893781415452015,0.9210779895789526,Rainy Season,1,4,7,6.5
2023-12-09,96781,JB,Jawa Barat,19.1,27.4,22.7,87.0,7.8,6.5,,1012.4,,Bandung (Husein S.),West Java,Jawa Barat,1.8055555555555556,8.299999999999997,31.51048040609772,2023,12,343,4,9,-2.4492935982947064e-16,1.0,-0.37347653741307074,0.9276396261490467,Rainy Season,1,4,7,7.8
2023-12-10,96781,JB,Jawa Barat,18.5,27.8,22.3,86.0,10.4,6.6,,1012.4,,Bandung (Husein S.),West Java,Jawa Barat,1.8333333333333333,9.3,32.49040014668458,2023,12,344,4,10,-2.4492935982947064e-16,1.0,-0.3574644155648614,0.9339267592294762,Rainy Season,1,4,7,10.4
2023-12-11,96781,JB,Jawa Barat,17.8,31.4,23.3,82.0,2.5,7.3,,1011.7,,Bandung (Husein S.),West Java,Jawa Barat,2.0277777777777777,13.599999999999998,43.01612241507569,2023,12,345,4,11,-2.4492935982947064e-16,1.0,-0.34134651424503615,0.9399375283564133,Rainy Season,1,4,7,2.5
2023-12-12,96781,JB,Jawa Barat,17.7,29.4,23.1,80.0,0.6,7.4,,1011.4,,Bandung (Husein S.),West Java,Jawa Barat,2.055555555555556,11.7,35.87761487553785,2023,12,346,4,12,-2.4492935982947064e-16,1.0,-0.3251276029999093,0.9456701548465688,Rainy Season,1,4,7,0.6
2023-12-13,96781,JB,Jawa Barat,18.5,29.8,23.7,78.0,0.4,6.8,,1012.2,,Bandung (Husein S.),West Java,Jawa Barat,1.8888888888888888,11.3,36.5263496043377,2023,12,347,4,13,-2.4492935982947064e-16,1.0,-0.30881248126625377,0.9511229423235357,Rainy Season,1,4,7,0.4
2023-12-14,96781,JB,Jawa Barat,18.2,29.6,23.5,80.0,5.4,6.5,,1013.0,,Bandung (Husein S.),West Java,Jawa Barat,1.8055555555555556,11.400000000000002,36.46275255633777,2023,12,348,4,14,-2.4492935982947064e-16,1.0,-0.29240597695107734,0.9562942772197719,Rainy Season,1,4,7,5.4
2023-12-15,96781,JB,Jawa Barat,19.0,30.0,23.9,77.0,0.1,7.7,,1012.6,,Bandung (Husein S.),West Java,Jawa Barat,2.138888888888889,11.0,36.83391274444448,2023,12,349,4,15,-2.4492935982947064e-16,1.0,-0.27591294500296043,0.9611826292540837,Rainy Season,1,4,7,0.1
2023-12-16,96781,JB,Jawa Barat,18.1,30.2,24.1,78.0,1.1,8.3,,1012.4,,Bandung (Husein S.),West Java,Jawa Barat,2.305555555555556,12.099999999999998,37.69950468033791,2023,12,350,4,16,-2.4492935982947064e-16,1.0,-0.2593382659754056,0.9657865518844574,Rainy Season,1,4,7,1.1
2023-12-17,96781,JB,Jawa Barat,19.0,30.2,23.7,81.0,4.6,7.7,,1012.8,,Bandung (Husein S.),West Java,Jawa Barat,2.138888888888889,11.2,38.586175548284565,2023,12,351,4,17,-2.4492935982947064e-16,1.0,-0.2426868445825954,0.9701046827361175,Rainy Season,1,4,7,4.6
2023-12-18,96781,JB,Jawa Barat,19.4,30.0,23.3,82.0,5.8,6.5,,1012.9,,Bandung (Husein S.),West Java,Jawa Barat,1.8055555555555556,10.600000000000001,38.24360535555557,2023,12,352,4,18,-2.4492935982947064e-16,1.0,-0.22596360824801906,0.974135744004672,Rainy Season,1,4,7,5.8
2023-12-19,96781,JB,Jawa Barat,18.8,29.8,23.9,74.0,0.2,8.4,,1013.3,,Bandung (Husein S.),West Java,Jawa Barat,2.3333333333333335,11.0,35.50890553479106,2023,12,353,4,19,-2.4492935982947064e-16,1.0,-0.20917350564635637,0.9778785428342386,Rainy Season,1,4,7,0.2
2023-12-20,96781,JB,Jawa Barat,16.9,31.8,23.0,70.0,0.0,8.2,,1012.6,,Bandung (Husein S.),West Java,Jawa Barat,2.2777777777777777,14.900000000000002,39.82716198259558,2023,12,354,4,20,-2.4492935982947064e-16,1.0,-0.19232150523909483,0.9813319716704275,Rainy Season,1,4,7,0.0
2023-12-21,96781,JB,Jawa Barat,17.4,29.8,23.1,72.0,0.0,8.4,,1013.0,,Bandung (Husein S.),West Java,Jawa Barat,2.3333333333333335,12.400000000000002,35.024338551324355,2023,12,355,4,21,-2.4492935982947064e-16,1.0,-0.17541259380427843,0.9844950085880858,Rainy Season,1,4,7,0.0
2023-12-22,96781,JB,Jawa Barat,17.1,30.4,23.6,73.0,1.3,7.4,,1013.6,,Bandung (Husein S.),West Java,Jawa Barat,2.055555555555556,13.299999999999997,36.84891068979568,2023,12,356,4,22,-2.4492935982947064e-16,1.0,-0.15845177496083632,0.9873667175937016,Rainy Season,1,4,7,1.3
2023-12-23,96781,JB,Jawa Barat,18.6,29.2,24.0,80.0,2.0,5.9,,1014.4,,Bandung (Husein S.),West Java,Jawa Barat,1.6388888888888888,10.599999999999998,35.30381364801785,2023,12,357,4,23,-2.4492935982947064e-16,1.0,-0.14144406768794202,0.9899462489023779,Rainy Season,1,4,7,2.0
2023-12-24,96781,JB,Jawa Barat,18.2,30.0,24.0,80.0,7.8,7.0,,1014.3,,Bandung (Husein S.),West Java,Jawa Barat,1.9444444444444444,11.8,37.6670372777777,2023,12,358,4,24,-2.4492935982947064e-16,1.0,-0.12439450483979998,0.9922328391893008,Rainy Season,1,4,7,7.8
2023-12-25,96781,JB,Jawa Barat,19.3,28.6,22.3,88.0,45.6,7.2,,1015.0,,Bandung (Husein S.),West Java,Jawa Barat,2.0,9.3,35.27305716499557,2023,12,359,4,25,-2.4492935982947064e-16,1.0,-0.10730813165636247,0.9942258118156161,Rainy Season,1,4,7,45.6
2023-12-26,96781,JB,Jawa Barat,19.7,27.7,22.8,85.0,23.8,4.7,,1015.0,,Bandung (Husein S.),West Java,Jawa Barat,1.3055555555555556,8.0,32.06315908059552,2023,12,360,4,26,-2.4492935982947064e-16,1.0,-0.09019000427034513,0.9959245770286599,Rainy Season,1,4,7,23.8
2023-12-27,96781,JB,Jawa Barat,19.9,28.2,22.6,86.0,6.9,5.3,,1015.5,,Bandung (Husein S.),West Java,Jawa Barat,1.472222222222222,8.3,33.64631438108432,2023,12,361,4,27,-2.4492935982947064e-16,1.0,-0.07304518821104743,0.9973286321364752,Rainy Season,1,4,7,6.9
2023-12-28,96781,JB,Jawa Barat,18.8,29.1,23.5,80.0,0.9,6.2,,1014.2,,Bandung (Husein S.),West Java,Jawa Barat,1.7222222222222223,10.3,35.02116420423791,2023,12,362,4,28,-2.4492935982947064e-16,1.0,-0.05587875690537313,0.9984375616565666,Rainy Season,1,4,7,0.9
2023-12-29,96781,JB,Jawa Barat,19.8,28.9,23.4,85.0,4.5,6.0,,1013.6,,Bandung (Husein S.),West Java,Jawa Barat,1.6666666666666665,9.099999999999998,35.55777234651561,2023,12,363,4,29,-2.4492935982947064e-16,1.0,-0.03869579017652689,0.9992510374388481,Rainy Season,1,4,7,4.5
2023-12-30,96781,JB,Jawa Barat,18.3,27.8,22.3,89.0,17.7,5.2,,1013.3,,Bandung (Husein S.),West Java,Jawa Barat,1.4444444444444444,9.5,32.959602824657914,2023,12,364,4,30,-2.4492935982947064e-16,1.0,-0.021501372740813793,0.999768818762748,Rainy Season,1,4,7,17.7
2023-12-31,96781,JB,Jawa Barat,19.4,28.4,22.3,89.0,26.3,5.0,,1013.4,,Bandung (Husein S.),West Java,Jawa Barat,1.3888888888888888,9.0,34.83748085569791,2023,12,365,4,31,-2.4492935982947064e-16,1.0,-0.004300592702981974,0.9999907524084426,Rainy Season,1,4,7,26.3
2023-01-01,96853,YO,DI Yogyakarta,24.3,27.7,25.9,88.0,5.603225806451613,7.8,,1010.2,,Yogyakarta (Adisutjipto),DI Yogyakarta,DI Yogyakarta,2.1666666666666665,3.3999999999999986,32.50618974961549,2023,1,1,1,1,0.49999999999999994,0.8660254037844387,0.017201575418260506,0.9998520419557735,Rainy Season,1,6,3,5.603225806451613
2023-01-02,96853,YO,DI Yogyakarta,24.6,29.5,26.9,82.0,5.603225806451613,8.7,,1010.3,,Yogyakarta (Adisutjipto),DI Yogyakarta,DI Yogyakarta,2.4166666666666665,4.899999999999999,36.67685511105549,2023,1,2,1,2,0.49999999999999994,0.8660254037844387,0.03439806061360801,0.9994082116062598,Rainy Season,1,6,3,5.603225806451613
2023-01-03,96853,YO,DI Yogyakarta,25.3,30.3,27.4,79.0,5.603225806451613,10.2,,1010.5,,Yogyakarta (Adisutjipto),DI Yogyakarta,DI Yogyakarta,2.833333333333333,5.0,38.29759357003566,2023,1,3,1,3,0.49999999999999994,0.8660254037844387,0.051584366869408364,0.9986686402879997,Rainy Season,1,6,3,5.603225806451613
2023-01-04,96853,YO,DI Yogyakarta,25.5,29.7,27.3,80.0,5.603225806451613,9.6,,1010.1,,Yogyakarta (Adisutjipto),DI Yogyakarta,DI Yogyakarta,2.6666666666666665,4.199999999999999,36.75957256671792,2023,1,4,1,4,0.49999999999999994,0.8660254037844387,0.06875540848113941,0.9976335468520451,Rainy Season,1,6,3,5.603225806451613
2023-01-05,96853,YO,DI Yogyakarta,24.8,30.4,27.2,80.0,5.603225806451613,9.1,,1010.6,,Yogyakarta (Adisutjipto),DI Yogyakarta,DI Yogyakarta,2.5277777777777777,5.599999999999998,38.916667812337884,2023,1,5,1,5,0.49999999999999994,0.8660254037844387,0.08590610426133272,0.9963032375991965,Rainy Season,1,6,3,5.603225806451613
2023-01-06,96853,YO,DI Yogyakarta,25.4,31.0,27.6,78.0,5.603225806451613,8.7,,1010.8,,Yogyakarta (Adisutjipto),DI Yogyakarta,DI Yogyakarta,2.4166666666666665,5.600000000000001,40.17869238177787,2023,1,6,1,6,0.49999999999999994,0.8660254037844387,0.10303137904317879,0.9946781061893646,Rainy Season,1,6,3,5.603225806451613
2023-01-07,96853,YO,DI Yogyakarta,25.4,31.3,27.9,77.0,5.603225806451613,7.6,,1009.8,,Yogyakarta (Adisutjipto),DI Yogyakarta,DI Yogyakarta,2.111111111111111,5.900000000000002,40.792349030924484,2023,1,7,1,7,0.49999999999999994,0.8660254037844387,0.1201261651823505,0.9927586335250793,Rainy Season,1,6,3,5.603225806451613
2023-01-08,96853,YO,DI Yogyakarta,25.4,31.7,28.0,78.0,5.603225806451613,6.3,,1010.5,,Yogyakarta (Adisutjipto),DI Yogyakarta,DI Yogyakarta,1.75,6.300000000000001,42.4933164402379,2023,1,8,1,8,0.49999999999999994,0.8660254037844387,0.13718540405660057,0.9905453876091833,Rainy Season,1,6,3,5.603225806451613
2023-01-09,96853,YO,DI Yogyakarta,25.5,31.0,27.6,79.0,5.603225806451613,5.3,,1011.7,,Yogyakarta (Adisutjipto),DI Yogyakarta,DI Yogyakarta,1.472222222222222,5.5,40.52479256755576,2023,1,9,1,9,0.49999999999999994,0.8660254037844387,0.1542040475626894,0.988039023376751,Rainy Season,1,6,3,5.603225806451613
2023-01-10,96853,YO,DI Yogyakarta,25.1,30.4,27.6,81.0,5.603225806451613,5.8,,1011.8,,Yogyakarta (Adisutjipto),DI Yogyakarta,DI Yogyakarta,1.611111111111111,5.299999999999997,39.23061220780441,2023,1,10,1,10,0.49999999999999994,0.8660254037844387,0.17117705961019986,0.985240282501282,Rainy Season,1,6,3,5.603225806451613
2023-01-11,96853,YO,DI Yogyakarta,25.7,31.4,28.1,78.0,5.603225806451613,6.5,,1011.1,,Yogyakarta (Adisutjipto),DI Yogyakarta,DI Yogyakarta,1.8055555555555556,5.699999999999999,41.48472500721787,2023,1,11,1,11,0.49999999999999994,0.8660254037844387,0.18809941761179758,0.9821499931752291,Rainy Season,1,6,3,5.603225806451613
2023-01-12,96853,YO,DI Yogyakarta,25.8,32.2,28.4,75.0,5.603225806451613,7.0,,1010.9,,Yogyakarta (Adisutjipto),DI Yogyakarta,DI Yogyakarta,1.9444444444444444,6.400000000000002,42.970745386151236,2023,1,12,1,12,0.49999999999999994,0.8660254037844387,0.20496611396949532,0.9787690698649216,Rainy Season,1,6,3,5.603225806451613
2023-01-13,96853,YO,DI Yogyakarta,25.8,32.8,28.5,73.0,5.603225806451613,6.7,,1010.6,,Yogyakarta (Adisutjipto),DI Yogyakarta,DI Yogyakarta,1.8611111111111112,6.9999999999999964,44.12254798131557,2023,1,13,1,13,0.49999999999999994,0.8660254037844387,0.22177215755648186,0.975098513039961,Rainy Season,1,6,3,5.603225806451613
2023-01-14,96853,YO,DI Yogyakarta,25.6,31.7,28.2,76.0,5.603225806451613,7.2,,1009.6,,Yogyakarta (Adisutjipto),DI Yogyakarta,DI Yogyakarta,2.0,6.099999999999998,41.71927821489553,2023,1,14,1,14,0.49999999999999994,0.8660254037844387,0.23851257519407648,0.9711394088771653,Rainy Season,1,6,3,5.603225806451613
2023-01-15,96853,YO,DI Yogyakarta,25.9,30.9,28.0,78.0,5.603225806451613,6.9,,1008.4,,Yogyakarta (Adisutjipto),DI Yogyakarta,DI Yogyakarta,1.9166666666666667,5.0,39.85910493111784,2023,1,15,1,15,0.49999999999999994,0.8660254037844387,0.2551824131233728,0.9668929289391521,Rainy Season,1,6,3,5.603225806451613
2023-01-16,96853,YO,DI Yogyakarta,25.8,30.2,27.6,81.0,5.603225806451613,5.9,,1008.8,,Yogyakarta (Adisutjipto),DI Yogyakarta,DI Yogyakarta,1.6388888888888888,4.399999999999999,38.586175548284565,2023,1,16,1,16,0.49999999999999994,0.8660254037844387,0.2717767384711357,0.9623603298276545,Rainy Season,1,6,3,5.603225806451613
2023-01-17,96853,YO,DI Yogyakarta,25.4,29.8,27.5,82.0,5.603225806451613,6.5,,1010.2,,Yogyakarta (Adisutjipto),DI Yogyakarta,DI Yogyakarta,1.8055555555555556,4.400000000000002,37.608207144035525,2023,1,17,1,17,0.49999999999999994,0.8660254037844387,0.2882906407095177,0.9575429528116719,Rainy Season,1,6,3,5.603225806451613
2023-01-18,96853,YO,DI Yogyakarta,25.0,29.6,27.1,82.0,5.603225806451613,6.9,,1010.8,,Yogyakarta (Adisutjipto),DI Yogyakarta,DI Yogyakarta,1.9166666666666667,4.600000000000001,36.98440641747563,2023,1,18,1,18,0.49999999999999994,0.8660254037844387,0.3047192331091634,0.9524422234305676,Rainy Season,1,6,3,5.603225806451613
2023-01-19,96853,YO,DI Yogyakarta,25.3,30.3,27.3,80.0,5.603225806451613,6.2,,1010.2,,Yogyakarta (Adisutjipto),DI Yogyakarta,DI Yogyakarta,1.7222222222222223,5.0,38.600009008717784,2023,1,19,1,19,0.49999999999999994,0.8660254037844387,0.321057654185271,0.9470596510722283,Rainy Season,1,6,3,5.603225806451613
2023-01-20,96853,YO,DI Yogyakarta,24.7,29.5,27.0,82.0,5.603225806451613,5.0,,1010.0,,Yogyakarta (Adisutjipto),DI Yogyakarta,DI Yogyakarta,1.3888888888888888,4.800000000000001,36.67685511105549,2023,1,20,1,20,0.49999999999999994,0.8660254037844387,0.3373010691361842,0.9413968285264122,Rainy Season,1,6,3,5.603225806451613
2023-01-21,96853,YO,DI Yogyakarta,25.2,30.9,27.6,79.0,5.603225806451613,5.8,,1009.1,,Yogyakarta (Adisutjipto),DI Yogyakarta,DI Yogyakarta,1.611111111111111,5.699999999999999,40.19821747387556,2023,1,21,1,21,0.49999999999999994,0.8660254037844387,0.3534446712740877,0.9354554315134164,Rainy Season,1,6,3,5.603225806451613
2023-01-22,96853,YO,DI Yogyakarta,25.4,31.2,27.8,78.0,5.603225806451613,6.2,,1008.2,,Yogyakarta (Adisutjipto),DI Yogyakarta,DI Yogyakarta,1.7222222222222223,5.800000000000001,40.826172129937866,2023,1,22,1,22,0.49999999999999994,0.8660254037844387,0.3694836834473831,0.9292372181882051,Rainy Season,1,6,3,5.603225806451613
2023-01-23,96853,YO,DI Yogyakarta,25.2,31.4,27.9,78.0,5.603225806451613,6.4,,1007.2,,Yogyakarta (Adisutjipto),DI Yogyakarta,DI Yogyakarta,1.777777777777778,6.199999999999999,41.48472500721787,2023,1,23,1,23,0.49999999999999994,0.8660254037844387,0.38541335945432564,0.9227440286201427,Rainy Season,1,6,3,5.603225806451613
2023-01-24,96853,YO,DI Yogyakarta,25.6,31.5,28.0,79.0,5.603225806451613,6.3,,1007.2,,Yogyakarta (Adisutjipto),DI Yogyakarta,DI Yogyakarta,1.75,5.899999999999999,42.19968707755567,2023,1,24,1,24,0.49999999999999994,0.8660254037844387,0.4012289854475009,0.9159777842484877,Rainy Season,1,6,3,5.603225806451613
2023-01-25,96853,YO,DI Yogyakarta,25.4,29.2,27.1,84.0,5.603225806451613,6.8,,1007.6,,Yogyakarta (Adisutjipto),DI Yogyakarta,DI Yogyakarta,1.8888888888888888,3.8000000000000007,36.253016772391355,2023,1,25,1,25,0.49999999999999994,0.8660254037844387,0.4169258813287287,0.908940487313808,Rainy Season,1,6,3,5.603225806451613
2023-01-26,96853,YO,DI Yogyakarta,24.9,29.4,26.7,85.0,5.603225806451613,7.0,,1008.5,,Yogyakarta (Adisutjipto),DI Yogyakarta,DI Yogyakarta,1.9444444444444444,4.5,37.14119900691562,2023,1,26,1,26,0.49999999999999994,0.8660254037844387,0.4324994021339788,0.901634220265486,Rainy Season,1,6,3,5.603225806451613
2023-01-27,96853,YO,DI Yogyakarta,24.9,28.7,26.5,86.0,5.603225806451613,5.7,,1007.9,,Yogyakarta (Adisutjipto),DI Yogyakarta,DI Yogyakarta,1.5833333333333333,3.8000000000000007,35.15934094778449,2023,1,27,1,27,0.49999999999999994,0.8660254037844387,0.44794493940789115,0.8940611451454876,Rainy Season,1,6,3,5.603225806451613
2023-01-28,96853,YO,DI Yogyakarta,24.9,28.2,26.2,88.0,5.603225806451613,4.3,,1007.0,,Yogyakarta (Adisutjipto),DI Yogyakarta,DI Yogyakarta,1.1944444444444444,3.3000000000000007,34.01242125091559,2023,1,28,1,28,0.49999999999999994,0.8660254037844387,0.4632579225674917,0.88622350294858,Rainy Season,1,6,3,5.603225806451613
2023-01-29,96853,YO,DI Yogyakarta,24.7,29.0,26.6,86.0,5.603225806451613,4.1,,1007.4,,Yogyakarta (Adisutjipto),DI Yogyakarta,DI Yogyakarta,1.1388888888888888,4.300000000000001,36.10349490044448,2023,1,29,1,29,0.49999999999999994,0.8660254037844387,0.4784338202547012,0.8781236129591848,Rainy Season,1,6,3,5.603225806451613
2023-01-30,96853,YO,DI Yogyakarta,25.1,29.0,26.7,86.0,5.603225806451613,5.0,,1008.7,,Yogyakarta (Adisutjipto),DI Yogyakarta,DI Yogyakarta,1.3888888888888888,3.8999999999999986,36.10349490044448,2023,1,30,1,30,0.49999999999999994,0.8660254037844387,0.49346814167723735,0.8697638720650646,Rainy Season,1,6,3,5.603225806451613
2023-01-31,96853,YO,DI Yogyakarta,25.1,29.8,27.1,83.0,5.603225806451613,6.5,,1008.6,,Yogyakarta (Adisutjipto),DI Yogyakarta,DI Yogyakarta,1.8055555555555556,4.699999999999999,37.88873613367107,2023,1,31,1,31,0.49999999999999994,0.8660254037844387,0.5083564379375122,0.8611467540480452,Rainy Season,1,6,3,5.603225806451613
2023-02-01,96853,YO,DI Yogyakarta,24.8,29.0,26.5,86.0,8.917857142857143,6.3,,1008.1,,Yogyakarta (Adisutjipto),DI Yogyakarta,DI Yogyakarta,1.75,4.199999999999999,36.10349490044448,2023,2,32,1,1,0.8660254037844386,0.5000000000000001,0.5230943033491326,0.8522748088519838,Rainy Season,1,6,3,8.917857142857143
2023-02-02,96853,YO,DI Yogyakarta,24.5,28.6,26.3,88.0,8.917857142857143,4.4,,1008.6,,Yogyakarta (Adisutjipto),DI Yogyakarta,DI Yogyakarta,1.2222222222222223,4.100000000000001,35.27305716499557,2023,2,33,1,2,0.8660254037844386,0.5000000000000001,0.5376773767406141,0.8431506618282,Rainy Season,1,6,3,8.917857142857143
2023-02-03,96853,YO,DI Yogyakarta,24.4,28.5,26.4,88.0,8.917857142857143,4.5,,1008.4,,Yogyakarta (Adisutjipto),DI Yogyakarta,DI Yogyakarta,1.25,4.100000000000001,34.95326062705553,2023,2,34,1,3,0.8660254037844386,0.5000000000000001,0.5521013427459208,0.8337770129585915,Rainy Season,1,6,3,8.917857142857143
2023-02-04,96853,YO,DI Yogyakarta,24.2,29.3,26.4,88.0,8.917857142857143,5.4,,1007.5,,Yogyakarta (Adisutjipto),DI Yogyakarta,DI Yogyakarta,1.5,5.100000000000001,37.59820070641572,2023,2,35,1,4,0.8660254037844386,0.5000000000000001,0.5663619330814524,0.8241566360566663,Rainy Season,1,6,3,8.917857142857143
2023-02-05,96853,YO,DI Yogyakarta,24.7,30.5,27.1,83.0,8.917857142857143,6.4,,1007.8,,Yogyakarta (Adisutjipto),DI Yogyakarta,DI Yogyakarta,1.777777777777778,5.800000000000001,40.21328809711107,2023,2,36,1,5,0.8660254037844386,0.5000000000000001,0.580454927809098,0.8142923779467267,Rainy Season,1,6,3,8.917857142857143
2023-02-06,96853,YO,DI Yogyakarta,25.1,29.0,26.9,82.0,8.917857142857143,6.3,,1008.5,,Yogyakarta (Adisutjipto),DI Yogyakarta,DI Yogyakarta,1.75,3.8999999999999986,35.18258914755547,2023,2,37,1,6,0.8660254037844386,0.5000000000000001,0.5943761565849831,0.804187157621448,Rainy Season,1,6,3,8.917857142857143
2023-02-07,96853,YO,DI Yogyakarta,24.5,28.6,26.3,86.0,8.917857142857143,5.4,,1008.6,,Yogyakarta (Adisutjipto),DI Yogyakarta,DI Yogyakarta,1.5,4.100000000000001,34.85067929900453,2023,2,38,1,7,0.8660254037844386,0.5000000000000001,0.6081214998935418,0.7938439653781019,Rainy Season,1,6,3,8.917857142857143
2023-02-08,96853,YO,DI Yogyakarta,24.5,28.5,26.3,87.0,8.917857142857143,5.8,,1008.9,,Yogyakarta (Adisutjipto),DI Yogyakarta,DI Yogyakarta,1.611111111111111,4.0,34.74781191977787,2023,2,39,1,8,0.8660254037844386,0.5000000000000001,0.6216868902665479,0.7832658619336791,Rainy Season,1,6,3,8.917857142857143
2023-02-09,96853,YO,DI Yogyakarta,24.7,29.2,26.6,86.0,8.917857142857143,6.5,,1008.6,,Yogyakarta (Adisutjipto),DI Yogyakarta,DI Yogyakarta,1.8055555555555556,4.5,36.74807170748446,2023,2,40,1,9,0.8660254037844386,0.5000000000000001,0.6350683134867438,0.7724559775191742,Rainy Season,1,6,3,8.917857142857143
2023-02-10,96853,YO,DI Yogyakarta,24.6,29.6,26.7,86.0,8.917857142857143,4.8,,1008.2,,Yogyakarta (Adisutjipto),DI Yogyakarta,DI Yogyakarta,1.3333333333333333,5.0,38.073563334204316,2023,2,41,1,10,0.8660254037844386,0.5000000000000001,0.6482618097757122,0.7614175109532997,Rainy Season,1,6,3,8.917857142857143
2023-02-11,96853,YO,DI Yogyakarta,24.7,28.9,26.5,88.0,8.917857142857143,4.8,,1008.5,,Yogyakarta (Adisutjipto),DI Yogyakarta,DI Yogyakarta,1.3333333333333333,4.199999999999999,36.25099701649562,2023,2,42,1,11,0.8660254037844386,0.5000000000000001,0.6612634749656386,0.7501537286959042,Rainy Season,1,6,3,8.917857142857143
2023-02-12,96853,YO,DI Yogyakarta,24.6,28.9,26.5,87.0,8.917857142857143,4.1,,1010.2,,Yogyakarta (Adisutjipto),DI Yogyakarta,DI Yogyakarta,1.1388888888888888,4.299999999999997,36.01682363849791,2023,2,43,1,12,0.8660254037844386,0.5000000000000001,0.6740694616546161,0.7386679638813748,Rainy Season,1,6,3,8.917857142857143
2023-02-13,96853,YO,DI Yogyakarta,24.5,30.2,26.8,83.0,8.917857142857143,5.7,,1010.5,,Yogyakarta (Adisutjipto),DI Yogyakarta,DI Yogyakarta,1.5833333333333333,5.699999999999999,39.19946082967129,2023,2,44,1,13,0.8660254037844386,0.5000000000000001,0.6866759803451553,0.726963615332308,Rainy Season,1,6,3,8.917857142857143
2023-02-14,96853,YO,DI Yogyakarta,24.4,29.6,26.7,84.0,8.917857142857143,7.8,,1009.1,,Yogyakarta (Adisutjipto),DI Yogyakarta,DI Yogyakarta,2.1666666666666665,5.200000000000003,37.52134334343106,2023,2,45,1,14,0.8660254037844386,0.5000000000000001,0.6990793005655562,0.7150441465537444,Rainy Season,1,6,3,8.917857142857143
2023-02-15,96853,YO,DI Yogyakarta,24.8,27.8,26.2,86.0,8.917857142857143,7.6,,1008.8,,Yogyakarta (Adisutjipto),DI Yogyakarta,DI Yogyakarta,2.111111111111111,3.0,32.49040014668458,2023,2,46,1,15,0.8660254037844386,0.5000000000000001,0.7112757519738152,0.7029130847082615,Rainy Season,1,6,3,8.917857142857143
2023-02-16,96853,YO,DI Yogyakarta,24.3,28.7,26.1,88.0,8.917857142857143,5.2,,1009.5,,Yogyakarta (Adisutjipto),DI Yogyakarta,DI Yogyakarta,1.4444444444444444,4.399999999999999,35.5959454092155,2023,2,47,1,16,0.8660254037844386,0.5000000000000001,0.7232617254437388,0.6905740195722293,Rainy Season,1,6,3,8.917857142857143
2023-02-17,96853,YO,DI Yogyakarta,24.5,28.8,26.4,87.0,8.917857142857143,4.5,,1009.6,,Yogyakarta (Adisutjipto),DI Yogyakarta,DI Yogyakarta,1.25,4.300000000000001,35.6949806958579,2023,2,48,1,17,0.8660254037844386,0.5000000000000001,0.7350336741329413,0.6780306024735382,Rainy Season,1,6,3,8.917857142857143
2023-02-18,96853,YO,DI Yogyakarta,24.8,28.9,26.8,84.0,8.917857142857143,5.5,,1009.6,,Yogyakarta (Adisutjipto),DI Yogyakarta,DI Yogyakarta,1.5277777777777777,4.099999999999998,35.33289443253125,2023,2,49,1,18,0.8660254037844386,0.5000000000000001,0.746588114532413,0.6652865452111116,Rainy Season,1,6,3,8.917857142857143
2023-02-19,96853,YO,DI Yogyakarta,24.5,30.1,27.1,82.0,8.917857142857143,6.3,,1009.8,,Yogyakarta (Adisutjipto),DI Yogyakarta,DI Yogyakarta,1.75,5.600000000000001,38.565653518175615,2023,2,50,1,19,0.8660254037844386,0.5000000000000001,0.7579216274973472,0.6523456189565257,Rainy Season,1,6,3,8.917857142857143
2023-02-20,96853,YO,DI Yogyakarta,25.1,29.9,27.2,81.0,8.917857142857143,6.0,,1009.5,,Yogyakarta (Adisutjipto),DI Yogyakarta,DI Yogyakarta,1.6666666666666665,4.799999999999997,37.64102166340455,2023,2,51,1,20,0.8660254037844386,0.5000000000000001,0.7690308592589181,0.6392116531380588,Rainy Season,1,6,3,8.917857142857143
2023-02-21,96853,YO,DI Yogyakarta,24.9,29.9,27.2,82.0,8.917857142857143,5.5,,1009.7,,Yogyakarta (Adisutjipto),DI Yogyakarta,DI Yogyakarta,1.5277777777777777,5.0,37.92445656417563,2023,2,52,1,21,0.8660254037844386,0.5000000000000001,0.7799125224167177,0.6258885343075018,Rainy Season,1,6,3,8.917857142857143
2023-02-22,96853,YO,DI Yogyakarta,25.0,28.9,26.8,86.0,8.917857142857143,5.5,,1009.6,,Yogyakarta (Adisutjipto),DI Yogyakarta,DI Yogyakarta,1.5277777777777777,3.8999999999999986,35.78574874850458,2023,2,53,1,22,0.8660254037844386,0.5000000000000001,0.7905633969115482,0.612380204990065,Rainy Season,1,6,3,8.917857142857143
2023-02-23,96853,YO,DI Yogyakarta,24.9,28.4,26.6,87.0,8.917857142857143,5.6,,1008.5,,Yogyakarta (Adisutjipto),DI Yogyakarta,DI Yogyakarta,1.5555555555555554,3.5,34.438209011697815,2023,2,54,1,23,0.8660254037844386,0.5000000000000001,0.8009803309782905,0.5986906625177214,Rainy Season,1,6,3,8.917857142857143
2023-02-24,96853,YO,DI Yogyakarta,24.3,29.0,26.7,86.0,8.917857142857143,5.5,,1008.9,,Yogyakarta (Adisutjipto),DI Yogyakarta,DI Yogyakarta,1.5277777777777777,4.699999999999999,36.10349490044448,2023,2,55,1,24,0.8660254037844386,0.5000000000000001,0.8111602420785621,0.5848239578463322,Rainy Season,1,6,3,8.917857142857143
2023-02-25,96853,YO,DI Yogyakarta,25.0,28.9,26.7,86.0,8.917857142857143,6.7,,1010.3,,Yogyakarta (Adisutjipto),DI Yogyakarta,DI Yogyakarta,1.8611111111111112,3.8999999999999986,35.78574874850458,2023,2,56,1,25,0.8660254037844386,0.5000000000000001,0.8211001178128892,0.5707841943569036,Rainy Season,1,6,3,8.917857142857143
2023-02-26,96853,YO,DI Yogyakarta,24.5,28.6,26.3,86.0,8.917857142857143,7.2,,1010.6,,Yogyakarta (Adisutjipto),DI Yogyakarta,DI Yogyakarta,2.0,4.100000000000001,34.85067929900453,2023,2,57,1,26,0.8660254037844386,0.5000000000000001,0.8307970168121247,0.5565755266413303,Rainy Season,1,6,3,8.917857142857143
2023-02-27,96853,YO,DI Yogyakarta,24.7,28.7,26.3,87.0,8.917857142857143,5.9,,1010.6,,Yogyakarta (Adisutjipto),DI Yogyakarta,DI Yogyakarta,1.6388888888888888,4.0,35.37619776185772,2023,2,58,1,27,0.8660254037844386,0.5000000000000001,0.8402480696078469,0.5422021592729844,Rainy Season,1,6,3,8.917857142857143
2023-02-28,96853,YO,DI Yogyakarta,24.4,29.2,26.3,86.0,8.917857142857143,6.1,,1011.0,,Yogyakarta (Adisutjipto),DI Yogyakarta,DI Yogyakarta,1.6944444444444442,4.800000000000001,36.74807170748446,2023,2,59,1,28,0.8660254037844386,0.5000000000000001,0.8494504794814806,0.527668345562516,Rainy Season,1,6,3,8.917857142857143
2023-03-01,96853,YO,DI Yogyakarta,24.0,28.8,26.2,85.0,8.1752688172043,6.7,,1011.4,,Yogyakarta (Adisutjipto),DI Yogyakarta,DI Yogyakarta,1.8611111111111112,4.800000000000001,35.25007556499555,2023,3,60,1,1,1.0,6.123233995736766e-17,0.8584015232918917,0.512978386299228,Rainy Season,1,6,3,8.1752688172043
2023-03-02,96853,YO,DI Yogyakarta,24.1,28.4,25.9,87.0,8.1752688172043,5.2,,1011.7,,Yogyakarta (Adisutjipto),DI Yogyakarta,DI Yogyakarta,1.4444444444444444,4.299999999999997,34.438209011697815,2023,3,61,1,2,1.0,6.123233995736766e-17,0.8670985522812081,0.4981366284784055,Rainy Season,1,6,3,8.1752688172043
2023-03-03,96853,YO,DI Yogyakarta,24.1,29.9,27.0,82.0,8.1752688172043,5.2,,1012.5,,Yogyakarta (Adisutjipto),DI Yogyakarta,DI Yogyakarta,1.4444444444444444,5.799999999999997,37.92445656417563,2023,3,62,1,3,1.0,6.123233995736766e-17,0.8755389928586302,0.4831474640149687,Rainy Season,1,6,3,8.1752688172043
2023-03-04,96853,YO,DI Yogyakarta,24.8,30.4,27.1,81.0,8.1752688172043,5.2,,1012.9,,Yogyakarta (Adisutjipto),DI Yogyakarta,DI Yogyakarta,1.4444444444444444,5.599999999999998,39.23061220780441,2023,3,63,1,4,1.0,6.123233995736766e-17,0.8837203473619977,0.4680153284438345,Rainy Season,1,6,3,8.1752688172043
2023-03-05,96853,YO,DI Yogyakarta,24.6,30.0,26.9,82.0,8.1752688172043,5.5,,1012.7,,Yogyakarta (Adisutjipto),DI Yogyakarta,DI Yogyakarta,1.5277777777777777,5.399999999999999,38.24360535555557,2023,3,64,1,5,1.0,6.123233995736766e-17,0.8916401947968874,0.45274469960737107,Rainy Season,1,6,3,8.1752688172043
2023-03-06,96853,YO,DI Yogyakarta,24.9,30.2,27.3,79.0,8.1752688172043,7.2,,1012.2,,Yogyakarta (Adisutjipto),DI Yogyakarta,DI Yogyakarta,2.0,5.300000000000001,37.9906273624357,2023,3,65,1,6,1.0,6.123233995736766e-17,0.8992961915530253,0.4373400963303323,Rainy Season,1,6,3,8.1752688172043
2023-03-07,96853,YO,DI Yogyakarta,24.8,31.3,27.7,78.0,8.1752688172043,5.4,,1011.6,,Yogyakarta (Adisutjipto),DI Yogyakarta,DI Yogyakarta,1.5,6.5,41.15406442743778,2023,3,66,1,7,1.0,6.123233995736766e-17,0.9066860720977985,0.4218060770826634,Rainy Season,1,6,3,8.1752688172043
2023-03-08,96853,YO,DI Yogyakarta,25.2,30.8,27.6,80.0,8.1752688172043,4.8,,1012.1,,Yogyakarta (Adisutjipto),DI Yogyakarta,DI Yogyakarta,1.3333333333333333,5.600000000000001,40.2116441600179,2023,3,67,1,8,1.0,6.123233995736766e-17,0.9138076496466615,0.4061472386305789,Rainy Season,1,6,3,8.1752688172043
2023-03-09,96853,YO,DI Yogyakarta,25.1,30.5,27.5,78.0,8.1752688172043,4.3,,1011.6,,Yogyakarta (Adisutjipto),DI Yogyakarta,DI Yogyakarta,1.1944444444444444,5.399999999999999,38.60843795127781,2023,3,68,1,9,1.0,6.123233995736766e-17,0.9206588168102428,0.3903682146763026,Rainy Season,1,6,3,8.1752688172043
2023-03-10,96853,YO,DI Yogyakarta,25.2,31.8,28.1,77.0,8.1752688172043,4.4,,1011.0,,Yogyakarta (Adisutjipto),DI Yogyakarta,DI Yogyakarta,1.2222222222222223,6.600000000000001,42.43790635852447,2023,3,69,1,10,1.0,6.123233995736766e-17,0.9272375462179537,0.374473674486883,Rainy Season,1,6,3,8.1752688172043
2023-03-11,96853,YO,DI Yogyakarta,25.2,32.0,28.2,76.0,8.1752688172043,4.6,,1011.1,,Yogyakarta (Adisutjipto),DI Yogyakarta,DI Yogyakarta,1.2777777777777777,6.800000000000001,42.70997213955573,2023,3,70,1,11,1.0,6.123233995736766e-17,0.9335418911179212,0.35846832151248087,Rainy Season,1,6,3,8.1752688172043
2023-03-12,96853,YO,DI Yogyakarta,25.4,32.8,28.7,74.0,8.1752688172043,4.9,,1010.8,,Yogyakarta (Adisutjipto),DI Yogyakarta,DI Yogyakarta,1.3611111111111112,7.399999999999999,44.564900532391036,2023,3,71,1,12,1.0,6.123233995736766e-17,0.9395699859530622,0.342356891994542,Rainy Season,1,6,3,8.1752688172043
2023-03-13,96853,YO,DI Yogyakarta,25.5,32.3,28.6,74.0,8.1752688172043,4.9,,1009.9,,Yogyakarta (Adisutjipto),DI Yogyakarta,DI Yogyakarta,1.3611111111111112,6.799999999999997,42.89088673029108,2023,3,72,1,13,1.0,6.123233995736766e-17,0.945320046913132,0.3261441535642696,Rainy Season,1,6,3,8.1752688172043
2023-03-14,96853,YO,DI Yogyakarta,25.5,32.2,28.0,76.0,8.1752688172043,4.5,,1009.6,,Yogyakarta (Adisutjipto),DI Yogyakarta,DI Yogyakarta,1.25,6.700000000000003,43.38394414659575,2023,3,73,1,14,1.0,6.123233995736766e-17,0.9507903724625832,0.3098349038318025,Rainy Season,1,6,3,8.1752688172043
2023-03-15,96853,YO,DI Yogyakarta,24.5,31.2,27.5,79.0,8.1752688172043,4.5,,1010.4,,Yogyakarta (Adisutjipto),DI Yogyakarta,DI Yogyakarta,1.25,6.699999999999999,41.186346563235716,2023,3,74,1,15,1.0,6.123233995736766e-17,0.9559793438440766,0.2934339689665273,Rainy Season,1,6,3,8.1752688172043
2023-03-16,96853,YO,DI Yogyakarta,25.4,32.0,28.2,78.0,8.1752688172043,5.2,,1010.9,,Yogyakarta (Adisutjipto),DI Yogyakarta,DI Yogyakarta,1.4444444444444444,6.600000000000001,43.52682241377802,2023,3,75,1,16,1.0,6.123233995736766e-17,0.9608854255574977,0.27694620226893646,Rainy Season,1,6,3,8.1752688172043
2023-03-17,96853,YO,DI Yogyakarta,25.8,30.8,27.9,79.0,8.1752688172043,4.2,,1010.9,,Yogyakarta (Adisutjipto),DI Yogyakarta,DI Yogyakarta,1.1666666666666667,5.0,39.874443649635566,2023,3,76,1,17,1.0,6.123233995736766e-17,0.9655071658143364,0.2603764827344581,Rainy Season,1,6,3,8.1752688172043
2023-03-18,96853,YO,DI Yogyakarta,25.2,32.2,28.1,78.0,8.1752688172043,4.4,,1010.2,,Yogyakarta (Adisutjipto),DI Yogyakarta,DI Yogyakarta,1.2222222222222223,7.0000000000000036,44.22966780753791,2023,3,77,1,18,1.0,6.123233995736766e-17,0.969843196967294,0.24372971360968387,Rainy Season,1,6,3,8.1752688172043
2023-03-19,96853,YO,DI Yogyakarta,25.5,32.2,28.5,78.0,8.1752688172043,4.5,,1009.6,,Yogyakarta (Adisutjipto),DI Yogyakarta,DI Yogyakarta,1.25,6.700000000000003,44.22966780753791,2023,3,78,1,19,1.0,6.123233995736766e-17,0.9738922359149924,0.22701082094141847,Rainy Season,1,6,3,8.1752688172043
2023-03-20,96853,YO,DI Yogyakarta,25.8,31.6,28.1,80.0,8.1752688172043,4.7,,1009.4,,Yogyakarta (Adisutjipto),DI Yogyakarta,DI Yogyakarta,1.3055555555555556,5.800000000000001,42.937634294737755,2023,3,79,1,20,1.0,6.123233995736766e-17,0.9776530844816641,0.2102247521189836,Rainy Season,1,6,3,8.1752688172043
2023-03-21,96853,YO,DI Yogyakarta,25.2,32.4,28.6,77.0,8.1752688172043,4.7,,1009.3,,Yogyakarta (Adisutjipto),DI Yogyakarta,DI Yogyakarta,1.3055555555555556,7.199999999999999,44.50283516236454,2023,3,80,1,21,1.0,6.123233995736766e-17,0.981124629771712,0.19337647441020586,Rainy Season,1,6,3,8.1752688172043
2023-03-22,96853,YO,DI Yogyakarta,25.8,31.7,28.3,80.0,8.1752688172043,5.3,,1009.0,,Yogyakarta (Adisutjipto),DI Yogyakarta,DI Yogyakarta,1.472222222222222,5.899999999999999,43.29113657151788,2023,3,81,1,22,1.0,6.123233995736766e-17,0.984305844499033,0.17647097349152166,Rainy Season,1,6,3,8.1752688172043
2023-03-23,96853,YO,DI Yogyakarta,25.9,32.2,28.7,77.0,8.1752688172043,4.8,,1008.8,,Yogyakarta (Adisutjipto),DI Yogyakarta,DI Yogyakarta,1.3333333333333333,6.300000000000004,43.80358495372465,2023,3,82,1,23,1.0,6.123233995736766e-17,0.9871957872910085,0.15951325197263655,Rainy Season,1,6,3,8.1752688172043
2023-03-24,96853,YO,DI Yogyakarta,26.4,32.3,28.7,78.0,8.1752688172043,4.5,,1009.5,,Yogyakarta (Adisutjipto),DI Yogyakarta,DI Yogyakarta,1.25,5.899999999999999,44.585242927837726,2023,3,83,1,24,1.0,6.123233995736766e-17,0.9897936029670716,0.14250832791617088,Rainy Season,1,6,3,8.1752688172043
2023-03-25,96853,YO,DI Yogyakarta,26.0,31.4,28.1,79.0,8.1752688172043,4.1,,1009.9,,Yogyakarta (Adisutjipto),DI Yogyakarta,DI Yogyakarta,1.1388888888888888,5.399999999999999,41.85910563667566,2023,3,84,1,25,1.0,6.123233995736766e-17,0.992098522791769,0.12546123335273648,Rainy Season,1,6,3,8.1752688172043
2023-03-26,96853,YO,DI Yogyakarta,25.3,30.7,27.6,80.0,8.1752688172043,5.2,,1009.3,,Yogyakarta (Adisutjipto),DI Yogyakarta,DI Yogyakarta,1.4444444444444444,5.399999999999999,39.883648903117894,2023,3,85,1,26,1.0,6.123233995736766e-17,0.9941098647022418,0.10837701279187609,Rainy Season,1,6,3,8.1752688172043
2023-03-27,96853,YO,DI Yogyakarta,24.8,28.8,26.9,83.0,8.1752688172043,5.4,,1009.4,,Yogyakarta (Adisutjipto),DI Yogyakarta,DI Yogyakarta,1.5,4.0,34.817149363271085,2023,3,86,1,27,1.0,6.123233995736766e-17,0.9958270335100595,0.09126072172931188,Rainy Season,1,6,3,8.1752688172043
2023-03-28,96853,YO,DI Yogyakarta,24.9,31.3,27.7,80.0,8.1752688172043,3.9,,1009.7,,Yogyakarta (Adisutjipto),DI Yogyakarta,DI Yogyakarta,1.0833333333333333,6.400000000000002,41.89413214431783,2023,3,87,1,28,1.0,6.123233995736766e-17,0.9972495210773451,0.07411742515094437,Rainy Season,1,6,3,8.1752688172043
2023-03-29,96853,YO,DI Yogyakarta,25.2,32.1,28.1,79.0,8.1752688172043,3.8,,1009.7,,Yogyakarta (Adisutjipto),DI Yogyakarta,DI Yogyakarta,1.0555555555555556,6.900000000000002,44.30200238107568,2023,3,88,1,29,1.0,6.123233995736766e-17,0.998376906467142,0.056952196034039754,Rainy Season,1,6,3,8.1752688172043
2023-03-30,96853,YO,DI Yogyakarta,24.8,31.6,27.8,81.0,8.1752688172043,4.1,,1008.7,,Yogyakarta (Adisutjipto),DI Yogyakarta,DI Yogyakarta,1.1388888888888888,6.800000000000001,43.3380445342045,2023,3,89,1,30,1.0,6.123233995736766e-17,0.9992088560679753,0.03977011384605572,Rainy Season,1,6,3,8.1752688172043
2023-03-31,96853,YO,DI Yogyakarta,25.1,30.3,27.2,82.0,8.1752688172043,4.8,,1009.6,,Yogyakarta (Adisutjipto),DI Yogyakarta,DI Yogyakarta,1.3333333333333333,5.199999999999999,39.218447957135695,2023,3,90,1,31,1.0,6.123233995736766e-17,0.9997451236925734,0.022576263041545485,Rainy Season,1,6,3,8.1752688172043
2023-04-01,96853,YO,DI Yogyakarta,24.8,29.3,26.6,83.0,4.56,5.0,,1010.1,,Yogyakarta (Adisutjipto),DI Yogyakarta,DI Yogyakarta,1.3888888888888888,4.5,36.31629543247125,2023,4,91,2,1,0.8660254037844387,-0.4999999999999998,0.9999855506507186,0.005375731557583884,Transition,2,6,3,4.56
2023-04-02,96853,YO,DI Yogyakarta,24.0,29.2,26.3,84.0,4.56,3.7,,1009.4,,Yogyakarta (Adisutjipto),DI Yogyakarta,DI Yogyakarta,1.027777777777778,5.199999999999999,36.253016772391355,2023,4,92,2,2,0.8660254037844387,-0.4999999999999998,0.9999300657962057,-0.011826390691832589,Transition,2,6,3,4.56
2023-04-03,96853,YO,DI Yogyakarta,24.3,30.3,27.0,81.0,4.56,3.8,,1009.3,,Yogyakarta (Adisutjipto),DI Yogyakarta,DI Yogyakarta,1.0555555555555556,6.0,38.90696047108438,2023,4,93,2,3,0.8660254037844387,-0.4999999999999998,0.9995786855478958,-0.029025013321975237,Transition,2,6,3,4.56
2023-04-04,96853,YO,DI Yogyakarta,24.2,30.5,27.0,80.0,4.56,4.5,,1010.2,,Yogyakarta (Adisutjipto),DI Yogyakarta,DI Yogyakarta,1.25,6.300000000000001,39.23616072927773,2023,4,94,2,4,0.8660254037844387,-0.4999999999999998,0.9989315138848577,-0.046215046983708354,Transition,2,6,3,4.56
2023-04-05,96853,YO,DI Yogyakarta,24.4,31.9,27.8,77.0,4.56,4.1,,1010.1,,Yogyakarta (Adisutjipto),DI Yogyakarta,DI Yogyakarta,1.1388888888888888,7.5,42.77522327956457,2023,4,95,2,5,0.8660254037844387,-0.4999999999999998,0.9979887423155984,-0.06339140486951038,Transition,2,6,3,4.56
2023-04-06,96853,YO,DI Yogyakarta,25.0,30.9,27.5,77.0,4.56,4.4,,1010.7,,Yogyakarta (Adisutjipto),DI Yogyakarta,DI Yogyakarta,1.2222222222222223,5.899999999999999,39.52513590196458,2023,4,96,2,6,0.8660254037844387,-0.4999999999999998,0.9967506498213929,-0.08054900421874167,Transition,2,6,3,4.56
2023-04-07,96853,YO,DI Yogyakarta,24.4,31.2,27.6,76.0,4.56,3.7,,1011.2,,Yogyakarta (Adisutjipto),DI Yogyakarta,DI Yogyakarta,1.027777777777778,6.800000000000001,40.12215923619569,2023,4,97,2,7,0.8660254037844387,-0.4999999999999998,0.9952176027737294,-0.09768276782171598,Transition,2,6,3,4.56
2023-04-08,96853,YO,DI Yogyakarta,25.0,30.8,27.5,77.0,4.56,3.7,,1011.7,,Yogyakarta (Adisutjipto),DI Yogyakarta,DI Yogyakarta,1.027777777777778,5.800000000000001,39.21517049932442,2023,4,98,2,8,0.8660254037844387,-0.4999999999999998,0.9933900548258936,-0.11478762552212701,Transition,2,6,3,4.56
2023-04-09,96853,YO,DI Yogyakarta,24.3,31.8,27.7,76.0,4.56,5.4,,1011.4,,Yogyakarta (Adisutjipto),DI Yogyakarta,DI Yogyakarta,1.5,7.5,42.04680764499538,2023,4,99,2,9,0.8660254037844387,-0.4999999999999998,0.9912685467787256,-0.13185851571739118,Transition,2,6,3,4.56
2023-04-10,96853,YO,DI Yogyakarta,25.0,30.0,27.2,80.0,4.56,6.7,,1010.7,,Yogyakarta (Adisutjipto),DI Yogyakarta,DI Yogyakarta,1.8611111111111112,5.0,37.6670372777777,2023,4,100,2,10,0.8660254037844387,-0.4999999999999998,0.9888537064205885,-0.1488903868564548,Transition,2,6,3,4.56
2023-04-11,96853,YO,DI Yogyakarta,24.7,31.1,27.7,79.0,4.56,6.7,,1009.9,,Yogyakarta (Adisutjipto),DI Yogyakarta,DI Yogyakarta,1.8611111111111112,6.400000000000002,40.85416893067567,2023,4,101,2,11,0.8660254037844387,-0.4999999999999998,0.986146248341595,-0.16587819893463143,Transition,2,6,3,4.56
2023-04-12,96853,YO,DI Yogyakarta,25.7,30.9,27.8,80.0,4.56,5.5,,1009.5,,Yogyakarta (Adisutjipto),DI Yogyakarta,DI Yogyakarta,1.5277777777777777,5.199999999999999,40.5424735302379,2023,4,102,2,12,0.8660254037844387,-0.4999999999999998,0.9831469737221499,-0.1828169249850199,Transition,2,6,3,4.56
2023-04-13,96853,YO,DI Yogyakarta,25.4,29.7,27.2,82.0,4.56,6.1,,1009.8,,Yogyakarta (Adisutjipto),DI Yogyakarta,DI Yogyakarta,1.6944444444444442,4.300000000000001,37.2948570951356,2023,4,103,2,13,0.8660254037844387,-0.4999999999999998,0.9798567700958665,-0.1997015525660636,Transition,2,6,3,4.56
2023-04-14,96853,YO,DI Yogyakarta,25.3,30.4,27.5,80.0,4.56,5.5,,1010.0,,Yogyakarta (Adisutjipto),DI Yogyakarta,DI Yogyakarta,1.5277777777777777,5.099999999999998,38.916667812337884,2023,4,104,2,14,0.8660254037844387,-0.4999999999999998,0.9762766110869321,-0.21652708524481437,Transition,2,6,3,4.56
2023-04-15,96853,YO,DI Yogyakarta,25.4,31.1,27.8,78.0,4.56,4.5,,1009.6,,Yogyakarta (Adisutjipto),DI Yogyakarta,DI Yogyakarta,1.25,5.700000000000003,40.50104811471791,2023,4,105,2,15,0.8660254037844387,-0.4999999999999998,0.9724075561219968,-0.23328854407545518,Transition,2,6,3,4.56
2023-04-16,96853,YO,DI Yogyakarta,25.2,31.9,28.2,76.0,4.56,4.9,,1009.3,,Yogyakarta (Adisutjipto),DI Yogyakarta,DI Yogyakarta,1.3611111111111112,6.699999999999999,42.37703895321571,2023,4,106,2,16,0.8660254037844387,-0.4999999999999998,0.9682507501166718,-0.2499809690726521,Transition,2,6,3,4.56
2023-04-17,96853,YO,DI Yogyakarta,25.4,32.5,28.5,76.0,4.56,4.4,,1010.6,,Yogyakarta (Adisutjipto),DI Yogyakarta,DI Yogyakarta,1.2222222222222223,7.100000000000001,44.41516624305572,2023,4,107,2,17,0.8660254037844387,-0.4999999999999998,0.9638074231367307,-0.26659942067929354,Transition,2,6,3,4.56
2023-04-18,96853,YO,DI Yogyakarta,25.9,31.7,28.5,78.0,4.56,4.8,,1011.3,,Yogyakarta (Adisutjipto),DI Yogyakarta,DI Yogyakarta,1.3333333333333333,5.800000000000001,42.4933164402379,2023,4,108,2,18,0.8660254037844387,-0.4999999999999998,0.9590788900341131,-0.28313898122818354,Transition,2,6,3,4.56
2023-04-19,96853,YO,DI Yogyakarta,25.8,32.1,28.8,76.0,4.56,5.7,,1009.5,,Yogyakarta (Adisutjipto),DI Yogyakarta,DI Yogyakarta,1.5833333333333333,6.300000000000001,43.045607204015646,2023,4,109,2,19,0.8660254037844387,-0.4999999999999998,0.9540665500578387,-0.2995947563972602,Transition,2,6,3,4.56
2023-04-20,96853,YO,DI Yogyakarta,26.5,32.6,28.9,75.0,4.56,5.4,,1007.7,,Yogyakarta (Adisutjipto),DI Yogyakarta,DI Yogyakarta,1.5,6.100000000000001,44.32243214167122,2023,4,110,2,20,0.8660254037844387,-0.4999999999999998,0.9487718864399473,-0.31596187665790293,Transition,2,6,3,4.56
2023-04-21,96853,YO,DI Yogyakarta,25.8,32.7,28.8,76.0,4.56,5.2,,1008.3,,Yogyakarta (Adisutjipto),DI Yogyakarta,DI Yogyakarta,1.4444444444444444,6.900000000000002,45.11615703129566,2023,4,111,2,21,0.8660254037844387,-0.4999999999999998,0.9431964659565866,-0.33223549871590435,Transition,2,6,3,4.56
2023-04-22,96853,YO,DI Yogyakarta,25.5,32.1,28.6,77.0,4.56,5.6,,1008.7,,Yogyakarta (Adisutjipto),DI Yogyakarta,DI Yogyakarta,1.5555555555555554,6.600000000000001,43.45806257716452,2023,4,112,2,22,0.8660254037844387,-0.4999999999999998,0.9373419384643772,-0.3484108069446808,Transition,2,6,3,4.56
2023-04-23,96853,YO,DI Yogyakarta,25.8,33.1,29.0,77.0,4.56,5.6,,1009.3,,Yogyakarta (Adisutjipto),DI Yogyakarta,DI Yogyakarta,1.5555555555555554,7.300000000000001,47.036368175564505,2023,4,113,2,23,0.8660254037844387,-0.4999999999999998,0.9312100364121947,-0.3644830148102912,Transition,2,6,3,4.56
2023-04-24,96853,YO,DI Yogyakarta,26.1,32.5,28.9,76.0,4.56,5.5,,1009.3,,Yogyakarta (Adisutjipto),DI Yogyakarta,DI Yogyakarta,1.5277777777777777,6.399999999999999,44.41516624305572,2023,4,114,2,24,0.8660254037844387,-0.4999999999999998,0.9248025743285089,-0.38044736628785164,Transition,2,6,3,4.56
2023-04-25,96853,YO,DI Yogyakarta,25.9,32.4,28.8,77.0,4.56,4.6,,1009.0,,Yogyakarta (Adisutjipto),DI Yogyakarta,DI Yogyakarta,1.2777777777777777,6.5,44.50283516236454,2023,4,115,2,25,0.8660254037844387,-0.4999999999999998,0.9181214482844364,-0.39629913726891813,Transition,2,6,3,4.56
2023-04-26,96853,YO,DI Yogyakarta,26.1,31.6,28.8,76.0,4.56,5.2,,1008.8,,Yogyakarta (Adisutjipto),DI Yogyakarta,DI Yogyakarta,1.4444444444444444,5.5,41.39445066291547,2023,4,116,2,26,0.8660254037844387,-0.4999999999999998,0.9111686353326631,-0.41203363695942635,Transition,2,6,3,4.56
2023-04-27,96853,YO,DI Yogyakarta,25.4,31.8,28.5,78.0,4.56,5.3,,1008.9,,Yogyakarta (Adisutjipto),DI Yogyakarta,DI Yogyakarta,1.472222222222222,6.400000000000002,42.835050149137736,2023,4,117,2,27,0.8660254037844387,-0.4999999999999998,0.9039461929224011,-0.42764620926777464,Transition,2,6,3,4.56
2023-04-28,96853,YO,DI Yogyakarta,25.7,31.0,28.1,81.0,4.56,5.0,,1009.1,,Yogyakarta (Adisutjipto),DI Yogyakarta,DI Yogyakarta,1.3888888888888888,5.300000000000001,41.23272572044464,2023,4,118,2,28,0.8660254037844387,-0.4999999999999998,0.8964562582905575,-0.44313223418263453,Transition,2,6,3,4.56
2023-04-29,96853,YO,DI Yogyakarta,25.7,30.5,27.7,83.0,4.56,4.5,,1008.7,,Yogyakarta (Adisutjipto),DI Yogyakarta,DI Yogyakarta,1.25,4.800000000000001,40.21328809711107,2023,4,119,2,29,0.8660254037844387,-0.4999999999999998,0.8887010478292915,-0.45848712914008766,Transition,2,6,3,4.56
2023-04-30,96853,YO,DI Yogyakarta,25.2,31.6,28.2,80.0,4.56,4.6,,1008.0,,Yogyakarta (Adisutjipto),DI Yogyakarta,DI Yogyakarta,1.2777777777777777,6.400000000000002,42.937634294737755,2023,4,120,2,30,0.8660254037844387,-0.4999999999999998,0.8806828564301475,-0.47370635037968,Transition,2,6,3,4.56
2023-05-01,96853,YO,DI Yogyakarta,25.6,30.6,27.9,82.0,3.753763440860215,4.2,,1008.5,,Yogyakarta (Adisutjipto),DI Yogyakarta,DI Yogyakarta,1.1666666666666667,5.0,40.21938489987571,2023,5,121,2,1,0.49999999999999994,-0.8660254037844387,0.8724040568049612,-0.48878539428899265,Transition,2,6,3,3.753763440860215
2023-05-02,96853,YO,DI Yogyakarta,25.1,30.9,28.0,81.0,3.753763440860215,5.2,,1009.7,,Yogyakarta (Adisutjipto),DI Yogyakarta,DI Yogyakarta,1.4444444444444444,5.799999999999997,40.891873100204506,2023,5,122,2,2,0.49999999999999994,-0.8660254037844387,0.8638670987837349,-0.503719798736334,Transition,2,6,3,3.753763440860215
2023-05-03,96853,YO,DI Yogyakarta,25.7,31.6,28.5,80.0,3.753763440860215,5.3,,1009.7,,Yogyakarta (Adisutjipto),DI Yogyakarta,DI Yogyakarta,1.472222222222222,5.900000000000002,42.937634294737755,2023,5,123,2,3,0.49999999999999994,-0.8660254037844387,0.8550745085896932,-0.518505144391157,Transition,2,6,3,3.753763440860215
2023-05-04,96853,YO,DI Yogyakarta,26.1,31.5,28.5,80.0,3.753763440860215,5.5,,1009.3,,Yogyakarta (Adisutjipto),DI Yogyakarta,DI Yogyakarta,1.5277777777777777,5.399999999999999,42.58696613127788,2023,5,124,2,4,0.49999999999999994,-0.8660254037844387,0.8460288880917339,-0.533137056031809,Transition,2,6,3,3.753763440860215
2023-05-05,96853,YO,DI Yogyakarta,25.7,31.8,28.5,79.0,3.753763440860215,4.8,,1008.0,,Yogyakarta (Adisutjipto),DI Yogyakarta,DI Yogyakarta,1.3333333333333333,6.100000000000001,43.23823901683544,2023,5,125,2,5,0.49999999999999994,-0.8660254037844387,0.8367329140344921,-0.5476112038402312,Transition,2,6,3,3.753763440860215
2023-05-06,96853,YO,DI Yogyakarta,26.1,30.1,28.0,81.0,3.753763440860215,4.9,,1008.1,,Yogyakarta (Adisutjipto),DI Yogyakarta,DI Yogyakarta,1.3611111111111112,4.0,38.26825743940456,2023,5,126,2,6,0.49999999999999994,-0.8660254037844387,0.8271893372462497,-0.5619233046832195,Transition,2,6,3,3.753763440860215
2023-05-07,96853,YO,DI Yogyakarta,26.1,31.2,28.1,79.0,3.753763440860215,5.2,,1008.8,,Yogyakarta (Adisutjipto),DI Yogyakarta,DI Yogyakarta,1.4444444444444444,5.099999999999998,41.186346563235716,2023,5,127,2,7,0.49999999999999994,-0.8660254037844387,0.8174009818249189,-0.5760691233798758,Transition,2,6,3,3.753763440860215
2023-05-08,96853,YO,DI Yogyakarta,25.6,31.9,28.6,76.0,3.753763440860215,5.2,,1009.3,,Yogyakarta (Adisutjipto),DI Yogyakarta,DI Yogyakarta,1.4444444444444444,6.299999999999997,42.37703895321571,2023,5,128,2,8,0.49999999999999994,-0.8660254037844387,0.8073707443023492,-0.5900444739548627,Transition,2,6,3,3.753763440860215
2023-05-09,96853,YO,DI Yogyakarta,26.0,32.1,28.8,77.0,3.753763440860215,6.0,,1009.8,,Yogyakarta (Adisutjipto),DI Yogyakarta,DI Yogyakarta,1.6666666666666665,6.100000000000001,43.45806257716452,2023,5,129,2,9,0.49999999999999994,-0.8660254037844387,0.7971015927871943,-0.6038452208771035,Transition,2,6,3,3.753763440860215
2023-05-10,96853,YO,DI Yogyakarta,26.0,32.5,28.8,77.0,3.753763440860215,7.2,,1009.9,,Yogyakarta (Adisutjipto),DI Yogyakarta,DI Yogyakarta,2.0,6.5,44.85656299444463,2023,5,130,2,10,0.49999999999999994,-0.8660254037844387,0.7865965660866021,-0.6174672802835514,Transition,2,6,3,3.753763440860215
2023-05-11,96853,YO,DI Yogyakarta,26.2,31.9,28.6,79.0,3.753763440860215,6.4,,1011.0,,Yogyakarta (Adisutjipto),DI Yogyakarta,DI Yogyakarta,1.777777777777778,5.699999999999999,43.59002553547549,2023,5,131,2,11,0.49999999999999994,-0.8660254037844387,0.7758587728069828,-0.6309066211876704,Transition,2,6,3,3.753763440860215
2023-05-12,96853,YO,DI Yogyakarta,26.0,32.0,28.9,78.0,3.753763440860215,6.3,,1011.6,,Yogyakarta (Adisutjipto),DI Yogyakarta,DI Yogyakarta,1.75,6.0,43.52682241377802,2023,5,132,2,12,0.49999999999999994,-0.8660254037844387,0.7648913904341225,-0.6441592666722685,Transition,2,6,3,3.753763440860215
2023-05-13,96853,YO,DI Yogyakarta,26.5,31.5,28.6,76.0,3.753763440860215,5.6,,1012.5,,Yogyakarta (Adisutjipto),DI Yogyakarta,DI Yogyakarta,1.5555555555555554,5.0,41.072324989055566,2023,5,133,2,13,0.49999999999999994,-0.8660254037844387,0.753697664392914,-0.6572212950663319,Transition,2,6,3,3.753763440860215
2023-05-14,96853,YO,DI Yogyakarta,24.9,31.0,27.8,75.0,3.753763440860215,5.5,,1013.5,,Yogyakarta (Adisutjipto),DI Yogyakarta,DI Yogyakarta,1.5277777777777777,6.100000000000001,39.17185738711127,2023,5,134,2,14,0.49999999999999994,-0.8660254037844387,0.742280907086982,-0.6700888411055113,Transition,2,6,3,3.753763440860215
2023-05-15,96853,YO,DI Yogyakarta,24.7,31.0,27.7,74.0,3.753763440860215,4.8,,1013.2,,Yogyakarta (Adisutjipto),DI Yogyakarta,DI Yogyakarta,1.3333333333333333,6.300000000000001,38.84673424311128,2023,5,135,2,15,0.49999999999999994,-0.8660254037844387,0.7306444969184916,-0.6827580970759147,Transition,2,6,3,3.753763440860215
2023-05-16,96853,YO,DI Yogyakarta,24.8,30.7,27.6,75.0,3.753763440860215,4.5,,1013.5,,Yogyakarta (Adisutjipto),DI Yogyakarta,DI Yogyakarta,1.25,5.899999999999999,38.28217576255121,2023,5,136,2,16,0.49999999999999994,-0.8660254037844387,0.7187918772884232,-0.6952253139408722,Transition,2,6,3,3.753763440860215
2023-05-17,96853,YO,DI Yogyakarta,24.8,30.5,27.5,76.0,3.753763440860215,4.6,,1013.6,,Yogyakarta (Adisutjipto),DI Yogyakarta,DI Yogyakarta,1.2777777777777777,5.699999999999999,37.999671547055485,2023,5,137,2,17,0.49999999999999994,-0.8660254037844387,0.7067265555776158,-0.7074868024503348,Transition,2,6,3,3.753763440860215
2023-05-18,96853,YO,DI Yogyakarta,24.6,30.1,27.2,77.0,3.753763440860215,4.5,,1013.3,,Yogyakarta (Adisutjipto),DI Yogyakarta,DI Yogyakarta,1.25,5.5,37.12199693236459,2023,5,138,2,18,0.49999999999999994,-0.8660254037844387,0.6944521021088763,-0.719538934232584,Transition,2,6,3,3.753763440860215
2023-05-19,96853,YO,DI Yogyakarta,24.4,31.0,27.6,76.0,3.753763440860215,4.7,,1012.7,,Yogyakarta (Adisutjipto),DI Yogyakarta,DI Yogyakarta,1.3055555555555556,6.600000000000001,39.50222479155574,2023,5,139,2,19,0.49999999999999994,-0.8660254037844387,0.6819721490904629,-0.7313781428679254,Transition,2,6,3,3.753763440860215
2023-05-20,96853,YO,DI Yogyakarta,24.8,31.5,28.2,75.0,3.753763440860215,5.2,,1012.0,,Yogyakarta (Adisutjipto),DI Yogyakarta,DI Yogyakarta,1.4444444444444444,6.699999999999999,40.708029317111226,2023,5,140,2,20,0.49999999999999994,-0.8660254037844387,0.6692903895412567,-0.7430009249440493,Transition,2,6,3,3.753763440860215
2023-05-21,96853,YO,DI Yogyakarta,25.2,32.0,28.4,74.0,3.753763440860215,5.5,,1012.6,,Yogyakarta (Adisutjipto),DI Yogyakarta,DI Yogyakarta,1.5277777777777777,6.800000000000001,41.91809725911126,2023,5,141,2,21,0.49999999999999994,-0.8660254037844387,0.6564105761979381,-0.7544038410927472,Transition,2,6,3,3.753763440860215
2023-05-22,96853,YO,DI Yogyakarta,25.1,31.7,28.1,74.0,3.753763440860215,5.5,,1013.0,,Yogyakarta (Adisutjipto),DI Yogyakarta,DI Yogyakarta,1.5277777777777777,6.599999999999998,40.969021895491124,2023,5,142,2,22,0.49999999999999994,-0.8660254037844387,0.6433365204044917,-0.765583517007675,Transition,2,6,3,3.753763440860215
2023-05-23,96853,YO,DI Yogyakarta,25.1,31.5,28.0,74.0,3.753763440860215,4.8,,1012.9,,Yogyakarta (Adisutjipto),DI Yogyakarta,DI Yogyakarta,1.3333333333333333,6.399999999999999,40.34947949061117,2023,5,143,2,23,0.49999999999999994,-0.8660254037844387,0.6300720909843687,-0.7765366444428655,Transition,2,6,3,3.753763440860215
2023-05-24,96853,YO,DI Yogyakarta,25.2,31.8,28.1,75.0,3.753763440860215,4.4,,1013.4,,Yogyakarta (Adisutjipto),DI Yogyakarta,DI Yogyakarta,1.2222222222222223,6.600000000000001,41.661754008551014,2023,5,144,2,24,0.49999999999999994,-0.8660254037844387,0.6166212130956382,-0.7872599821916922,Transition,2,6,3,3.753763440860215
2023-05-25,96853,YO,DI Yogyakarta,25.2,31.8,28.1,75.0,3.753763440860215,5.1,,1013.3,,Yogyakarta (Adisutjipto),DI Yogyakarta,DI Yogyakarta,1.4166666666666665,6.600000000000001,41.661754008551014,2023,5,145,2,25,0.49999999999999994,-0.8660254037844387,0.6029878670694714,-0.7977503570459932,Transition,2,6,3,3.753763440860215
2023-05-26,96853,YO,DI Yogyakarta,25.0,31.8,28.4,73.0,3.753763440860215,5.3,,1012.5,,Yogyakarta (Adisutjipto),DI Yogyakarta,DI Yogyakarta,1.472222222222222,6.800000000000001,40.909781966915595,2023,5,146,2,26,0.49999999999999994,-0.8660254037844387,0.5891760872322963,-0.8080046647350754,Transition,2,6,3,3.753763440860215
2023-05-27,96853,YO,DI Yogyakarta,25.9,31.8,28.4,74.0,3.753763440860215,5.2,,1011.2,,Yogyakarta (Adisutjipto),DI Yogyakarta,DI Yogyakarta,1.4444444444444444,5.900000000000002,41.282745449191104,2023,5,147,2,27,0.49999999999999994,-0.8660254037844387,0.5751899607119775,-0.8180198708443174,Transition,2,6,3,3.753763440860215
2023-05-28,96853,YO,DI Yogyakarta,25.4,31.2,28.2,73.0,3.753763440860215,4.6,,1010.8,,Yogyakarta (Adisutjipto),DI Yogyakarta,DI Yogyakarta,1.2777777777777777,5.800000000000001,39.10697982771569,2023,5,148,2,28,0.49999999999999994,-0.8660254037844387,0.5610336262283677,-0.8277930117131022,Transition,2,6,3,3.753763440860215
2023-05-29,96853,YO,DI Yogyakarta,25.1,31.7,28.3,73.0,3.753763440860215,5.1,,1011.2,,Yogyakarta (Adisutjipto),DI Yogyakarta,DI Yogyakarta,1.4166666666666665,6.599999999999998,40.60281195051562,2023,5,149,2,29,0.49999999999999994,-0.8660254037844387,0.5467112728685939,-0.8373211953118121,Transition,2,6,3,3.753763440860215
2023-05-30,96853,YO,DI Yogyakarta,25.5,31.6,28.4,74.0,3.753763440860215,5.2,,1011.4,,Yogyakarta (Adisutjipto),DI Yogyakarta,DI Yogyakarta,1.4444444444444444,6.100000000000001,40.657933242631074,2023,5,150,2,30,0.49999999999999994,-0.8660254037844387,0.5322271388474397,-0.8466016020976267,Transition,2,6,3,3.753763440860215
2023-05-31,96853,YO,DI Yogyakarta,25.6,31.1,28.3,75.0,3.753763440860215,4.8,,1011.6,,Yogyakarta (Adisutjipto),DI Yogyakarta,DI Yogyakarta,1.3333333333333333,5.5,39.47375485087111,2023,5,151,2,31,0.49999999999999994,-0.8660254037844387,0.5175855102531889,-0.8556314858488706,Transition,2,6,3,3.753763440860215
2023-06-01,96853,YO,DI Yogyakarta,25.8,31.8,28.6,74.0,2.3633333333333333,6.2,,1011.0,,Yogyakarta (Adisutjipto),DI Yogyakarta,DI Yogyakarta,1.7222222222222223,6.0,41.282745449191104,2023,6,152,2,1,1.2246467991473532e-16,-1.0,0.5027907197793043,-0.8644081744776648,Dry Season,0,6,3,2.3633333333333333
2023-06-02,96853,YO,DI Yogyakarta,26.0,32.0,28.9,74.0,2.3633333333333333,5.8,,1011.5,,Yogyakarta (Adisutjipto),DI Yogyakarta,DI Yogyakarta,1.611111111111111,6.0,41.91809725911126,2023,6,153,2,2,1.2246467991473532e-16,-1.0,0.4878471454423119,-0.8729290708206411,Dry Season,0,6,3,2.3633333333333333
2023-06-03,96853,YO,DI Yogyakarta,26.4,31.5,28.8,75.0,2.3633333333333333,5.8,,1011.7,,Yogyakarta (Adisutjipto),DI Yogyakarta,DI Yogyakarta,1.611111111111111,5.100000000000001,40.708029317111226,2023,6,154,2,3,1.2246467991473532e-16,-1.0,0.47275920928627757,-0.881191653407483,Dry Season,0,6,3,2.3633333333333333
2023-06-04,96853,YO,DI Yogyakarta,26.2,31.4,28.4,75.0,2.3633333333333333,5.2,,1011.2,,Yogyakarta (Adisutjipto),DI Yogyakarta,DI Yogyakarta,1.4444444444444444,5.199999999999999,40.39545800887113,2023,6,155,2,4,1.2246467991473532e-16,-1.0,0.4575313760742512,-0.8891934772070711,Dry Season,0,6,3,2.3633333333333333
2023-06-05,96853,YO,DI Yogyakarta,25.8,31.2,28.0,77.0,2.3633333333333333,5.0,,1010.9,,Yogyakarta (Adisutjipto),DI Yogyakarta,DI Yogyakarta,1.3888888888888888,5.399999999999999,40.471443020924724,2023,6,156,2,5,1.2246467991473532e-16,-1.0,0.44216815196707204,-0.8969321743510065,Dry Season,0,6,3,2.3633333333333333
2023-06-06,96853,YO,DI Yogyakarta,25.6,30.1,27.5,79.0,2.3633333333333333,5.3,,1011.1,,Yogyakarta (Adisutjipto),DI Yogyakarta,DI Yogyakarta,1.472222222222222,4.5,37.68646242427567,2023,6,157,2,6,1.2246467991473532e-16,-1.0,0.42667408318992467,-0.9044054548343001,Dry Season,0,6,3,2.3633333333333333
2023-06-07,96853,YO,DI Yogyakarta,25.1,30.1,27.4,79.0,2.3633333333333333,5.8,,1012.0,,Yogyakarta (Adisutjipto),DI Yogyakarta,DI Yogyakarta,1.611111111111111,5.0,37.68646242427567,2023,6,158,2,7,1.2246467991473532e-16,-1.0,0.4110537546870351,-0.9116111071930239,Dry Season,0,6,3,2.3633333333333333
2023-06-08,96853,YO,DI Yogyakarta,25.2,31.6,28.2,77.0,2.3633333333333333,5.8,,1012.0,,Yogyakarta (Adisutjipto),DI Yogyakarta,DI Yogyakarta,1.611111111111111,6.400000000000002,41.771477971964465,2023,6,159,2,8,1.2246467991473532e-16,-1.0,0.3953117887649151,-0.9185469991587165,Dry Season,0,6,3,2.3633333333333333
2023-06-09,96853,YO,DI Yogyakarta,25.7,31.6,28.4,75.0,2.3633333333333333,6.3,,1011.2,,Yogyakarta (Adisutjipto),DI Yogyakarta,DI Yogyakarta,1.75,5.900000000000002,41.02326908647107,2023,6,160,2,9,1.2246467991473532e-16,-1.0,0.37945284372454435,-0.925211078289358,Dry Season,0,6,3,2.3633333333333333
2023-06-10,96853,YO,DI Yogyakarta,25.4,30.8,28.0,74.0,2.3633333333333333,5.8,,1010.7,,Yogyakarta (Adisutjipto),DI Yogyakarta,DI Yogyakarta,1.611111111111111,5.400000000000002,38.26408044999111,2023,6,161,2,10,1.2246467991473532e-16,-1.0,0.36348161248290634,-0.9316013725767187,Dry Season,0,6,3,2.3633333333333333
2023-06-11,96853,YO,DI Yogyakarta,25.5,31.2,28.2,74.0,2.3633333333333333,5.8,,1010.8,,Yogyakarta (Adisutjipto),DI Yogyakarta,DI Yogyakarta,1.611111111111111,5.699999999999999,39.4399276395912,2023,6,162,2,11,1.2246467991473532e-16,-1.0,0.3474028211842774,-0.9377159910299093,Dry Season,0,6,3,2.3633333333333333
2023-06-12,96853,YO,DI Yogyakarta,25.6,31.4,28.3,77.0,2.3633333333333333,5.8,,1011.1,,Yogyakarta (Adisutjipto),DI Yogyakarta,DI Yogyakarta,1.611111111111111,5.799999999999997,41.11599019276452,2023,6,163,2,12,1.2246467991473532e-16,-1.0,0.3312212278016865,-0.9435531242349544,Dry Season,0,6,3,2.3633333333333333
2023-06-13,96853,YO,DI Yogyakarta,25.5,31.3,28.4,76.0,2.3633333333333333,6.5,,1011.1,,Yogyakarta (Adisutjipto),DI Yogyakarta,DI Yogyakarta,1.8055555555555556,5.800000000000001,40.43617927569566,2023,6,164,2,13,1.2246467991473532e-16,-1.0,0.31494162072895193,-0.9491110448902284,Dry Season,0,6,3,2.3633333333333333
2023-06-14,96853,YO,DI Yogyakarta,26.0,31.0,28.4,74.0,2.3633333333333333,6.7,,1012.0,,Yogyakarta (Adisutjipto),DI Yogyakarta,DI Yogyakarta,1.8611111111111112,5.0,38.84673424311128,2023,6,165,2,14,1.2246467991473532e-16,-1.0,0.2985688173637202,-0.9543881083175908,Dry Season,0,6,3,2.3633333333333333
2023-06-15,96853,YO,DI Yogyakarta,25.3,30.3,27.9,74.0,2.3633333333333333,5.9,,1011.9,,Yogyakarta (Adisutjipto),DI Yogyakarta,DI Yogyakarta,1.6388888888888888,5.0,36.853556731891146,2023,6,166,2,15,1.2246467991473532e-16,-1.0,0.2821076626819194,-0.9593827529490743,Dry Season,0,6,3,2.3633333333333333
2023-06-16,96853,YO,DI Yogyakarta,25.4,30.4,27.8,75.0,2.3633333333333333,6.1,,1011.6,,Yogyakarta (Adisutjipto),DI Yogyakarta,DI Yogyakarta,1.6944444444444442,5.0,37.4165102880712,2023,6,167,2,16,1.2246467991473532e-16,-1.0,0.26556302780405594,-0.9640935007889755,Dry Season,0,6,3,2.3633333333333333
2023-06-17,96853,YO,DI Yogyakarta,25.0,30.8,27.9,77.0,2.3633333333333333,7.3,,1011.2,,Yogyakarta (Adisutjipto),DI Yogyakarta,DI Yogyakarta,2.0277777777777777,5.800000000000001,39.21517049932442,2023,6,168,2,17,1.2246467991473532e-16,-1.0,0.24893980855376657,-0.9685189578512204,Dry Season,0,6,3,2.3633333333333333
2023-06-18,96853,YO,DI Yogyakarta,25.7,31.5,28.4,77.0,2.3633333333333333,6.8,,1011.0,,Yogyakarta (Adisutjipto),DI Yogyakarta,DI Yogyakarta,1.8888888888888888,5.800000000000001,41.442366506444685,2023,6,169,2,18,1.2246467991473532e-16,-1.0,0.23224292400907015,-0.9726578145718654,Dry Season,0,6,3,2.3633333333333333
2023-06-19,96853,YO,DI Yogyakarta,25.7,31.0,27.9,78.0,2.3633333333333333,6.4,,1011.0,,Yogyakarta (Adisutjipto),DI Yogyakarta,DI Yogyakarta,1.777777777777778,5.300000000000001,40.17869238177787,2023,6,170,2,19,1.2246467991473532e-16,-1.0,0.21547731504673012,-0.976508846196619,Dry Season,0,6,3,2.3633333333333333
2023-06-20,96853,YO,DI Yogyakarta,24.9,30.6,27.6,79.0,2.3633333333333333,6.3,,1011.9,,Yogyakarta (Adisutjipto),DI Yogyakarta,DI Yogyakarta,1.75,5.700000000000003,39.23529980947556,2023,6,171,2,20,1.2246467991473532e-16,-1.0,0.19864794288017112,-0.9800709131432666,Dry Season,0,6,3,2.3633333333333333
2023-06-21,96853,YO,DI Yogyakarta,25.4,31.1,28.1,76.0,2.3633333333333333,5.8,,1012.2,,Yogyakarta (Adisutjipto),DI Yogyakarta,DI Yogyakarta,1.611111111111111,5.700000000000003,39.81084107481573,2023,6,172,2,21,1.2246467991473532e-16,-1.0,0.18175978759137534,-0.9833429613388902,Dry Season,0,6,3,2.3633333333333333
2023-06-22,96853,YO,DI Yogyakarta,25.6,31.8,28.4,76.0,2.3633333333333333,6.8,,1011.3,,Yogyakarta (Adisutjipto),DI Yogyakarta,DI Yogyakarta,1.8888888888888888,6.199999999999999,42.04680764499538,2023,6,173,2,22,1.2246467991473532e-16,-1.0,0.16481784665719793,-0.9863240225317866,Dry Season,0,6,3,2.3633333333333333
2023-06-23,96853,YO,DI Yogyakarta,25.7,31.0,28.2,76.0,2.3633333333333333,6.0,,1010.9,,Yogyakarta (Adisutjipto),DI Yogyakarta,DI Yogyakarta,1.6666666666666665,5.300000000000001,39.50222479155574,2023,6,174,2,23,1.2246467991473532e-16,-1.0,0.14782713347053048,-0.9890132145779883,Dry Season,0,6,3,2.3633333333333333
2023-06-24,96853,YO,DI Yogyakarta,25.3,31.2,27.9,76.0,2.3633333333333333,6.4,,1010.2,,Yogyakarta (Adisutjipto),DI Yogyakarta,DI Yogyakarta,1.777777777777778,5.899999999999999,40.12215923619569,2023,6,175,2,24,1.2246467991473532e-16,-1.0,0.13079267585675922,-0.9914097417023038,Dry Season,0,6,3,2.3633333333333333
2023-06-25,96853,YO,DI Yogyakarta,25.1,30.6,27.9,75.0,2.3633333333333333,6.0,,1010.0,,Yogyakarta (Adisutjipto),DI Yogyakarta,DI Yogyakarta,1.6666666666666665,5.5,37.99095214327118,2023,6,176,2,25,1.2246467991473532e-16,-1.0,0.11371951458594969,-0.9935128947338007,Dry Season,0,6,3,2.3633333333333333
2023-06-26,96853,YO,DI Yogyakarta,24.9,30.4,27.5,76.0,2.3633333333333333,6.0,,1010.7,,Yogyakarta (Adisutjipto),DI Yogyakarta,DI Yogyakarta,1.6666666666666665,5.5,37.7072665325157,2023,6,177,2,26,1.2246467991473532e-16,-1.0,0.0966127018812031,-0.9953220513156602,Dry Season,0,6,3,2.3633333333333333
2023-06-27,96853,YO,DI Yogyakarta,25.0,29.5,27.3,77.0,2.3633333333333333,6.2,,1012.1,,Yogyakarta (Adisutjipto),DI Yogyakarta,DI Yogyakarta,1.7222222222222223,4.5,35.43451908244443,2023,6,178,2,27,1.2246467991473532e-16,-1.0,0.07947729992362097,-0.9968366760893436,Dry Season,0,6,3,2.3633333333333333
2023-06-28,96853,YO,DI Yogyakarta,25.1,30.3,27.5,78.0,2.3633333333333333,6.1,,1012.9,,Yogyakarta (Adisutjipto),DI Yogyakarta,DI Yogyakarta,1.6944444444444442,5.199999999999999,37.99971415503779,2023,6,179,2,28,1.2246467991473532e-16,-1.0,0.062318379354325076,-0.998056320853012,Dry Season,0,6,3,2.3633333333333333
2023-06-29,96853,YO,DI Yogyakarta,25.4,30.1,27.6,79.0,2.3633333333333333,5.5,,1012.4,,Yogyakarta (Adisutjipto),DI Yogyakarta,DI Yogyakarta,1.5277777777777777,4.700000000000003,37.68646242427567,2023,6,180,2,29,1.2246467991473532e-16,-1.0,0.04514101777397193,-0.9989806246941579,Dry Season,0,6,3,2.3633333333333333
2023-06-30,96853,YO,DI Yogyakarta,25.1,30.7,27.9,78.0,2.3633333333333333,6.2,,1011.8,,Yogyakarta (Adisutjipto),DI Yogyakarta,DI Yogyakarta,1.7222222222222223,5.599999999999998,39.22823487663799,2023,6,181,2,30,1.2246467991473532e-16,-1.0,0.02795029824021032,-0.999609314096404,Dry Season,0,6,3,2.3633333333333333
2023-07-01,96853,YO,DI Yogyakarta,25.9,30.4,27.8,78.0,1.7182795698924733,5.9,,1012.5,,Yogyakarta (Adisutjipto),DI Yogyakarta,DI Yogyakarta,1.6388888888888888,4.5,38.30269191201789,2023,7,182,3,1,-0.4999999999999997,-0.8660254037844388,0.01075130776352193,-0.9999422030204416,Dry Season,0,6,3,1.7182795698924733
2023-07-02,96853,YO,DI Yogyakarta,25.4,29.6,27.2,80.0,1.7182795698924733,5.9,,1013.5,,Yogyakarta (Adisutjipto),DI Yogyakarta,DI Yogyakarta,1.6388888888888888,4.200000000000003,36.46275255633777,2023,7,183,3,2,-0.4999999999999997,-0.8660254037844388,-0.00645086419810515,-0.9999791929590823,Dry Season,0,6,3,1.7182795698924733
2023-07-03,96853,YO,DI Yogyakarta,25.0,29.3,27.0,79.0,1.7182795698924733,5.1,,1013.1,,Yogyakarta (Adisutjipto),DI Yogyakarta,DI Yogyakarta,1.4166666666666665,4.300000000000001,35.353988618835636,2023,7,184,3,3,-0.4999999999999997,-0.8660254037844388,-0.023651127245231586,-0.9997202729664083,Dry Season,0,6,3,1.7182795698924733
2023-07-04,96853,YO,DI Yogyakarta,24.9,29.3,27.1,80.0,1.7182795698924733,5.2,,1011.9,,Yogyakarta (Adisutjipto),DI Yogyakarta,DI Yogyakarta,1.4444444444444444,4.400000000000002,35.589297205117845,2023,7,185,3,4,-0.4999999999999997,-0.8660254037844388,-0.04084439154329611,-0.9991655196610109,Dry Season,0,6,3,1.7182795698924733
2023-07-05,96853,YO,DI Yogyakarta,24.9,30.2,27.5,79.0,1.7182795698924733,5.6,,1011.4,,Yogyakarta (Adisutjipto),DI Yogyakarta,DI Yogyakarta,1.5555555555555554,5.300000000000001,37.9906273624357,2023,7,186,3,5,-0.4999999999999997,-0.8660254037844388,-0.05802556932878035,-0.9983150972033183,Dry Season,0,6,3,1.7182795698924733
2023-07-06,96853,YO,DI Yogyakarta,25.5,29.9,27.3,81.0,1.7182795698924733,5.5,,1012.0,,Yogyakarta (Adisutjipto),DI Yogyakarta,DI Yogyakarta,1.5277777777777777,4.399999999999999,37.64102166340455,2023,7,187,3,6,-0.4999999999999997,-0.8660254037844388,-0.07518957641475855,-0.9971692572470178,Dry Season,0,6,3,1.7182795698924733
2023-07-07,96853,YO,DI Yogyakarta,25.1,28.9,26.8,83.0,1.7182795698924733,5.2,,1012.9,,Yogyakarta (Adisutjipto),DI Yogyakarta,DI Yogyakarta,1.4444444444444444,3.799999999999997,35.11111500655125,2023,7,188,3,7,-0.4999999999999997,-0.8660254037844388,-0.09233133369539122,-0.9957283388645872,Dry Season,0,6,3,1.7182795698924733
2023-07-08,96853,YO,DI Yogyakarta,24.9,29.1,26.9,82.0,1.7182795698924733,5.3,,1013.0,,Yogyakarta (Adisutjipto),DI Yogyakarta,DI Yogyakarta,1.472222222222222,4.200000000000003,35.47564359777568,2023,7,189,3,8,-0.4999999999999997,-0.8660254037844388,-0.10944576864891556,-0.993992768446958,Dry Season,0,6,3,1.7182795698924733
2023-07-09,96853,YO,DI Yogyakarta,24.9,31.1,27.8,78.0,1.7182795698924733,6.7,,1011.2,,Yogyakarta (Adisutjipto),DI Yogyakarta,DI Yogyakarta,1.8611111111111112,6.200000000000003,40.50104811471791,2023,7,190,3,9,-0.4999999999999997,-0.8660254037844388,-0.12652781683868314,-0.9919630595773397,Dry Season,0,6,3,1.7182795698924733
2023-07-10,96853,YO,DI Yogyakarta,25.1,31.2,28.2,74.0,1.7182795698924733,7.6,,1011.2,,Yogyakarta (Adisutjipto),DI Yogyakarta,DI Yogyakarta,2.111111111111111,6.099999999999998,39.4399276395912,2023,7,191,3,10,-0.4999999999999997,-0.8660254037844388,-0.1435724234118113,-0.9896398128792412,Dry Season,0,6,3,1.7182795698924733
2023-07-11,96853,YO,DI Yogyakarta,25.4,30.9,28.0,74.0,1.7182795698924733,7.3,,1012.0,,Yogyakarta (Adisutjipto),DI Yogyakarta,DI Yogyakarta,2.0277777777777777,5.5,38.55408989613113,2023,7,192,3,11,-0.4999999999999997,-0.8660254037844388,-0.16057454459499376,-0.9870237158387383,Dry Season,0,6,3,1.7182795698924733
2023-07-12,96853,YO,DI Yogyakarta,24.9,30.2,27.6,71.0,1.7182795698924733,6.8,,1012.8,,Yogyakarta (Adisutjipto),DI Yogyakarta,DI Yogyakarta,1.8888888888888888,5.300000000000001,35.78580557441782,2023,7,193,3,12,-0.4999999999999997,-0.8660254037844388,-0.17752914918703497,-0.984115542601034,Dry Season,0,6,3,1.7182795698924733
2023-07-13,96853,YO,DI Yogyakarta,25.1,29.9,27.5,73.0,1.7182795698924733,6.2,,1012.7,,Yogyakarta (Adisutjipto),DI Yogyakarta,DI Yogyakarta,1.7222222222222223,4.799999999999997,35.52215639019566,2023,7,194,3,13,-0.4999999999999997,-0.8660254037844388,-0.19443122004766195,-0.9809161537413774,Dry Season,0,6,3,1.7182795698924733
2023-07-14,96853,YO,DI Yogyakarta,25.6,29.1,27.2,78.0,1.7182795698924733,5.8,,1013.0,,Yogyakarta (Adisutjipto),DI Yogyakarta,DI Yogyakarta,1.611111111111111,3.5,34.57990708911788,2023,7,195,3,14,-0.4999999999999997,-0.8660254037844388,-0.2112757555821793,-0.9774264960104055,Dry Season,0,6,3,1.7182795698924733
2023-07-15,96853,YO,DI Yogyakarta,24.7,29.8,27.3,77.0,1.7182795698924733,5.3,,1012.5,,Yogyakarta (Adisutjipto),DI Yogyakarta,DI Yogyakarta,1.472222222222222,5.100000000000001,36.265949824124455,2023,7,196,3,15,-0.4999999999999997,-0.8660254037844388,-0.2280577712215198,-0.9736476020539838,Dry Season,0,6,3,1.7182795698924733
2023-07-16,96853,YO,DI Yogyakarta,25.1,30.2,27.4,75.0,1.7182795698924733,6.4,,1012.3,,Yogyakarta (Adisutjipto),DI Yogyakarta,DI Yogyakarta,1.777777777777778,5.099999999999998,36.85274227735128,2023,7,197,3,16,-0.4999999999999997,-0.8660254037844388,-0.24477230089725957,-0.9695805901076308,Dry Season,0,6,3,1.7182795698924733
2023-07-17,96853,YO,DI Yogyakarta,24.4,30.7,27.4,71.0,1.7182795698924733,8.0,,1012.0,,Yogyakarta (Adisutjipto),DI Yogyakarta,DI Yogyakarta,2.2222222222222223,6.300000000000001,37.08994587161781,2023,7,198,3,17,-0.4999999999999997,-0.8660254037844388,-0.2614143985111562,-0.965226663665613,Dry Season,0,6,3,1.7182795698924733
2023-07-18,96853,YO,DI Yogyakarta,24.1,30.7,27.4,73.0,1.7182795698924733,7.2,,1011.8,,Yogyakarta (Adisutjipto),DI Yogyakarta,DI Yogyakarta,2.0,6.599999999999998,37.67617763691572,2023,7,199,3,18,-0.4999999999999997,-0.8660254037844388,-0.2779791393987801,-0.9605871111248129,Dry Season,0,6,3,1.7182795698924733
2023-07-19,96853,YO,DI Yogyakarta,24.6,30.6,27.5,70.0,1.7182795698924733,7.9,,1012.0,,Yogyakarta (Adisutjipto),DI Yogyakarta,DI Yogyakarta,2.1944444444444446,6.0,36.54442686211558,2023,7,200,3,19,-0.4999999999999997,-0.8660254037844388,-0.2944616217868012,-0.9556633054034704,Dry Season,0,6,3,1.7182795698924733
2023-07-20,96853,YO,DI Yogyakarta,23.8,30.4,27.2,69.0,1.7182795698924733,7.6,,1012.0,,Yogyakarta (Adisutjipto),DI Yogyakarta,DI Yogyakarta,2.111111111111111,6.599999999999998,35.769363055697866,2023,7,201,3,20,-0.4999999999999997,-0.8660254037844388,-0.3108569682435036,-0.9504567035349151,Dry Season,0,6,3,1.7182795698924733
2023-07-21,96853,YO,DI Yogyakarta,24.7,30.0,27.2,72.0,1.7182795698924733,6.9,,1013.7,,Yogyakarta (Adisutjipto),DI Yogyakarta,DI Yogyakarta,1.9166666666666667,5.300000000000001,35.52997874444458,2023,7,202,3,21,-0.4999999999999997,-0.8660254037844388,-0.3271603271220951,-0.9449688462364056,Dry Season,0,6,3,1.7182795698924733
2023-07-22,96853,YO,DI Yogyakarta,24.4,30.8,27.5,71.0,1.7182795698924733,7.7,,1013.7,,Yogyakarta (Adisutjipto),DI Yogyakarta,DI Yogyakarta,2.138888888888889,6.400000000000002,37.358374012017684,2023,7,203,3,22,-0.4999999999999997,-0.8660254037844388,-0.34336687399638804,-0.939201357453208,Dry Season,0,6,3,1.7182795698924733
2023-07-23,96853,YO,DI Yogyakarta,25.0,31.1,27.9,70.0,1.7182795698924733,7.1,,1012.9,,Yogyakarta (Adisutjipto),DI Yogyakarta,DI Yogyakarta,1.972222222222222,6.100000000000001,37.868496691215604,2023,7,204,3,23,-0.4999999999999997,-0.8660254037844388,-0.3594718130884232,-0.9331559438780432,Dry Season,0,6,3,1.7182795698924733
2023-07-24,96853,YO,DI Yogyakarta,24.9,30.3,27.6,72.0,1.7182795698924733,6.2,,1012.4,,Yogyakarta (Adisutjipto),DI Yogyakarta,DI Yogyakarta,1.7222222222222223,5.400000000000002,36.30769416242454,2023,7,205,3,24,-0.4999999999999997,-0.8660254037844388,-0.3754703786876202,-0.9268343944460494,Dry Season,0,6,3,1.7182795698924733
2023-07-25,96853,YO,DI Yogyakarta,24.8,30.6,27.7,74.0,1.7182795698924733,6.9,,1012.6,,Yogyakarta (Adisutjipto),DI Yogyakarta,DI Yogyakarta,1.9166666666666667,5.800000000000001,37.69196626023109,2023,7,206,3,25,-0.4999999999999997,-0.8660254037844388,-0.3913578365610259,-0.9202385798054075,Dry Season,0,6,3,1.7182795698924733
2023-07-26,96853,YO,DI Yogyakarta,25.1,30.9,27.7,70.0,1.7182795698924733,7.2,,1013.7,,Yogyakarta (Adisutjipto),DI Yogyakarta,DI Yogyakarta,2.0,5.799999999999997,37.33137107881567,2023,7,207,3,26,-0.4999999999999997,-0.8660254037844388,-0.4071294853542516,-0.9133704517637858,Dry Season,0,6,3,1.7182795698924733
2023-07-27,96853,YO,DI Yogyakarta,24.4,30.7,27.1,70.0,1.7182795698924733,6.4,,1013.9,,Yogyakarta (Adisutjipto),DI Yogyakarta,DI Yogyakarta,1.777777777777778,6.300000000000001,36.80424237409573,2023,7,208,3,27,-0.4999999999999997,-0.8660254037844388,-0.4227806579826773,-0.9062320427107697,Dry Season,0,6,3,1.7182795698924733
2023-07-28,96853,YO,DI Yogyakarta,24.4,31.0,27.3,68.0,1.7182795698924733,7.5,,1013.2,,Yogyakarta (Adisutjipto),DI Yogyakarta,DI Yogyakarta,2.0833333333333335,6.600000000000001,37.006124848444564,2023,7,209,3,28,-0.4999999999999997,-0.8660254037844388,-0.4383067230125192,-0.898825465016444,Dry Season,0,6,3,1.7182795698924733
2023-07-29,96853,YO,DI Yogyakarta,24.1,31.2,27.4,67.0,1.7182795698924733,8.0,,1013.3,,Yogyakarta (Adisutjipto),DI Yogyakarta,DI Yogyakarta,2.2222222222222223,7.099999999999998,37.22364476643568,2023,7,210,3,29,-0.4999999999999997,-0.8660254037844388,-0.45370308603134424,-0.8911529104063088,Dry Season,0,6,3,1.7182795698924733
2023-07-30,96853,YO,DI Yogyakarta,24.2,30.6,27.3,67.0,1.7182795698924733,8.2,,1013.4,,Yogyakarta (Adisutjipto),DI Yogyakarta,DI Yogyakarta,2.2777777777777777,6.400000000000002,35.73459665427562,2023,7,211,3,30,-0.4999999999999997,-0.8660254037844388,-0.46896519100763184,-0.8832166493127127,Dry Season,0,6,3,1.7182795698924733
2023-07-31,96853,YO,DI Yogyakarta,24.4,30.9,27.5,69.0,1.7182795698924733,7.2,,1012.8,,Yogyakarta (Adisutjipto),DI Yogyakarta,DI Yogyakarta,2.0,6.5,37.038550158497905,2023,7,212,3,31,-0.4999999999999997,-0.8660254037844388,-0.48408852163897587,-0.8750190302029955,Dry Season,0,6,3,1.7182795698924733
2023-08-01,96853,YO,DI Yogyakarta,24.6,31.7,27.9,72.0,0.4075268817204301,7.6,,1012.4,,Yogyakarta (Adisutjipto),DI Yogyakarta,DI Yogyakarta,2.111111111111111,7.099999999999998,40.242547482024555,2023,8,213,3,1,-0.8660254037844385,-0.5000000000000004,-0.4990686026885319,-0.8665624788845385,Dry Season,0,6,3,0.4075268817204301
2023-08-02,96853,YO,DI Yogyakarta,25.0,31.2,28.0,74.0,0.4075268817204301,6.9,,1013.3,,Yogyakarta (Adisutjipto),DI Yogyakarta,DI Yogyakarta,1.9166666666666667,6.199999999999999,39.4399276395912,2023,8,214,3,2,-0.8660254037844385,-0.5000000000000004,-0.5139010013093103,-0.8578494977869301,Dry Season,0,6,3,0.4075268817204301
2023-08-03,96853,YO,DI Yogyakarta,25.5,30.9,27.9,76.0,0.4075268817204301,6.3,,1014.3,,Yogyakarta (Adisutjipto),DI Yogyakarta,DI Yogyakarta,1.75,5.399999999999999,39.19631038641551,2023,8,215,3,3,-0.8660254037844385,-0.5000000000000004,-0.5285813283559292,-0.8488826652214553,Dry Season,0,6,3,0.4075268817204301
2023-08-04,96853,YO,DI Yogyakarta,25.5,30.9,28.0,72.0,0.4075268817204301,7.5,,1015.5,,Yogyakarta (Adisutjipto),DI Yogyakarta,DI Yogyakarta,2.0833333333333335,5.399999999999999,37.93244346026456,2023,8,216,3,4,-0.8660254037844385,-0.5000000000000004,-0.5431052396834317,-0.8396646346181327,Dry Season,0,6,3,0.4075268817204301
2023-08-05,96853,YO,DI Yogyakarta,25.1,31.4,28.0,71.0,0.4075268817204301,6.7,,1015.0,,Yogyakarta (Adisutjipto),DI Yogyakarta,DI Yogyakarta,1.8611111111111112,6.299999999999997,39.02214342113768,2023,8,217,3,5,-0.8660254037844385,-0.5000000000000004,-0.5574684374327892,-0.8301981337405212,Dry Season,0,6,3,0.4075268817204301
2023-08-06,96853,YO,DI Yogyakarta,25.5,30.6,27.9,74.0,0.4075268817204301,6.2,,1014.1,,Yogyakarta (Adisutjipto),DI Yogyakarta,DI Yogyakarta,1.7222222222222223,5.100000000000001,37.69196626023109,2023,8,218,3,6,-0.8660254037844385,-0.5000000000000004,-0.5716666713027052,-0.8204859638785327,Dry Season,0,6,3,0.4075268817204301
2023-08-07,96853,YO,DI Yogyakarta,25.3,31.1,27.9,73.0,0.4075268817204301,7.3,,1013.1,,Yogyakarta (Adisutjipto),DI Yogyakarta,DI Yogyakarta,2.0277777777777777,5.800000000000001,38.81561699499562,2023,8,219,3,7,-0.8660254037844385,-0.5000000000000004,-0.5856957398073508,-0.8105309990194823,Dry Season,0,6,3,0.4075268817204301
2023-08-08,96853,YO,DI Yogyakarta,25.1,31.2,27.9,71.0,0.4075268817204301,8.3,,1013.2,,Yogyakarta (Adisutjipto),DI Yogyakarta,DI Yogyakarta,2.305555555555556,6.099999999999998,38.45742017681789,2023,8,220,3,8,-0.8660254037844385,-0.5000000000000004,-0.5995514915196489,-0.8003361849976323,Dry Season,0,6,3,0.4075268817204301
2023-08-09,96853,YO,DI Yogyakarta,24.9,31.3,27.9,69.0,0.4075268817204301,8.7,,1014.1,,Yogyakarta (Adisutjipto),DI Yogyakarta,DI Yogyakarta,2.4166666666666665,6.400000000000002,38.09826894505785,2023,8,221,3,9,-0.8660254037844385,-0.5000000000000004,-0.6132298262997502,-0.7899045386224707,Dry Season,0,6,3,0.4075268817204301
2023-08-10,96853,YO,DI Yogyakarta,24.7,31.5,27.7,68.0,0.4075268817204301,7.8,,1014.1,,Yogyakarta (Adisutjipto),DI Yogyakarta,DI Yogyakarta,2.1666666666666665,6.800000000000001,38.31884328594456,2023,8,222,3,10,-0.8660254037844385,-0.5000000000000004,-0.6267266965083301,-0.7792391467859886,Dry Season,0,6,3,0.4075268817204301
2023-08-11,96853,YO,DI Yogyakarta,24.1,31.1,27.3,68.0,0.4075268817204301,6.9,,1014.1,,Yogyakarta (Adisutjipto),DI Yogyakarta,DI Yogyakarta,1.9166666666666667,7.0,37.263807475384425,2023,8,223,3,11,-0.8660254037844385,-0.5000000000000004,-0.6400381082043503,-0.7683431655492202,Dry Season,0,6,3,0.4075268817204301
2023-08-12,96853,YO,DI Yogyakarta,23.8,31.1,27.2,69.0,0.4075268817204301,6.9,,1013.1,,Yogyakarta (Adisutjipto),DI Yogyakarta,DI Yogyakarta,1.9166666666666667,7.300000000000001,37.56347965129794,2023,8,224,3,12,-0.8660254037844385,-0.5000000000000004,-0.65316012232693,-0.7572198192083127,Dry Season,0,6,3,0.4075268817204301
2023-08-13,96853,YO,DI Yogyakarta,24.3,31.0,27.4,70.0,0.4075268817204301,6.9,,1012.9,,Yogyakarta (Adisutjipto),DI Yogyakarta,DI Yogyakarta,1.9166666666666667,6.699999999999999,37.598684271555726,2023,8,225,3,13,-0.8660254037844385,-0.5000000000000004,-0.666088855860977,-0.7458723993404063,Dry Season,0,6,3,0.4075268817204301
2023-08-14,96853,YO,DI Yogyakarta,24.6,31.4,27.7,68.0,0.4075268817204301,7.6,,1013.0,,Yogyakarta (Adisutjipto),DI Yogyakarta,DI Yogyakarta,2.111111111111111,6.799999999999997,38.051438537884536,2023,8,226,3,14,-0.8660254037844385,-0.5000000000000004,-0.6788204829862355,-0.734304263829602,Dry Season,0,6,3,0.4075268817204301
2023-08-15,96853,YO,DI Yogyakarta,24.9,31.2,27.8,69.0,0.4075268817204301,7.2,,1013.9,,Yogyakarta (Adisutjipto),DI Yogyakarta,DI Yogyakarta,2.0,6.300000000000001,37.829641823057976,2023,8,227,3,15,-0.8660254037844385,-0.5000000000000004,-0.6913512362094071,-0.722518835873311,Dry Season,0,6,3,0.4075268817204301
2023-08-16,96853,YO,DI Yogyakarta,25.0,31.6,28.0,68.0,0.4075268817204301,7.8,,1014.1,,Yogyakarta (Adisutjipto),DI Yogyakarta,DI Yogyakarta,2.1666666666666665,6.600000000000001,38.58867856428444,2023,8,228,3,16,-0.8660254037844385,-0.5000000000000004,-0.7036774074790128,-0.7105196029692745,Dry Season,0,6,3,0.4075268817204301
2023-08-17,96853,YO,DI Yogyakarta,25.0,30.2,27.4,68.0,0.4075268817204301,7.5,,1013.8,,Yogyakarta (Adisutjipto),DI Yogyakarta,DI Yogyakarta,2.0833333333333335,5.199999999999999,35.03216292300459,2023,8,229,3,17,-0.8660254037844385,-0.5000000000000004,-0.7157953492826642,-0.6983101158835584,Dry Season,0,6,3,0.4075268817204301
2023-08-18,96853,YO,DI Yogyakarta,24.9,29.8,27.1,69.0,0.4075268817204301,6.5,,1013.1,,Yogyakarta (Adisutjipto),DI Yogyakarta,DI Yogyakarta,1.8055555555555556,4.900000000000002,34.327681890257786,2023,8,230,3,18,-0.8660254037844385,-0.5000000000000004,-0.7277014757264236,-0.6858939875998223,Dry Season,0,6,3,0.4075268817204301
2023-08-19,96853,YO,DI Yogyakarta,24.6,30.9,27.5,71.0,0.4075268817204301,7.5,,1012.4,,Yogyakarta (Adisutjipto),DI Yogyakarta,DI Yogyakarta,2.0833333333333335,6.299999999999997,37.6293355127379,2023,8,231,3,19,-0.8660254037844385,-0.5000000000000004,-0.7393922635959241,-0.673274892250183,Dry Season,0,6,3,0.4075268817204301
2023-08-20,96853,YO,DI Yogyakarta,25.0,31.4,27.9,70.0,0.4075268817204301,7.4,,1012.7,,Yogyakarta (Adisutjipto),DI Yogyakarta,DI Yogyakarta,2.055555555555556,6.399999999999999,38.692929311715645,2023,8,232,3,20,-0.8660254037844385,-0.5000000000000004,-0.7508642533989489,-0.6604565640279754,Dry Season,0,6,3,0.4075268817204301
2023-08-21,96853,YO,DI Yogyakarta,25.0,31.4,28.0,69.0,0.4075268817204301,7.9,,1012.5,,Yogyakarta (Adisutjipto),DI Yogyakarta,DI Yogyakarta,2.1944444444444446,6.399999999999999,38.36936101729784,2023,8,233,3,21,-0.8660254037844385,-0.5000000000000004,-0.7621140503891487,-0.6474427960827475,Dry Season,0,6,3,0.4075268817204301
2023-08-22,96853,YO,DI Yogyakarta,25.3,31.7,28.2,68.0,0.4075268817204301,8.0,,1012.1,,Yogyakarta (Adisutjipto),DI Yogyakarta,DI Yogyakarta,2.2222222222222223,6.399999999999999,38.86094437290459,2023,8,234,3,22,-0.8660254037844385,-0.5000000000000004,-0.7731383255706026,-0.6342374393978054,Dry Season,0,6,3,0.4075268817204301
2023-08-23,96853,YO,DI Yogyakarta,25.4,31.6,28.1,66.0,0.4075268817204301,7.8,,1012.7,,Yogyakarta (Adisutjipto),DI Yogyakarta,DI Yogyakarta,2.1666666666666665,6.200000000000003,37.945692865671106,2023,8,235,3,23,-0.8660254037844385,-0.5000000000000004,-0.7839338166829201,-0.620844401650647,Dry Season,0,6,3,0.4075268817204301
2023-08-24,96853,YO,DI Yogyakarta,25.0,31.1,27.9,68.0,0.4075268817204301,7.9,,1012.2,,Yogyakarta (Adisutjipto),DI Yogyakarta,DI Yogyakarta,2.1944444444444446,6.100000000000001,37.263807475384425,2023,8,236,3,24,-0.8660254037844385,-0.5000000000000004,-0.7944973291665992,-0.6072676460566135,Dry Season,0,6,3,0.4075268817204301
2023-08-25,96853,YO,DI Yogyakarta,25.1,31.2,28.0,71.0,0.4075268817204301,7.0,,1012.3,,Yogyakarta (Adisutjipto),DI Yogyakarta,DI Yogyakarta,1.9444444444444444,6.099999999999998,38.45742017681789,2023,8,237,3,25,-0.8660254037844385,-0.5000000000000004,-0.8048257371083452,-0.593511190196115,Dry Season,0,6,3,0.4075268817204301
2023-08-26,96853,YO,DI Yogyakarta,25.3,30.6,27.8,72.0,0.4075268817204301,6.8,,1012.2,,Yogyakarta (Adisutjipto),DI Yogyakarta,DI Yogyakarta,1.8888888888888888,5.300000000000001,37.10851573436451,2023,8,238,3,26,-0.8660254037844385,-0.5000000000000004,-0.8149159841660791,-0.5795791048257612,Dry Season,0,6,3,0.4075268817204301
2023-08-27,96853,YO,DI Yogyakarta,25.4,30.2,27.6,70.0,0.4075268817204301,6.3,,1012.2,,Yogyakarta (Adisutjipto),DI Yogyakarta,DI Yogyakarta,1.75,4.800000000000001,35.53015708339572,2023,8,239,3,27,-0.8660254037844385,-0.5000000000000004,-0.8247650844733614,-0.5654755126737576,Dry Season,0,6,3,0.4075268817204301
2023-08-28,96853,YO,DI Yogyakarta,24.6,31.0,27.6,69.0,0.4075268817204301,6.9,,1011.9,,Yogyakarta (Adisutjipto),DI Yogyakarta,DI Yogyakarta,1.9166666666666667,6.399999999999999,37.299782429778006,2023,8,240,3,28,-0.8660254037844385,-0.5000000000000004,-0.8343701235229538,-0.5512045872199277,Dry Season,0,6,3,0.4075268817204301
2023-08-29,96853,YO,DI Yogyakarta,24.8,31.9,28.1,65.0,0.4075268817204301,8.0,,1011.6,,Yogyakarta (Adisutjipto),DI Yogyakarta,DI Yogyakarta,2.2222222222222223,7.099999999999998,38.402550634071126,2023,8,241,3,29,-0.8660254037844385,-0.5000000000000004,-0.8437282590292712,-0.5367705514607103,Dry Season,0,6,3,0.4075268817204301
2023-08-30,96853,YO,DI Yogyakarta,24.9,32.2,28.3,65.0,0.4075268817204301,7.8,,1011.8,,Yogyakarta (Adisutjipto),DI Yogyakarta,DI Yogyakarta,2.1666666666666665,7.300000000000004,39.193070349351224,2023,8,242,3,30,-0.8660254037844385,-0.5000000000000004,-0.8528367217694595,-0.522177676659508,Dry Season,0,6,3,0.4075268817204301
2023-08-31,96853,YO,DI Yogyakarta,25.2,31.3,27.9,68.0,0.4075268817204301,7.7,,1013.0,,Yogyakarta (Adisutjipto),DI Yogyakarta,DI Yogyakarta,2.138888888888889,6.100000000000001,37.78646432010447,2023,8,243,3,31,-0.8660254037844385,-0.5000000000000004,-0.8616928164028522,-0.5074302810827518,Dry Season,0,6,3,0.4075268817204301
2023-09-01,96853,YO,DI Yogyakarta,24.8,31.3,27.8,66.0,0.5011111111111112,7.8,,1013.3,,Yogyakarta (Adisutjipto),DI Yogyakarta,DI Yogyakarta,2.1666666666666665,6.5,37.179491994051155,2023,9,244,3,1,-1.0,-1.8369701987210297e-16,-0.8702939222685674,-0.49253272872205434,Dry Season,0,6,3,0.5011111111111112
2023-09-02,96853,YO,DI Yogyakarta,24.4,30.9,27.5,65.0,0.5011111111111112,7.2,,1012.4,,Yogyakarta (Adisutjipto),DI Yogyakarta,DI Yogyakarta,2.0,6.5,35.91870161327116,2023,9,245,3,2,-1.0,-1.8369701987210297e-16,-0.8786374941610001,-0.4774894280028391,Dry Season,0,6,3,0.5011111111111112
2023-09-03,96853,YO,DI Yogyakarta,24.5,31.4,27.7,64.0,0.5011111111111112,7.6,,1012.2,,Yogyakarta (Adisutjipto),DI Yogyakarta,DI Yogyakarta,2.111111111111111,6.899999999999999,36.83620677027559,2023,9,246,3,3,-1.0,-1.8369701987210297e-16,-0.886721063082993,-0.46230483047981086,Dry Season,0,6,3,0.5011111111111112
2023-09-04,96853,YO,DI Yogyakarta,24.5,31.4,27.7,63.0,0.5011111111111112,7.9,,1011.3,,Yogyakarta (Adisutjipto),DI Yogyakarta,DI Yogyakarta,2.1944444444444446,6.899999999999999,36.5465133658845,2023,9,247,3,4,-1.0,-1.8369701987210297e-16,-0.8945422369764496,-0.4469834295196741,Dry Season,0,6,3,0.5011111111111112
2023-09-05,96853,YO,DI Yogyakarta,24.3,31.3,27.7,65.0,0.5011111111111112,7.3,,1012.1,,Yogyakarta (Adisutjipto),DI Yogyakarta,DI Yogyakarta,2.0277777777777777,7.0,36.88432429295104,2023,9,248,3,5,-1.0,-1.8369701987210297e-16,-0.9020987014301837,-0.43152975897147144,Dry Season,0,6,3,0.5011111111111112
2023-09-06,96853,YO,DI Yogyakarta,25.0,31.0,27.9,67.0,0.5011111111111112,7.8,,1013.2,,Yogyakarta (Adisutjipto),DI Yogyakarta,DI Yogyakarta,2.1666666666666665,6.0,36.717711527555835,2023,9,249,3,6,-1.0,-1.8369701987210297e-16,-0.9093882203647925,-0.4159483918249421,Dry Season,0,6,3,0.5011111111111112
2023-09-07,96853,YO,DI Yogyakarta,25.4,30.8,27.8,71.0,0.5011111111111112,6.9,,1013.5,,Yogyakarta (Adisutjipto),DI Yogyakarta,DI Yogyakarta,1.9166666666666667,5.400000000000002,37.358374012017684,2023,9,250,3,7,-1.0,-1.8369701987210297e-16,-0.9164086366943458,-0.4002439388573056,Dry Season,0,6,3,0.5011111111111112
2023-09-08,96853,YO,DI Yogyakarta,25.1,30.9,27.8,70.0,0.5011111111111112,7.3,,1013.2,,Yogyakarta (Adisutjipto),DI Yogyakarta,DI Yogyakarta,2.0277777777777777,5.799999999999997,37.33137107881567,2023,9,251,3,8,-1.0,-1.8369701987210297e-16,-0.9231578729647039,-0.38442104726885545,Dry Season,0,6,3,0.5011111111111112
2023-09-09,96853,YO,DI Yogyakarta,24.8,31.5,27.8,66.0,0.5011111111111112,7.2,,1012.7,,Yogyakarta (Adisutjipto),DI Yogyakarta,DI Yogyakarta,2.0,6.699999999999999,37.687931314611156,2023,9,252,3,9,-1.0,-1.8369701987210297e-16,-0.9296339319682695,-0.3684843993077793,Dry Season,0,6,3,0.5011111111111112
2023-09-10,96853,YO,DI Yogyakarta,24.5,31.1,27.6,67.0,0.5011111111111112,7.6,,1013.5,,Yogyakarta (Adisutjipto),DI Yogyakarta,DI Yogyakarta,2.111111111111111,6.600000000000001,36.96948016347562,2023,9,253,3,10,-1.0,-1.8369701987210297e-16,-0.9358348973349941,-0.35243871088460327,Dry Season,0,6,3,0.5011111111111112
2023-09-11,96853,YO,DI Yogyakarta,24.8,31.8,28.2,69.0,0.5011111111111112,7.7,,1013.0,,Yogyakarta (Adisutjipto),DI Yogyakarta,DI Yogyakarta,2.138888888888889,7.0,39.4783788086577,2023,9,254,3,11,-1.0,-1.8369701987210297e-16,-0.9417589340994617,-0.33628873017668287,Dry Season,0,6,3,0.5011111111111112
2023-09-12,96853,YO,DI Yogyakarta,25.6,32.2,28.6,70.0,0.5011111111111112,7.8,,1013.5,,Yogyakarta (Adisutjipto),DI Yogyakarta,DI Yogyakarta,2.1666666666666665,6.600000000000001,41.00138228419563,2023,9,255,3,12,-1.0,-1.8369701987210297e-16,-0.9474042892438845,-0.32003923622313857,Dry Season,0,6,3,0.5011111111111112
2023-09-13,96853,YO,DI Yogyakarta,25.4,31.6,28.2,70.0,0.5011111111111112,7.4,,1013.5,,Yogyakarta (Adisutjipto),DI Yogyakarta,DI Yogyakarta,2.055555555555556,6.200000000000003,39.255047193315654,2023,9,256,3,13,-1.0,-1.8369701987210297e-16,-0.9527692922168511,-0.30369503751065885,Dry Season,0,6,3,0.5011111111111112
2023-09-14,96853,YO,DI Yogyakarta,25.3,31.2,27.9,70.0,0.5011111111111112,8.2,,1013.6,,Yogyakarta (Adisutjipto),DI Yogyakarta,DI Yogyakarta,2.2777777777777777,5.899999999999999,38.14080833779555,2023,9,257,3,14,-1.0,-1.8369701987210297e-16,-0.9578523554276669,-0.28726097055059635,Dry Season,0,6,3,0.5011111111111112
2023-09-15,96853,YO,DI Yogyakarta,25.0,31.8,28.2,68.0,0.5011111111111112,8.4,,1013.1,,Yogyakarta (Adisutjipto),DI Yogyakarta,DI Yogyakarta,2.3333333333333335,6.800000000000001,39.13564071180441,2023,9,258,3,15,-1.0,-1.8369701987210297e-16,-0.9626519747161487,-0.2707418984477642,Dry Season,0,6,3,0.5011111111111112
2023-09-16,96853,YO,DI Yogyakarta,25.4,32.4,28.6,69.0,0.5011111111111112,8.2,,1012.5,,Yogyakarta (Adisutjipto),DI Yogyakarta,DI Yogyakarta,2.2777777777777777,7.0,41.21585400289785,2023,9,259,3,16,-1.0,-1.8369701987210297e-16,-0.9671667297977312,-0.2541427094613622,Dry Season,0,6,3,0.5011111111111112
2023-09-17,96853,YO,DI Yogyakarta,25.8,31.8,28.5,70.0,0.5011111111111112,7.6,,1012.3,,Yogyakarta (Adisutjipto),DI Yogyakarta,DI Yogyakarta,2.111111111111111,6.0,39.82716198259558,2023,9,260,3,17,-1.0,-1.8369701987210297e-16,-0.97139528468375,-0.23746831555846842,Dry Season,0,6,3,0.5011111111111112
2023-09-18,96853,YO,DI Yogyakarta,25.6,31.5,28.3,69.0,0.5011111111111112,6.9,,1012.3,,Yogyakarta (Adisutjipto),DI Yogyakarta,DI Yogyakarta,1.9166666666666667,5.899999999999999,38.642918039777946,2023,9,261,3,18,-1.0,-1.8369701987210297e-16,-0.9753363880767837,-0.2207236509605022,Dry Season,0,6,3,0.5011111111111112
2023-09-19,96853,YO,DI Yogyakarta,25.4,32.1,28.3,69.0,0.5011111111111112,7.3,,1012.2,,Yogyakarta (Adisutjipto),DI Yogyakarta,DI Yogyakarta,2.0277777777777777,6.700000000000003,40.336024129697776,2023,9,262,3,19,-1.0,-1.8369701987210297e-16,-0.9789888737409319,-0.20391367068311472,Dry Season,0,6,3,0.5011111111111112
2023-09-20,96853,YO,DI Yogyakarta,25.4,31.7,28.3,69.0,0.5011111111111112,7.2,,1012.0,,Yogyakarta (Adisutjipto),DI Yogyakarta,DI Yogyakarta,2.0,6.300000000000001,39.19742693545792,2023,9,263,3,20,-1.0,-1.8369701987210297e-16,-0.9823516608469237,-0.18704334906991657,Dry Season,0,6,3,0.5011111111111112
2023-09-21,96853,YO,DI Yogyakarta,25.3,32.4,28.5,67.0,0.5011111111111112,7.5,,1012.3,,Yogyakarta (Adisutjipto),DI Yogyakarta,DI Yogyakarta,2.0833333333333335,7.099999999999998,40.460505431075774,2023,9,264,3,21,-1.0,-1.8369701987210297e-16,-0.9854237542919524,-0.17011767832049052,Dry Season,0,6,3,0.5011111111111112
2023-09-22,96853,YO,DI Yogyakarta,25.1,31.9,28.2,66.0,0.5011111111111112,7.1,,1012.6,,Yogyakarta (Adisutjipto),DI Yogyakarta,DI Yogyakarta,1.972222222222222,6.799999999999997,38.73314508197115,2023,9,265,3,22,-1.0,-1.8369701987210297e-16,-0.9882042449941422,-0.15314166701312007,Dry Season,0,6,3,0.5011111111111112
2023-09-23,96853,YO,DI Yogyakarta,25.0,31.8,28.2,67.0,0.5011111111111112,7.2,,1012.4,,Yogyakarta (Adisutjipto),DI Yogyakarta,DI Yogyakarta,2.0,6.800000000000001,38.79894769203553,2023,9,266,3,23,-1.0,-1.8369701987210297e-16,-0.9906923101615609,-0.13612033862266704,Dry Season,0,6,3,0.5011111111111112
2023-09-24,96853,YO,DI Yogyakarta,25.3,32.8,28.7,68.0,0.5011111111111112,7.5,,1011.9,,Yogyakarta (Adisutjipto),DI Yogyakarta,DI Yogyakarta,2.0833333333333335,7.4999999999999964,42.016283266204475,2023,9,267,3,24,-1.0,-1.8369701987210297e-16,-0.9928872135356962,-0.11905873003404988,Dry Season,0,6,3,0.5011111111111112
2023-09-25,96853,YO,DI Yogyakarta,25.6,32.2,28.6,68.0,0.5011111111111112,7.4,,1012.3,,Yogyakarta (Adisutjipto),DI Yogyakarta,DI Yogyakarta,2.055555555555556,6.600000000000001,40.25873137020463,2023,9,268,3,25,-1.0,-1.8369701987210297e-16,-0.994788305609327,-0.10196189005174576,Dry Season,0,6,3,0.5011111111111112
2023-09-26,96853,YO,DI Yogyakarta,25.2,32.7,28.7,65.0,0.5011111111111112,7.7,,1012.2,,Yogyakarta (Adisutjipto),DI Yogyakarta,DI Yogyakarta,2.138888888888889,7.5000000000000036,40.55713142255119,2023,9,269,3,26,-1.0,-1.8369701987210297e-16,-0.9963950238187231,-0.08483487790576538,Dry Season,0,6,3,0.5011111111111112
2023-09-27,96853,YO,DI Yogyakarta,25.3,32.5,28.7,66.0,0.5011111111111112,8.0,,1012.4,,Yogyakarta (Adisutjipto),DI Yogyakarta,DI Yogyakarta,2.2222222222222223,7.199999999999999,40.37180354861125,2023,9,270,3,27,-1.0,-1.8369701987210297e-16,-0.9977068927101168,-0.06768276175455162,Dry Season,0,6,3,0.5011111111111112
2023-09-28,96853,YO,DI Yogyakarta,25.3,32.7,28.9,68.0,0.5011111111111112,6.9,,1012.4,,Yogyakarta (Adisutjipto),DI Yogyakarta,DI Yogyakarta,1.9166666666666667,7.400000000000002,41.71728162450457,2023,9,271,3,28,-1.0,-1.8369701987210297e-16,-0.9987235240803972,-0.050510617185222886,Dry Season,0,6,3,0.5011111111111112
2023-09-29,96853,YO,DI Yogyakarta,25.7,33.2,29.1,68.0,0.5011111111111112,7.1,,1013.3,,Yogyakarta (Adisutjipto),DI Yogyakarta,DI Yogyakarta,1.972222222222222,7.5000000000000036,43.23659513580451,2023,9,272,3,29,-1.0,-1.8369701987210297e-16,-0.9994446170919858,-0.033323525711631344,Dry Season,0,6,3,0.5011111111111112
2023-09-30,96853,YO,DI Yogyakarta,25.4,33.0,28.9,67.0,0.5011111111111112,7.3,,1013.5,,Yogyakarta (Adisutjipto),DI Yogyakarta,DI Yogyakarta,2.0277777777777777,7.600000000000001,42.20831798355553,2023,9,273,3,30,-1.0,-1.8369701987210297e-16,-0.9998699583618592,-0.016126573270657762,Dry Season,0,6,3,0.5011111111111112
2023-10-01,96853,YO,DI Yogyakarta,25.4,32.9,28.9,67.0,1.0827956989247312,7.3,,1013.2,,Yogyakarta (Adisutjipto),DI Yogyakarta,DI Yogyakarta,2.0277777777777777,7.5,41.91102597387572,2023,10,274,4,1,-0.8660254037844386,0.5000000000000001,-0.9999994220246925,0.001075151282798226,Transition,2,6,3,1.0827956989247312
2023-10-02,96853,YO,DI Yogyakarta,25.4,32.8,28.8,68.0,1.0827956989247312,7.0,,1013.7,,Yogyakarta (Adisutjipto),DI Yogyakarta,DI Yogyakarta,1.9444444444444444,7.399999999999999,42.016283266204475,2023,10,275,4,2,-0.8660254037844386,0.5000000000000001,-0.999832969770105,0.018276557681691223,Transition,2,6,3,1.0827956989247312
2023-10-03,96853,YO,DI Yogyakarta,25.5,32.4,28.7,71.0,1.0827956989247312,7.2,,1014.0,,Yogyakarta (Adisutjipto),DI Yogyakarta,DI Yogyakarta,2.0,6.899999999999999,41.99776126193785,2023,10,276,4,3,-0.8660254037844386,0.5000000000000001,-0.9993706508539969,0.03547255575312556,Transition,2,6,3,1.0827956989247312
2023-10-04,96853,YO,DI Yogyakarta,25.8,32.9,29.4,70.0,1.0827956989247312,8.9,,1013.2,,Yogyakarta (Adisutjipto),DI Yogyakarta,DI Yogyakarta,2.4722222222222223,7.099999999999998,43.15248804841567,2023,10,277,4,4,-0.8660254037844386,0.5000000000000001,-0.9986126020839734,0.052658056924614005,Transition,2,6,3,1.0827956989247312
2023-10-05,96853,YO,DI Yogyakarta,26.1,33.5,29.6,70.0,1.0827956989247312,8.5,,1012.2,,Yogyakarta (Adisutjipto),DI Yogyakarta,DI Yogyakarta,2.361111111111111,7.399999999999999,45.09376283905562,2023,10,278,4,5,-0.8660254037844386,0.5000000000000001,-0.9975590477788613,0.06982797572987089,Transition,2,6,3,1.0827956989247312
2023-10-06,96853,YO,DI Yogyakarta,26.4,33.4,29.8,69.0,1.0827956989247312,8.4,,1012.3,,Yogyakarta (Adisutjipto),DI Yogyakarta,DI Yogyakarta,2.3333333333333335,7.0,44.308842012497756,2023,10,279,4,6,-0.8660254037844386,0.5000000000000001,-0.9962102997023297,0.0869772313136861,Transition,2,6,3,1.0827956989247312
2023-10-07,96853,YO,DI Yogyakarta,26.4,33.5,29.7,68.0,1.0827956989247312,8.5,,1012.3,,Yogyakarta (Adisutjipto),DI Yogyakarta,DI Yogyakarta,2.361111111111111,7.100000000000001,44.177349605944634,2023,10,280,4,7,-0.8660254037844386,0.5000000000000001,-0.9945667569706337,0.1041007489354256,Transition,2,6,3,1.0827956989247312
2023-10-08,96853,YO,DI Yogyakarta,26.3,33.8,29.8,68.0,1.0827956989247312,7.6,,1012.9,,Yogyakarta (Adisutjipto),DI Yogyakarta,DI Yogyakarta,2.111111111111111,7.4999999999999964,45.13997884860459,2023,10,281,4,8,-0.8660254037844386,0.5000000000000001,-0.9926289059345095,0.121193461470736,Transition,2,6,3,1.0827956989247312
2023-10-09,96853,YO,DI Yogyakarta,26.1,34.2,30.0,66.0,1.0827956989247312,8.6,,1012.9,,Yogyakarta (Adisutjipto),DI Yogyakarta,DI Yogyakarta,2.388888888888889,8.100000000000001,45.47629563575119,2023,10,282,4,9,-0.8660254037844386,0.5000000000000001,-0.9903973200352558,0.1382503109109819,Transition,2,6,3,1.0827956989247312
2023-10-10,96853,YO,DI Yogyakarta,26.5,33.5,29.7,68.0,1.0827956989247312,8.2,,1012.9,,Yogyakarta (Adisutjipto),DI Yogyakarta,DI Yogyakarta,2.2777777777777777,7.0,44.177349605944634,2023,10,283,4,10,-0.8660254037844386,0.5000000000000001,-0.9878726596350429,0.15526624985999563,Transition,2,6,3,1.0827956989247312
2023-10-11,96853,YO,DI Yogyakarta,25.8,33.4,29.4,67.0,1.0827956989247312,7.0,,1012.7,,Yogyakarta (Adisutjipto),DI Yogyakarta,DI Yogyakarta,1.9444444444444444,7.599999999999998,43.42144569267552,2023,10,284,4,11,-0.8660254037844386,0.5000000000000001,-0.9850556718215013,0.172236243027682,Transition,2,6,3,1.0827956989247312
2023-10-12,96853,YO,DI Yogyakarta,25.7,33.3,29.3,67.0,1.0827956989247312,7.9,,1013.3,,Yogyakarta (Adisutjipto),DI Yogyakarta,DI Yogyakarta,2.1944444444444446,7.599999999999998,43.11456981483573,2023,10,285,4,12,-0.8660254037844386,0.5000000000000001,-0.981947190186646,0.18915526872004093,Transition,2,6,3,1.0827956989247312
2023-10-13,96853,YO,DI Yogyakarta,26.0,33.6,29.6,68.0,1.0827956989247312,7.3,,1013.1,,Yogyakarta (Adisutjipto),DI Yogyakarta,DI Yogyakarta,2.0277777777777777,7.600000000000001,44.49579548988439,2023,10,286,4,13,-0.8660254037844386,0.5000000000000001,-0.9785481345802031,0.20601832032517084,Transition,2,6,3,1.0827956989247312
2023-10-14,96853,YO,DI Yogyakarta,26.3,34.1,29.8,68.0,1.0827956989247312,8.2,,1012.3,,Yogyakarta (Adisutjipto),DI Yogyakarta,DI Yogyakarta,2.2777777777777777,7.800000000000001,46.1244828637845,2023,10,287,4,14,-0.8660254037844386,0.5000000000000001,-0.9748595108374125,0.22282040779479959,Transition,2,6,3,1.0827956989247312
2023-10-15,96853,YO,DI Yogyakarta,26.5,33.9,30.1,66.0,1.0827956989247312,8.6,,1011.9,,Yogyakarta (Adisutjipto),DI Yogyakarta,DI Yogyakarta,2.388888888888889,7.399999999999999,44.52591644357121,2023,10,288,4,15,-0.8660254037844386,0.5000000000000001,-0.9708824104813836,0.23955655912092708,Transition,2,6,3,1.0827956989247312
2023-10-16,96853,YO,DI Yogyakarta,26.7,33.6,30.0,68.0,1.0827956989247312,8.6,,1011.8,,Yogyakarta (Adisutjipto),DI Yogyakarta,DI Yogyakarta,2.388888888888889,6.900000000000002,44.49579548988439,2023,10,289,4,16,-0.8660254037844386,0.5000000000000001,-0.9666180104000972,0.2562218218071163,Transition,2,6,3,1.0827956989247312
2023-10-17,96853,YO,DI Yogyakarta,26.6,34.5,30.2,65.0,1.0827956989247312,9.1,,1012.0,,Yogyakarta (Adisutjipto),DI Yogyakarta,DI Yogyakarta,2.5277777777777777,7.899999999999999,45.94931830511106,2023,10,290,4,17,-0.8660254037844386,0.5000000000000001,-0.9620675724981452,0.27281126433401914,Transition,2,6,3,1.0827956989247312
2023-10-18,96853,YO,DI Yogyakarta,26.4,34.0,29.9,65.0,1.0827956989247312,8.1,,1012.6,,Yogyakarta (Adisutjipto),DI Yogyakarta,DI Yogyakarta,2.25,7.600000000000001,44.37588026711102,2023,10,291,4,18,-0.8660254037844386,0.5000000000000001,-0.957232443323312,0.28931997761869527,Transition,2,6,3,1.0827956989247312
2023-10-19,96853,YO,DI Yogyakarta,26.3,33.6,29.7,67.0,1.0827956989247312,8.2,,1012.6,,Yogyakarta (Adisutjipto),DI Yogyakarta,DI Yogyakarta,2.2777777777777777,7.300000000000001,44.04238534947557,2023,10,292,4,19,-0.8660254037844386,0.5000000000000001,-0.9521140536681102,0.3057430764672831,Transition,2,6,3,1.0827956989247312
2023-10-20,96853,YO,DI Yogyakarta,26.3,33.4,29.6,67.0,1.0827956989247312,8.6,,1012.6,,Yogyakarta (Adisutjipto),DI Yogyakarta,DI Yogyakarta,2.388888888888889,7.099999999999998,43.42144569267552,2023,10,293,4,20,-0.8660254037844386,0.5000000000000001,-0.9467139181463862,0.3220757010206104,Transition,2,6,3,1.0827956989247312
2023-10-21,96853,YO,DI Yogyakarta,26.3,32.8,29.3,68.0,1.0827956989247312,8.1,,1012.4,,Yogyakarta (Adisutjipto),DI Yogyakarta,DI Yogyakarta,2.25,6.4999999999999964,42.016283266204475,2023,10,294,4,21,-0.8660254037844386,0.5000000000000001,-0.9410336347451197,0.3383130181923076,Transition,2,6,3,1.0827956989247312
2023-10-22,96853,YO,DI Yogyakarta,26.2,32.9,29.4,68.0,1.0827956989247312,7.4,,1012.9,,Yogyakarta (Adisutjipto),DI Yogyakarta,DI Yogyakarta,2.055555555555556,6.699999999999999,42.31771543818453,2023,10,295,4,22,-0.8660254037844386,0.5000000000000001,-0.9350748843515574,0.3544502230989869,Transition,2,6,3,1.0827956989247312
2023-10-23,96853,YO,DI Yogyakarta,26.2,32.6,29.4,68.0,1.0827956989247312,7.0,,1012.5,,Yogyakarta (Adisutjipto),DI Yogyakarta,DI Yogyakarta,1.9444444444444444,6.400000000000002,41.42071051308451,2023,10,296,4,23,-0.8660254037844386,0.5000000000000001,-0.9288394302558068,0.3704825404820963,Transition,2,6,3,1.0827956989247312
2023-10-24,96853,YO,DI Yogyakarta,26.2,32.9,29.4,70.0,1.0827956989247312,7.2,,1012.5,,Yogyakarta (Adisutjipto),DI Yogyakarta,DI Yogyakarta,2.0,6.699999999999999,43.15248804841567,2023,10,297,4,24,-0.8660254037844386,0.5000000000000001,-0.9223291176290545,0.3864052261209853,Transition,2,6,3,1.0827956989247312
2023-10-25,96853,YO,DI Yogyakarta,26.5,33.8,29.8,70.0,1.0827956989247312,8.2,,1012.8,,Yogyakarta (Adisutjipto),DI Yogyakarta,DI Yogyakarta,2.2777777777777777,7.299999999999997,46.09813979779562,2023,10,298,4,25,-0.8660254037844386,0.5000000000000001,-0.9155458729775467,0.40221356823680365,Transition,2,6,3,1.0827956989247312
2023-10-26,96853,YO,DI Yogyakarta,26.3,33.5,29.7,69.0,1.0827956989247312,7.2,,1013.1,,Yogyakarta (Adisutjipto),DI Yogyakarta,DI Yogyakarta,2.0,7.199999999999999,44.631698039778,2023,10,299,4,26,-0.8660254037844386,0.5000000000000001,-0.9084917035725082,0.41790288888678667,Transition,2,6,3,1.0827956989247312
2023-10-27,96853,YO,DI Yogyakarta,26.4,34.4,30.0,66.0,1.0827956989247312,8.1,,1012.4,,Yogyakarta (Adisutjipto),DI Yogyakarta,DI Yogyakarta,2.25,8.0,46.121688066471215,2023,10,300,4,27,-0.8660254037844386,0.5000000000000001,-0.9011686968561569,0.4334685453485363,Transition,2,6,3,1.0827956989247312
2023-10-28,96853,YO,DI Yogyakarta,26.5,33.5,30.1,65.0,1.0827956989247312,8.1,,1012.1,,Yogyakarta (Adisutjipto),DI Yogyakarta,DI Yogyakarta,2.25,7.0,42.8606024971112,2023,10,301,4,28,-0.8660254037844386,0.5000000000000001,-0.8935790198239952,0.4489059314938798,Transition,2,6,3,1.0827956989247312
2023-10-29,96853,YO,DI Yogyakarta,26.7,33.9,30.0,66.0,1.0827956989247312,8.2,,1011.5,,Yogyakarta (Adisutjipto),DI Yogyakarta,DI Yogyakarta,2.2777777777777777,7.199999999999999,44.52591644357121,2023,10,302,4,29,-0.8660254037844386,0.5000000000000001,-0.8857249183835637,0.4642104791518923,Transition,2,6,3,1.0827956989247312
2023-10-30,96853,YO,DI Yogyakarta,26.8,33.6,30.0,67.0,1.0827956989247312,7.1,,1010.8,,Yogyakarta (Adisutjipto),DI Yogyakarta,DI Yogyakarta,1.972222222222222,6.800000000000001,44.04238534947557,2023,10,303,4,30,-0.8660254037844386,0.5000000000000001,-0.8776087166898392,0.4793776594606945,Transition,2,6,3,1.0827956989247312
2023-10-31,96853,YO,DI Yogyakarta,27.0,34.1,30.3,68.0,1.0827956989247312,6.9,,1010.8,,Yogyakarta (Adisutjipto),DI Yogyakarta,DI Yogyakarta,1.9166666666666667,7.100000000000001,46.1244828637845,2023,10,304,4,31,-0.8660254037844386,0.5000000000000001,-0.8692328164574792,0.49440298420761813,Transition,2,6,3,1.0827956989247312
2023-11-01,96853,YO,DI Yogyakarta,27.2,34.3,30.4,68.0,6.1211111111111105,7.3,,1011.3,,Yogyakarta (Adisutjipto),DI Yogyakarta,DI Yogyakarta,2.0277777777777777,7.099999999999998,46.79297152530468,2023,11,305,4,1,-0.5000000000000004,0.8660254037844384,-0.8605996962501181,0.5092820071573356,Rainy Season,1,6,3,6.1211111111111105
2023-11-02,96853,YO,DI Yogyakarta,27.1,34.6,30.8,66.0,6.1211111111111105,7.9,,1010.4,,Yogyakarta (Adisutjipto),DI Yogyakarta,DI Yogyakarta,2.1944444444444446,7.5,46.7765255392712,2023,11,306,4,2,-0.5000000000000004,0.8660254037844384,-0.8517119107469189,0.5240103253675756,Rainy Season,1,6,3,6.1211111111111105
2023-11-03,96853,YO,DI Yogyakarta,27.4,33.1,29.8,70.0,6.1211111111111105,6.8,,1010.2,,Yogyakarta (Adisutjipto),DI Yogyakarta,DI Yogyakarta,1.8888888888888888,5.700000000000003,43.789582737615625,2023,11,307,4,3,-0.5000000000000004,0.8660254037844384,-0.8425720899866032,0.5385835804920232,Rainy Season,1,6,3,6.1211111111111105
2023-11-04,96853,YO,DI Yogyakarta,26.8,33.5,29.8,71.0,6.1211111111111105,7.3,,1010.1,,Yogyakarta (Adisutjipto),DI Yogyakarta,DI Yogyakarta,2.0277777777777777,6.699999999999999,45.56354400377794,2023,11,308,4,4,-0.5000000000000004,0.8660254037844384,-0.8331829385891785,0.5529974600700271,Rainy Season,1,6,3,6.1211111111111105
2023-11-05,96853,YO,DI Yogyakarta,26.5,33.2,29.8,72.0,6.1211111111111105,6.6,,1010.7,,Yogyakarta (Adisutjipto),DI Yogyakarta,DI Yogyakarta,1.8333333333333333,6.700000000000003,45.01686047372453,2023,11,309,4,5,-0.5000000000000004,0.8660254037844384,-0.8235472349556007,0.5672476988027229,Rainy Season,1,6,3,6.1211111111111105
2023-11-06,96853,YO,DI Yogyakarta,26.7,33.8,30.1,70.0,6.1211111111111105,7.7,,1011.4,,Yogyakarta (Adisutjipto),DI Yogyakarta,DI Yogyakarta,2.138888888888889,7.099999999999998,46.09813979779562,2023,11,310,4,6,-0.5000000000000004,0.8660254037844384,-0.8136678304455991,0.5813300798152042,Rainy Season,1,6,3,6.1211111111111105
2023-11-07,96853,YO,DI Yogyakarta,27.1,33.8,30.2,69.0,6.1211111111111105,6.4,,1011.3,,Yogyakarta (Adisutjipto),DI Yogyakarta,DI Yogyakarta,1.777777777777778,6.699999999999996,45.61505582305791,2023,11,311,4,7,-0.5000000000000004,0.8660254037844384,-0.8035476485339116,0.5952404359043674,Rainy Season,1,6,3,6.1211111111111105
2023-11-08,96853,YO,DI Yogyakarta,27.1,33.7,30.3,69.0,6.1211111111111105,6.3,,1010.6,,Yogyakarta (Adisutjipto),DI Yogyakarta,DI Yogyakarta,1.75,6.600000000000001,45.28480494505786,2023,11,312,4,8,-0.5000000000000004,0.8660254037844384,-0.7931896839451843,0.6089746507720486,Rainy Season,1,6,3,6.1211111111111105
2023-11-09,96853,YO,DI Yogyakarta,27.2,33.5,30.1,69.0,6.1211111111111105,6.6,,1011.3,,Yogyakarta (Adisutjipto),DI Yogyakarta,DI Yogyakarta,1.8333333333333333,6.300000000000001,44.631698039778,2023,11,313,4,9,-0.5000000000000004,0.8660254037844384,-0.7825970017677834,0.6225286602431057,Rainy Season,1,6,3,6.1211111111111105
2023-11-10,96853,YO,DI Yogyakarta,26.6,33.1,29.6,71.0,6.1211111111111105,6.2,,1012.1,,Yogyakarta (Adisutjipto),DI Yogyakarta,DI Yogyakarta,1.7222222222222223,6.5,44.2314286895378,2023,11,314,4,10,-0.5000000000000004,0.8660254037844384,-0.7717727365467836,0.6358984534680745,Rainy Season,1,6,3,6.1211111111111105
2023-11-11,96853,YO,DI Yogyakarta,26.6,33.0,29.5,72.0,6.1211111111111105,6.5,,1012.1,,Yogyakarta (Adisutjipto),DI Yogyakarta,DI Yogyakarta,1.8055555555555556,6.399999999999999,44.346909852444576,2023,11,315,4,11,-0.5000000000000004,0.8660254037844384,-0.7607200913564104,0.6490800741100398,Rainy Season,1,6,3,6.1211111111111105
2023-11-12,96853,YO,DI Yogyakarta,26.7,32.3,29.5,72.0,6.1211111111111105,6.4,,1012.3,,Yogyakarta (Adisutjipto),DI Yogyakarta,DI Yogyakarta,1.777777777777778,5.599999999999998,42.082954216824376,2023,11,316,4,12,-0.5000000000000004,0.8660254037844384,-0.7494423368521954,0.6620696215153815,Rainy Season,1,6,3,6.1211111111111105
2023-11-13,96853,YO,DI Yogyakarta,26.8,32.5,29.5,74.0,6.1211111111111105,6.2,,1012.2,,Yogyakarta (Adisutjipto),DI Yogyakarta,DI Yogyakarta,1.7222222222222223,5.699999999999999,43.552587548611285,2023,11,317,4,13,-0.5000000000000004,0.8660254037844384,-0.7379428103031386,0.6748632518680403,Rainy Season,1,6,3,6.1211111111111105
2023-11-14,96853,YO,DI Yogyakarta,27.0,32.0,29.3,76.0,6.1211111111111105,6.2,,1011.7,,Yogyakarta (Adisutjipto),DI Yogyakarta,DI Yogyakarta,1.7222222222222223,5.0,42.70997213955573,2023,11,318,4,14,-0.5000000000000004,0.8660254037844384,-0.7262249146041543,0.6874571793269664,Rainy Season,1,6,3,6.1211111111111105
2023-11-15,96853,YO,DI Yogyakarta,26.8,31.2,28.8,78.0,6.1211111111111105,6.6,,1012.1,,Yogyakarta (Adisutjipto),DI Yogyakarta,DI Yogyakarta,1.8333333333333333,4.399999999999999,40.826172129937866,2023,11,319,4,15,-0.5000000000000004,0.8660254037844384,-0.7142921172691032,0.699847677146407,Rainy Season,1,6,3,6.1211111111111105
2023-11-16,96853,YO,DI Yogyakarta,26.7,31.6,29.0,76.0,6.1211111111111105,6.3,,1012.4,,Yogyakarta (Adisutjipto),DI Yogyakarta,DI Yogyakarta,1.75,4.900000000000002,41.39445066291547,2023,11,320,4,16,-0.5000000000000004,0.8660254037844384,-0.7021479494046978,0.7120310787787131,Rainy Season,1,6,3,6.1211111111111105
2023-11-17,96853,YO,DI Yogyakarta,26.7,32.6,29.7,72.0,6.1211111111111105,6.4,,1012.1,,Yogyakarta (Adisutjipto),DI Yogyakarta,DI Yogyakarta,1.777777777777778,5.900000000000002,43.03781681516444,2023,11,321,4,17,-0.5000000000000004,0.8660254037844384,-0.6897960046655887,0.7240037789593305,Rainy Season,1,6,3,6.1211111111111105
2023-11-18,96853,YO,DI Yogyakarta,26.7,32.9,29.7,70.0,6.1211111111111105,7.2,,1011.7,,Yogyakarta (Adisutjipto),DI Yogyakarta,DI Yogyakarta,2.0,6.199999999999999,43.15248804841567,2023,11,322,4,18,-0.5000000000000004,0.8660254037844384,-0.6772399381909491,0.7357622347736527,Rainy Season,1,6,3,6.1211111111111105
2023-11-19,96853,YO,DI Yogyakarta,26.7,32.3,29.4,72.0,6.1211111111111105,7.3,,1011.5,,Yogyakarta (Adisutjipto),DI Yogyakarta,DI Yogyakarta,2.0277777777777777,5.599999999999998,42.082954216824376,2023,11,323,4,19,-0.5000000000000004,0.8660254037844384,-0.6644834655228552,0.7473029667054296,Rainy Season,1,6,3,6.1211111111111105
2023-11-20,96853,YO,DI Yogyakarta,26.9,32.1,29.5,72.0,6.1211111111111105,7.4,,1011.5,,Yogyakarta (Adisutjipto),DI Yogyakarta,DI Yogyakarta,2.055555555555556,5.200000000000003,41.459215903464624,2023,11,324,4,20,-0.5000000000000004,0.8660254037844384,-0.6515303615068021,0.75862255966641,Rainy Season,1,6,3,6.1211111111111105
2023-11-21,96853,YO,DI Yogyakarta,27.1,33.0,30.0,70.0,6.1211111111111105,8.2,,1010.5,,Yogyakarta (Adisutjipto),DI Yogyakarta,DI Yogyakarta,2.2777777777777777,5.899999999999999,43.469785779555686,2023,11,325,4,21,-0.5000000000000004,0.8660254037844384,-0.6383844591746642,0.7697176640069211,Rainy Season,1,6,3,6.1211111111111105
2023-11-22,96853,YO,DI Yogyakarta,27.4,33.2,30.2,70.0,6.1211111111111105,8.5,,1009.6,,Yogyakarta (Adisutjipto),DI Yogyakarta,DI Yogyakarta,2.361111111111111,5.800000000000004,44.111878922595714,2023,11,326,4,22,-0.5000000000000004,0.8660254037844384,-0.6250496486104377,0.7805849965070866,Rainy Season,1,6,3,6.1211111111111105
2023-11-23,96853,YO,DI Yogyakarta,27.5,33.0,29.9,72.0,6.1211111111111105,8.0,,1009.0,,Yogyakarta (Adisutjipto),DI Yogyakarta,DI Yogyakarta,2.2222222222222223,5.5,44.346909852444576,2023,11,327,4,23,-0.5000000000000004,0.8660254037844384,-0.6115298757991053,0.7912213413483807,Rainy Season,1,6,3,6.1211111111111105
2023-11-24,96853,YO,DI Yogyakarta,27.2,31.9,29.2,76.0,6.1211111111111105,7.2,,1008.8,,Yogyakarta (Adisutjipto),DI Yogyakarta,DI Yogyakarta,2.0,4.699999999999999,42.37703895321571,2023,11,328,4,24,-0.5000000000000004,0.8660254037844384,-0.5978291414589552,0.801623551065242,Rainy Season,1,6,3,6.1211111111111105
2023-11-25,96853,YO,DI Yogyakarta,26.6,31.6,28.8,77.0,6.1211111111111105,6.7,,1009.5,,Yogyakarta (Adisutjipto),DI Yogyakarta,DI Yogyakarta,1.8611111111111112,5.0,41.771477971964465,2023,11,329,4,25,-0.5000000000000004,0.8660254037844384,-0.5839514998576998,0.8117885474764613,Rainy Season,1,6,3,6.1211111111111105
2023-11-26,96853,YO,DI Yogyakarta,26.4,32.3,29.2,74.0,6.1211111111111105,7.3,,1009.9,,Yogyakarta (Adisutjipto),DI Yogyakarta,DI Yogyakarta,2.0277777777777777,5.899999999999999,42.89088673029108,2023,11,330,4,26,-0.5000000000000004,0.8660254037844384,-0.5699010576127624,0.8217133225960589,Rainy Season,1,6,3,6.1211111111111105
2023-11-27,96853,YO,DI Yogyakarta,26.6,32.3,29.1,74.0,6.1211111111111105,7.4,,1009.6,,Yogyakarta (Adisutjipto),DI Yogyakarta,DI Yogyakarta,2.055555555555556,5.699999999999996,42.89088673029108,2023,11,331,4,27,-0.5000000000000004,0.8660254037844384,-0.5556819724760489,0.8313949395234058,Rainy Season,1,6,3,6.1211111111111105
2023-11-28,96853,YO,DI Yogyakarta,25.8,30.4,28.1,79.0,6.1211111111111105,6.9,,1009.9,,Yogyakarta (Adisutjipto),DI Yogyakarta,DI Yogyakarta,1.9166666666666667,4.599999999999998,38.60736104707568,2023,11,332,4,28,-0.5000000000000004,0.8660254037844384,-0.5412984521036173,0.8408305333122887,Rainy Season,1,6,3,6.1211111111111105
2023-11-29,96853,YO,DI Yogyakarta,26.1,30.9,28.3,78.0,6.1211111111111105,7.2,,1009.5,,Yogyakarta (Adisutjipto),DI Yogyakarta,DI Yogyakarta,2.0,4.799999999999997,39.85910493111784,2023,11,333,4,29,-0.5000000000000004,0.8660254037844384,-0.5267547528105542,0.8500173118187018,Rainy Season,1,6,3,6.1211111111111105
2023-11-30,96853,YO,DI Yogyakarta,26.3,30.9,28.3,80.0,6.1211111111111105,7.1,,1009.8,,Yogyakarta (Adisutjipto),DI Yogyakarta,DI Yogyakarta,1.972222222222222,4.599999999999998,40.5424735302379,2023,11,334,4,30,-0.5000000000000004,0.8660254037844384,-0.5120551783114646,0.8589525565270845,Rainy Season,1,6,3,6.1211111111111105
2023-12-01,96853,YO,DI Yogyakarta,26.0,28.9,27.2,86.0,5.810752688172043,7.5,,1010.4,,Yogyakarta (Adisutjipto),DI Yogyakarta,DI Yogyakarta,2.0833333333333335,2.8999999999999986,35.78574874850458,2023,12,335,4,1,-2.4492935982947064e-16,1.0,-0.4972040784469378,0.8676336233547726,Rainy Season,1,6,3,5.810752688172043
2023-12-02,96853,YO,DI Yogyakarta,25.7,29.6,27.6,83.0,5.810752688172043,7.2,,1010.0,,Yogyakarta (Adisutjipto),DI Yogyakarta,DI Yogyakarta,2.0,3.900000000000002,37.25096449735108,2023,12,336,4,2,-2.4492935982947064e-16,1.0,-0.4822058478963526,0.8760579434344281,Rainy Season,1,6,3,5.810752688172043
2023-12-03,96853,YO,DI Yogyakarta,25.3,30.3,27.7,81.0,5.810752688172043,6.9,,1010.4,,Yogyakarta (Adisutjipto),DI Yogyakarta,DI Yogyakarta,1.9166666666666667,5.0,38.90696047108438,2023,12,337,4,3,-2.4492935982947064e-16,1.0,-0.46706492487743034,0.8842230238742036,Rainy Season,1,6,3,5.810752688172043
2023-12-04,96853,YO,DI Yogyakarta,26.1,29.6,27.7,81.0,5.810752688172043,7.3,,1011.2,,Yogyakarta (Adisutjipto),DI Yogyakarta,DI Yogyakarta,2.0277777777777777,3.5,36.72166910380433,2023,12,338,4,4,-2.4492935982947064e-16,1.0,-0.451785789832884,0.8921264484954345,Rainy Season,1,6,3,5.810752688172043
2023-12-05,96853,YO,DI Yogyakarta,26.1,29.9,28.0,80.0,5.810752688172043,7.2,,1010.8,,Yogyakarta (Adisutjipto),DI Yogyakarta,DI Yogyakarta,2.0,3.799999999999997,37.361714927437816,2023,12,339,4,5,-2.4492935982947064e-16,1.0,-0.4363729641045924,0.8997658785476209,Rainy Season,1,6,3,5.810752688172043
2023-12-06,96853,YO,DI Yogyakarta,26.4,30.8,28.6,79.0,5.810752688172043,7.4,,1010.6,,Yogyakarta (Adisutjipto),DI Yogyakarta,DI Yogyakarta,2.055555555555556,4.400000000000002,39.874443649635566,2023,12,340,4,6,-2.4492935982947064e-16,1.0,-0.42083100859565564,0.9071390534005044,Rainy Season,1,6,3,5.810752688172043
2023-12-07,96853,YO,DI Yogyakarta,26.7,31.1,28.5,79.0,5.810752688172043,7.6,,1010.9,,Yogyakarta (Adisutjipto),DI Yogyakarta,DI Yogyakarta,2.111111111111111,4.400000000000002,40.85416893067567,2023,12,341,4,7,-2.4492935982947064e-16,1.0,-0.4051645224207563,0.9142437912130223,Rainy Season,1,6,3,5.810752688172043
2023-12-08,96853,YO,DI Yogyakarta,26.7,30.8,28.5,79.0,5.810752688172043,8.8,,1010.6,,Yogyakarta (Adisutjipto),DI Yogyakarta,DI Yogyakarta,2.4444444444444446,4.100000000000001,39.874443649635566,2023,12,342,4,8,-2.4492935982947064e-16,1.0,-0.3893781415452015,0.9210779895789526,Rainy Season,1,6,3,5.810752688172043
2023-12-09,96853,YO,DI Yogyakarta,26.4,31.4,28.8,77.0,5.810752688172043,8.2,,1010.2,,Yogyakarta (Adisutjipto),DI Yogyakarta,DI Yogyakarta,2.2777777777777777,5.0,41.11599019276452,2023,12,343,4,9,-2.4492935982947064e-16,1.0,-0.37347653741307074,0.9276396261490467,Rainy Season,1,6,3,5.810752688172043
2023-12-10,96853,YO,DI Yogyakarta,26.8,30.4,28.4,78.0,5.810752688172043,8.7,,1009.8,,Yogyakarta (Adisutjipto),DI Yogyakarta,DI Yogyakarta,2.4166666666666665,3.599999999999998,38.30269191201789,2023,12,344,4,10,-2.4492935982947064e-16,1.0,-0.3574644155648614,0.9339267592294762,Rainy Season,1,6,3,5.810752688172043
2023-12-11,96853,YO,DI Yogyakarta,26.2,31.6,28.7,76.0,5.810752688172043,8.3,,1009.6,,Yogyakarta (Adisutjipto),DI Yogyakarta,DI Yogyakarta,2.305555555555556,5.400000000000002,41.39445066291547,2023,12,345,4,11,-2.4492935982947064e-16,1.0,-0.34134651424503615,0.9399375283564133,Rainy Season,1,6,3,5.810752688172043
2023-12-12,96853,YO,DI Yogyakarta,26.1,32.8,29.0,75.0,5.810752688172043,8.7,,1009.5,,Yogyakarta (Adisutjipto),DI Yogyakarta,DI Yogyakarta,2.4166666666666665,6.699999999999996,45.01428628615114,2023,12,346,4,12,-2.4492935982947064e-16,1.0,-0.3251276029999093,0.9456701548465688,Rainy Season,1,6,3,5.810752688172043
2023-12-13,96853,YO,DI Yogyakarta,26.7,31.3,28.8,76.0,5.810752688172043,8.5,,1010.0,,Yogyakarta (Adisutjipto),DI Yogyakarta,DI Yogyakarta,2.361111111111111,4.600000000000001,40.43617927569566,2023,12,347,4,13,-2.4492935982947064e-16,1.0,-0.30881248126625377,0.9511229423235357,Rainy Season,1,6,3,5.810752688172043
2023-12-14,96853,YO,DI Yogyakarta,26.5,30.7,28.5,78.0,5.810752688172043,8.7,,1011.0,,Yogyakarta (Adisutjipto),DI Yogyakarta,DI Yogyakarta,2.4166666666666665,4.199999999999999,39.22823487663799,2023,12,348,4,14,-2.4492935982947064e-16,1.0,-0.29240597695107734,0.9562942772197719,Rainy Season,1,6,3,5.810752688172043
2023-12-15,96853,YO,DI Yogyakarta,26.4,32.8,29.4,72.0,5.810752688172043,9.0,,1010.7,,Yogyakarta (Adisutjipto),DI Yogyakarta,DI Yogyakarta,2.5,6.399999999999999,43.68722863292448,2023,12,349,4,15,-2.4492935982947064e-16,1.0,-0.27591294500296043,0.9611826292540837,Rainy Season,1,6,3,5.810752688172043
2023-12-16,96853,YO,DI Yogyakarta,26.8,33.1,29.5,72.0,5.810752688172043,8.4,,1010.1,,Yogyakarta (Adisutjipto),DI Yogyakarta,DI Yogyakarta,2.3333333333333335,6.300000000000001,44.68060148786443,2023,12,350,4,16,-2.4492935982947064e-16,1.0,-0.2593382659754056,0.9657865518844574,Rainy Season,1,6,3,5.810752688172043
2023-12-17,96853,YO,DI Yogyakarta,26.9,32.4,29.5,70.0,5.810752688172043,8.5,,1010.7,,Yogyakarta (Adisutjipto),DI Yogyakarta,DI Yogyakarta,2.361111111111111,5.5,41.603487796515644,2023,12,351,4,17,-2.4492935982947064e-16,1.0,-0.2426868445825954,0.9701046827361175,Rainy Season,1,6,3,5.810752688172043
2023-12-18,96853,YO,DI Yogyakarta,26.9,32.5,29.4,69.0,5.810752688172043,8.1,,1011.0,,Yogyakarta (Adisutjipto),DI Yogyakarta,DI Yogyakarta,2.25,5.600000000000001,41.51406052777788,2023,12,352,4,18,-2.4492935982947064e-16,1.0,-0.22596360824801906,0.974135744004672,Rainy Season,1,6,3,5.810752688172043
2023-12-19,96853,YO,DI Yogyakarta,26.6,33.3,29.1,69.0,5.810752688172043,8.0,,1011.6,,Yogyakarta (Adisutjipto),DI Yogyakarta,DI Yogyakarta,2.2222222222222223,6.699999999999996,43.98845093545786,2023,12,353,4,19,-2.4492935982947064e-16,1.0,-0.20917350564635637,0.9778785428342386,Rainy Season,1,6,3,5.810752688172043
2023-12-20,96853,YO,DI Yogyakarta,25.8,32.7,29.0,70.0,5.810752688172043,8.8,,1011.0,,Yogyakarta (Adisutjipto),DI Yogyakarta,DI Yogyakarta,2.4444444444444446,6.900000000000002,42.52539026689558,2023,12,354,4,20,-2.4492935982947064e-16,1.0,-0.19232150523909483,0.9813319716704275,Rainy Season,1,6,3,5.810752688172043
2023-12-21,96853,YO,DI Yogyakarta,25.7,33.3,29.0,72.0,5.810752688172043,7.8,,1010.8,,Yogyakarta (Adisutjipto),DI Yogyakarta,DI Yogyakarta,2.1666666666666665,7.599999999999998,45.35568681002462,2023,12,355,4,21,-2.4492935982947064e-16,1.0,-0.17541259380427843,0.9844950085880858,Rainy Season,1,6,3,5.810752688172043
2023-12-22,96853,YO,DI Yogyakarta,26.2,32.6,29.1,73.0,5.810752688172043,7.2,,1011.6,,Yogyakarta (Adisutjipto),DI Yogyakarta,DI Yogyakarta,2.0,6.400000000000002,43.459185200195584,2023,12,356,4,22,-2.4492935982947064e-16,1.0,-0.15845177496083632,0.9873667175937016,Rainy Season,1,6,3,5.810752688172043
2023-12-23,96853,YO,DI Yogyakarta,26.4,33.1,29.6,72.0,5.810752688172043,7.7,,1012.0,,Yogyakarta (Adisutjipto),DI Yogyakarta,DI Yogyakarta,2.138888888888889,6.700000000000003,44.68060148786443,2023,12,357,4,23,-2.4492935982947064e-16,1.0,-0.14144406768794202,0.9899462489023779,Rainy Season,1,6,3,5.810752688172043
2023-12-24,96853,YO,DI Yogyakarta,26.7,33.4,29.9,71.0,5.810752688172043,8.0,,1011.7,,Yogyakarta (Adisutjipto),DI Yogyakarta,DI Yogyakarta,2.2222222222222223,6.699999999999999,45.226715134737745,2023,12,358,4,24,-2.4492935982947064e-16,1.0,-0.12439450483979998,0.9922328391893008,Rainy Season,1,6,3,5.810752688172043
2023-12-25,96853,YO,DI Yogyakarta,27.0,31.7,29.1,74.0,5.810752688172043,7.8,,1011.8,,Yogyakarta (Adisutjipto),DI Yogyakarta,DI Yogyakarta,2.1666666666666665,4.699999999999999,40.969021895491124,2023,12,359,4,25,-2.4492935982947064e-16,1.0,-0.10730813165636247,0.9942258118156161,Rainy Season,1,6,3,5.810752688172043
2023-12-26,96853,YO,DI Yogyakarta,25.6,32.2,29.1,75.0,5.810752688172043,8.0,,1012.2,,Yogyakarta (Adisutjipto),DI Yogyakarta,DI Yogyakarta,2.2222222222222223,6.600000000000001,42.970745386151236,2023,12,360,4,26,-2.4492935982947064e-16,1.0,-0.09019000427034513,0.9959245770286599,Rainy Season,1,6,3,5.810752688172043
2023-12-27,96853,YO,DI Yogyakarta,26.8,31.3,28.9,76.0,5.810752688172043,7.7,,1013.0,,Yogyakarta (Adisutjipto),DI Yogyakarta,DI Yogyakarta,2.138888888888889,4.5,40.43617927569566,2023,12,361,4,27,-2.4492935982947064e-16,1.0,-0.07304518821104743,0.9973286321364752,Rainy Season,1,6,3,5.810752688172043
2023-12-28,96853,YO,DI Yogyakarta,26.0,31.5,28.7,78.0,5.810752688172043,7.2,,1012.0,,Yogyakarta (Adisutjipto),DI Yogyakarta,DI Yogyakarta,2.0,5.5,41.81815386927787,2023,12,362,4,28,-2.4492935982947064e-16,1.0,-0.05587875690537313,0.9984375616565666,Rainy Season,1,6,3,5.810752688172043
2023-12-29,96853,YO,DI Yogyakarta,26.8,31.5,28.8,79.0,5.810752688172043,7.9,,1010.7,,Yogyakarta (Adisutjipto),DI Yogyakarta,DI Yogyakarta,2.1944444444444446,4.699999999999999,42.19968707755567,2023,12,363,4,29,-2.4492935982947064e-16,1.0,-0.03869579017652689,0.9992510374388481,Rainy Season,1,6,3,5.810752688172043
2023-12-30,96853,YO,DI Yogyakarta,27.0,31.0,28.7,80.0,5.810752688172043,8.0,,1010.4,,Yogyakarta (Adisutjipto),DI Yogyakarta,DI Yogyakarta,2.2222222222222223,4.0,40.87613701377783,2023,12,364,4,30,-2.4492935982947064e-16,1.0,-0.021501372740813793,0.999768818762748,Rainy Season,1,6,3,5.810752688172043
2023-12-31,96853,YO,DI Yogyakarta,26.9,31.2,28.7,80.0,5.810752688172043,7.8,,1010.7,,Yogyakarta (Adisutjipto),DI Yogyakarta,DI Yogyakarta,2.1666666666666665,4.300000000000001,41.55196632081792,2023,12,365,4,31,-2.4492935982947064e-16,1.0,-0.004300592702981974,0.9999907524084426,Rainy Season,1,6,3,5.810752688172043
2023-01-01,96035,SU,Sumatera Utara,21.2,32.6,26.7,79.0,1.0,7.7,,1011.9,,Medan (Kualanamu),North Sumatra,Sumatera Utara,2.138888888888889,11.400000000000002,46.13096671027566,2023,1,1,1,1,0.49999999999999994,0.8660254037844387,0.017201575418260506,0.9998520419557735,Rainy Season,1,1,5,1.0
2023-01-02,96035,SU,Sumatera Utara,22.9,31.2,26.9,80.0,4.9,7.4,,1012.3,,Medan (Kualanamu),North Sumatra,Sumatera Utara,2.055555555555556,8.3,41.55196632081792,2023,1,2,1,2,0.49999999999999994,0.8660254037844387,0.03439806061360801,0.9994082116062598,Rainy Season,1,1,5,4.9
2023-01-03,96035,SU,Sumatera Utara,24.0,31.5,26.2,85.0,1.4,9.9,,1011.9,,Medan (Kualanamu),North Sumatra,Sumatera Utara,2.75,7.5,44.60954908155565,2023,1,3,1,3,0.49999999999999994,0.8660254037844387,0.051584366869408364,0.9986686402879997,Rainy Season,1,1,5,1.4
2023-01-04,96035,SU,Sumatera Utara,23.0,29.0,26.1,87.0,2.4,9.5,,1011.7,,Medan (Kualanamu),North Sumatra,Sumatera Utara,2.638888888888889,6.0,36.34172658977766,2023,1,4,1,4,0.49999999999999994,0.8660254037844387,0.06875540848113941,0.9976335468520451,Rainy Season,1,1,5,2.4
2023-01-05,96035,SU,Sumatera Utara,23.7,31.0,26.4,84.0,2.8,11.4,,1011.2,,Medan (Kualanamu),North Sumatra,Sumatera Utara,3.1666666666666665,7.300000000000001,42.33395740311135,2023,1,5,1,5,0.49999999999999994,0.8660254037844387,0.08590610426133272,0.9963032375991965,Rainy Season,1,1,5,2.8
2023-01-06,96035,SU,Sumatera Utara,23.8,31.3,26.4,82.0,1.7,10.5,,1011.3,,Medan (Kualanamu),North Sumatra,Sumatera Utara,2.9166666666666665,7.5,42.656382426335675,2023,1,6,1,6,0.49999999999999994,0.8660254037844387,0.10303137904317879,0.9946781061893646,Rainy Season,1,1,5,1.7
2023-01-07,96035,SU,Sumatera Utara,23.0,29.8,25.5,86.0,21.5,11.5,,1011.0,,Medan (Kualanamu),North Sumatra,Sumatera Utara,3.194444444444444,6.800000000000001,38.754478153884364,2023,1,7,1,7,0.49999999999999994,0.8660254037844387,0.1201261651823505,0.9927586335250793,Rainy Season,1,1,5,21.5
2023-01-08,96035,SU,Sumatera Utara,23.0,29.8,25.7,88.0,12.9,7.7,,1010.9,,Medan (Kualanamu),North Sumatra,Sumatera Utara,2.138888888888889,6.800000000000001,39.35176871011548,2023,1,8,1,8,0.49999999999999994,0.8660254037844387,0.13718540405660057,0.9905453876091833,Rainy Season,1,1,5,12.9
2023-01-09,96035,SU,Sumatera Utara,22.7,30.2,26.7,80.0,9.2,12.5,,1011.4,,Medan (Kualanamu),North Sumatra,Sumatera Utara,3.4722222222222223,7.5,38.286184318417824,2023,1,9,1,9,0.49999999999999994,0.8660254037844387,0.1542040475626894,0.988039023376751,Rainy Season,1,1,5,9.2
2023-01-10,96035,SU,Sumatera Utara,24.0,29.0,26.5,86.0,9.0,8.8,,1010.9,,Medan (Kualanamu),North Sumatra,Sumatera Utara,2.4444444444444446,5.0,36.10349490044448,2023,1,10,1,10,0.49999999999999994,0.8660254037844387,0.17117705961019986,0.985240282501282,Rainy Season,1,1,5,9.0
2023-01-11,96035,SU,Sumatera Utara,23.0,29.0,26.1,87.0,4.9,6.4,,1010.4,,Medan (Kualanamu),North Sumatra,Sumatera Utara,1.777777777777778,6.0,36.34172658977766,2023,1,11,1,11,0.49999999999999994,0.8660254037844387,0.18809941761179758,0.9821499931752291,Rainy Season,1,1,5,4.9
2023-01-12,96035,SU,Sumatera Utara,23.6,30.8,26.3,86.0,18.4,6.9,,1009.6,,Medan (Kualanamu),North Sumatra,Sumatera Utara,1.9166666666666667,7.199999999999999,42.340742315484526,2023,1,12,1,12,0.49999999999999994,0.8660254037844387,0.20496611396949532,0.9787690698649216,Rainy Season,1,1,5,18.4
2023-01-13,96035,SU,Sumatera Utara,23.0,30.2,26.2,86.0,7.8,6.5,,1010.5,,Medan (Kualanamu),North Sumatra,Sumatera Utara,1.8055555555555556,7.199999999999999,40.15264580588456,2023,1,13,1,13,0.49999999999999994,0.8660254037844387,0.22177215755648186,0.975098513039961,Rainy Season,1,1,5,7.8
2023-01-14,96035,SU,Sumatera Utara,23.8,31.6,26.6,85.0,8.1,10.2,,1009.9,,Medan (Kualanamu),North Sumatra,Sumatera Utara,2.833333333333333,7.800000000000001,44.99814281811551,2023,1,14,1,14,0.49999999999999994,0.8660254037844387,0.23851257519407648,0.9711394088771653,Rainy Season,1,1,5,8.1
2023-01-15,96035,SU,Sumatera Utara,23.0,31.2,26.7,84.0,13.8,10.9,,1009.3,,Medan (Kualanamu),North Sumatra,Sumatera Utara,3.0277777777777777,8.2,43.06889859399137,2023,1,15,1,15,0.49999999999999994,0.8660254037844387,0.2551824131233728,0.9668929289391521,Rainy Season,1,1,5,13.8
2023-01-16,96035,SU,Sumatera Utara,23.6,30.8,26.7,86.0,12.3,13.2,,1009.9,,Medan (Kualanamu),North Sumatra,Sumatera Utara,3.6666666666666665,7.199999999999999,42.340742315484526,2023,1,16,1,16,0.49999999999999994,0.8660254037844387,0.2717767384711357,0.9623603298276545,Rainy Season,1,1,5,12.3
2023-01-17,96035,SU,Sumatera Utara,23.3,31.3,25.4,85.0,1.0,12.2,,1011.2,,Medan (Kualanamu),North Sumatra,Sumatera Utara,3.3888888888888884,8.0,43.84135015899567,2023,1,17,1,17,0.49999999999999994,0.8660254037844387,0.2882906407095177,0.9575429528116719,Rainy Season,1,1,5,1.0
2023-01-18,96035,SU,Sumatera Utara,21.5,31.8,25.9,81.0,0.7,8.1,,1011.2,,Medan (Kualanamu),North Sumatra,Sumatera Utara,2.25,10.3,44.06275198348442,2023,1,18,1,18,0.49999999999999994,0.8660254037844387,0.3047192331091634,0.9524422234305676,Rainy Season,1,1,5,0.7
2023-01-19,96035,SU,Sumatera Utara,21.4,28.6,25.1,88.0,3.5,7.4,,1010.8,,Medan (Kualanamu),North Sumatra,Sumatera Utara,2.055555555555556,7.200000000000003,35.27305716499557,2023,1,19,1,19,0.49999999999999994,0.8660254037844387,0.321057654185271,0.9470596510722283,Rainy Season,1,1,5,3.5
2023-01-20,96035,SU,Sumatera Utara,22.3,30.6,26.8,84.0,5.4,9.3,,1009.9,,Medan (Kualanamu),North Sumatra,Sumatera Utara,2.5833333333333335,8.3,40.899643693831166,2023,1,20,1,20,0.49999999999999994,0.8660254037844387,0.3373010691361842,0.9413968285264122,Rainy Season,1,1,5,5.4
2023-01-21,96035,SU,Sumatera Utara,23.0,27.0,23.7,95.0,27.0,10.3,,1009.6,,Medan (Kualanamu),North Sumatra,Sumatera Utara,2.861111111111111,4.0,31.273927648444424,2023,1,21,1,21,0.49999999999999994,0.8660254037844387,0.3534446712740877,0.9354554315134164,Rainy Season,1,1,5,27.0
2023-01-22,96035,SU,Sumatera Utara,22.7,29.6,25.8,88.0,14.1,9.0,,1008.8,,Medan (Kualanamu),North Sumatra,Sumatera Utara,2.5,6.900000000000002,38.64106638979562,2023,1,22,1,22,0.49999999999999994,0.8660254037844387,0.3694836834473831,0.9292372181882051,Rainy Season,1,1,5,14.1
2023-01-23,96035,SU,Sumatera Utara,23.6,28.5,25.4,90.0,8.1,9.9,,1008.2,,Medan (Kualanamu),North Sumatra,Sumatera Utara,2.75,4.899999999999999,35.37220585794446,2023,1,23,1,23,0.49999999999999994,0.8660254037844387,0.38541335945432564,0.9227440286201427,Rainy Season,1,1,5,8.1
2023-01-24,96035,SU,Sumatera Utara,23.0,29.0,25.2,90.0,12.5,8.1,,1009.1,,Medan (Kualanamu),North Sumatra,Sumatera Utara,2.25,6.0,37.07563426044432,2023,1,24,1,24,0.49999999999999994,0.8660254037844387,0.4012289854475009,0.9159777842484877,Rainy Season,1,1,5,12.5
2023-01-25,96035,SU,Sumatera Utara,21.8,31.2,26.9,79.0,4.1,10.3,,1008.5,,Medan (Kualanamu),North Sumatra,Sumatera Utara,2.861111111111111,9.399999999999999,41.186346563235716,2023,1,25,1,25,0.49999999999999994,0.8660254037844387,0.4169258813287287,0.908940487313808,Rainy Season,1,1,5,4.1
2023-01-26,96035,SU,Sumatera Utara,22.9,31.0,26.4,80.0,15.9,11.1,,1008.9,,Medan (Kualanamu),North Sumatra,Sumatera Utara,3.083333333333333,8.100000000000001,40.87613701377783,2023,1,26,1,26,0.49999999999999994,0.8660254037844387,0.4324994021339788,0.901634220265486,Rainy Season,1,1,5,15.9
2023-01-27,96035,SU,Sumatera Utara,23.3,30.6,25.8,84.0,8.2,9.3,,1008.8,,Medan (Kualanamu),North Sumatra,Sumatera Utara,2.5833333333333335,7.300000000000001,40.899643693831166,2023,1,27,1,27,0.49999999999999994,0.8660254037844387,0.44794493940789115,0.8940611451454876,Rainy Season,1,1,5,8.2
2023-01-28,96035,SU,Sumatera Utara,23.3,30.9,26.7,84.0,3.0,8.2,,1008.1,,Medan (Kualanamu),North Sumatra,Sumatera Utara,2.2777777777777777,7.599999999999998,41.97093289173125,2023,1,28,1,28,0.49999999999999994,0.8660254037844387,0.4632579225674917,0.88622350294858,Rainy Season,1,1,5,3.0
2023-01-29,96035,SU,Sumatera Utara,23.8,32.0,26.9,81.0,14.3,11.3,,1008.0,,Medan (Kualanamu),North Sumatra,Sumatera Utara,3.138888888888889,8.2,44.79892668844457,2023,1,29,1,29,0.49999999999999994,0.8660254037844387,0.4784338202547012,0.8781236129591848,Rainy Season,1,1,5,14.3
2023-01-30,96035,SU,Sumatera Utara,23.2,31.2,27.2,79.0,6.1,9.6,,1009.2,,Medan (Kualanamu),North Sumatra,Sumatera Utara,2.6666666666666665,8.0,41.186346563235716,2023,1,30,1,30,0.49999999999999994,0.8660254037844387,0.49346814167723735,0.8697638720650646,Rainy Season,1,1,5,6.1
2023-01-31,96035,SU,Sumatera Utara,24.0,30.0,26.2,89.0,19.7,6.2,,1009.2,,Medan (Kualanamu),North Sumatra,Sumatera Utara,1.7222222222222223,6.0,40.394849477777676,2023,1,31,1,31,0.49999999999999994,0.8660254037844387,0.5083564379375122,0.8611467540480452,Rainy Season,1,1,5,19.7
2023-02-01,96035,SU,Sumatera Utara,23.3,30.8,26.1,87.0,7.2,9.9,,1009.0,,Medan (Kualanamu),North Sumatra,Sumatera Utara,2.75,7.5,42.7132411902579,2023,2,32,1,1,0.8660254037844386,0.5000000000000001,0.5230943033491326,0.8522748088519838,Rainy Season,1,1,5,7.2
2023-02-02,96035,SU,Sumatera Utara,23.6,30.0,26.7,83.0,4.8,8.8,,1008.5,,Medan (Kualanamu),North Sumatra,Sumatera Utara,2.4444444444444446,6.399999999999999,38.538234911111054,2023,2,33,1,2,0.8660254037844386,0.5000000000000001,0.5376773767406141,0.8431506618282,Rainy Season,1,1,5,4.8
2023-02-03,96035,SU,Sumatera Utara,23.4,31.6,27.1,86.0,14.7,8.8,,1008.5,,Medan (Kualanamu),North Sumatra,Sumatera Utara,2.4444444444444446,8.200000000000003,45.427781720604436,2023,2,34,1,3,0.8660254037844386,0.5000000000000001,0.5521013427459208,0.8337770129585915,Rainy Season,1,1,5,14.7
2023-02-04,96035,SU,Sumatera Utara,23.4,31.0,26.7,86.0,14.9,7.6,,1007.9,,Medan (Kualanamu),North Sumatra,Sumatera Utara,2.111111111111111,7.600000000000001,43.094333160444656,2023,2,35,1,4,0.8660254037844386,0.5000000000000001,0.5663619330814524,0.8241566360566663,Rainy Season,1,1,5,14.9
2023-02-05,96035,SU,Sumatera Utara,24.0,30.3,26.0,88.0,7.9,7.9,,1008.1,,Medan (Kualanamu),North Sumatra,Sumatera Utara,2.1944444444444446,6.300000000000001,41.182629370815526,2023,2,36,1,5,0.8660254037844386,0.5000000000000001,0.580454927809098,0.8142923779467267,Rainy Season,1,1,5,7.9
2023-02-06,96035,SU,Sumatera Utara,23.0,30.0,25.9,86.0,4.8,7.0,,1009.1,,Medan (Kualanamu),North Sumatra,Sumatera Utara,1.9444444444444444,7.0,39.447505644444455,2023,2,37,1,6,0.8660254037844386,0.5000000000000001,0.5943761565849831,0.804187157621448,Rainy Season,1,1,5,4.8
2023-02-07,96035,SU,Sumatera Utara,24.0,31.0,26.8,84.0,3.1,7.8,,1008.9,,Medan (Kualanamu),North Sumatra,Sumatera Utara,2.1666666666666665,7.0,42.33395740311135,2023,2,38,1,7,0.8660254037844386,0.5000000000000001,0.6081214998935418,0.7938439653781019,Rainy Season,1,1,5,3.1
2023-02-08,96035,SU,Sumatera Utara,24.0,28.7,25.8,90.0,7.6,8.6,,1008.6,,Medan (Kualanamu),North Sumatra,Sumatera Utara,2.388888888888889,4.699999999999999,36.04411320378434,2023,2,39,1,8,0.8660254037844386,0.5000000000000001,0.6216868902665479,0.7832658619336791,Rainy Season,1,1,5,7.6
2023-02-09,96035,SU,Sumatera Utara,23.4,31.2,27.3,81.0,3.8,7.2,,1008.3,,Medan (Kualanamu),North Sumatra,Sumatera Utara,2.0,7.800000000000001,41.92303140268456,2023,2,40,1,9,0.8660254037844386,0.5000000000000001,0.6350683134867438,0.7724559775191742,Rainy Season,1,1,5,3.8
2023-02-10,96035,SU,Sumatera Utara,24.0,31.4,26.7,83.0,30.4,9.2,,1008.9,,Medan (Kualanamu),North Sumatra,Sumatera Utara,2.5555555555555554,7.399999999999999,43.413086304551115,2023,2,41,1,10,0.8660254037844386,0.5000000000000001,0.6482618097757122,0.7614175109532997,Rainy Season,1,1,5,30.4
2023-02-11,96035,SU,Sumatera Utara,24.6,30.5,26.8,85.0,8.9,6.6,,1009.6,,Medan (Kualanamu),North Sumatra,Sumatera Utara,1.8333333333333333,5.899999999999999,40.88840180955545,2023,2,42,1,11,0.8660254037844386,0.5000000000000001,0.6612634749656386,0.7501537286959042,Rainy Season,1,1,5,8.9
2023-02-12,96035,SU,Sumatera Utara,23.8,31.6,27.2,84.0,14.8,7.7,,1009.8,,Medan (Kualanamu),North Sumatra,Sumatera Utara,2.138888888888889,7.800000000000001,44.57434964823116,2023,2,43,1,12,0.8660254037844386,0.5000000000000001,0.6740694616546161,0.7386679638813748,Rainy Season,1,1,5,14.8
2023-02-13,96035,SU,Sumatera Utara,24.0,31.0,26.9,84.0,6.5,9.5,,1010.2,,Medan (Kualanamu),North Sumatra,Sumatera Utara,2.638888888888889,7.0,42.33395740311135,2023,2,44,1,13,0.8660254037844386,0.5000000000000001,0.6866759803451553,0.726963615332308,Rainy Season,1,1,5,6.5
2023-02-14,96035,SU,Sumatera Utara,23.0,30.6,26.4,87.0,9.3,9.7,,1009.7,,Medan (Kualanamu),North Sumatra,Sumatera Utara,2.694444444444444,7.600000000000001,41.956334985297715,2023,2,45,1,14,0.8660254037844386,0.5000000000000001,0.6990793005655562,0.7150441465537444,Rainy Season,1,1,5,9.3
2023-02-15,96035,SU,Sumatera Utara,24.0,31.4,26.3,81.0,1.6,14.9,,1009.7,,Medan (Kualanamu),North Sumatra,Sumatera Utara,4.138888888888889,7.399999999999999,42.62480434060449,2023,2,46,1,15,0.8660254037844386,0.5000000000000001,0.7112757519738152,0.7029130847082615,Rainy Season,1,1,5,1.6
2023-02-16,96035,SU,Sumatera Utara,21.8,32.0,27.4,77.0,3.8,10.8,,1009.8,,Medan (Kualanamu),North Sumatra,Sumatera Utara,3.0,10.2,43.11527535244464,2023,2,47,1,16,0.8660254037844386,0.5000000000000001,0.7232617254437388,0.6905740195722293,Rainy Season,1,1,5,3.8
2023-02-17,96035,SU,Sumatera Utara,23.3,32.7,27.7,77.0,0.2,9.2,,1010.0,,Medan (Kualanamu),North Sumatra,Sumatera Utara,2.5555555555555554,9.400000000000002,45.572224114124495,2023,2,48,1,17,0.8660254037844386,0.5000000000000001,0.7350336741329413,0.6780306024735382,Rainy Season,1,1,5,0.2
2023-02-18,96035,SU,Sumatera Utara,24.0,31.8,27.4,80.0,2.8,9.6,,1010.0,,Medan (Kualanamu),North Sumatra,Sumatera Utara,2.6666666666666665,7.800000000000001,43.647472961617694,2023,2,49,1,18,0.8660254037844386,0.5000000000000001,0.746588114532413,0.6652865452111116,Rainy Season,1,1,5,2.8
2023-02-19,96035,SU,Sumatera Utara,25.0,30.8,26.4,87.0,20.1,7.0,,1010.5,,Medan (Kualanamu),North Sumatra,Sumatera Utara,1.9444444444444444,5.800000000000001,42.7132411902579,2023,2,50,1,19,0.8660254037844386,0.5000000000000001,0.7579216274973472,0.6523456189565257,Rainy Season,1,1,5,20.1
2023-02-20,96035,SU,Sumatera Utara,22.8,32.6,27.4,83.0,3.8,8.7,,1009.8,,Medan (Kualanamu),North Sumatra,Sumatera Utara,2.4166666666666665,9.8,48.048888859751145,2023,2,51,1,20,0.8660254037844386,0.5000000000000001,0.7690308592589181,0.6392116531380588,Rainy Season,1,1,5,3.8
2023-02-21,96035,SU,Sumatera Utara,22.8,31.6,27.3,83.0,3.1,8.9,,1010.4,,Medan (Kualanamu),North Sumatra,Sumatera Utara,2.4722222222222223,8.8,44.156402210951136,2023,2,52,1,21,0.8660254037844386,0.5000000000000001,0.7799125224167177,0.6258885343075018,Rainy Season,1,1,5,3.1
2023-02-22,96035,SU,Sumatera Utara,23.0,31.0,26.7,83.0,5.1,9.7,,1010.5,,Medan (Kualanamu),North Sumatra,Sumatera Utara,2.694444444444444,8.0,41.961635915111245,2023,2,53,1,22,0.8660254037844386,0.5000000000000001,0.7905633969115482,0.612380204990065,Rainy Season,1,1,5,5.1
2023-02-23,96035,SU,Sumatera Utara,24.0,32.4,27.1,81.0,1.9,10.6,,1009.7,,Medan (Kualanamu),North Sumatra,Sumatera Utara,2.944444444444444,8.399999999999999,46.3056778654046,2023,2,54,1,23,0.8660254037844386,0.5000000000000001,0.8009803309782905,0.5986906625177214,Rainy Season,1,1,5,1.9
2023-02-24,96035,SU,Sumatera Utara,23.3,31.6,26.8,80.0,7.0,9.3,,1010.4,,Medan (Kualanamu),North Sumatra,Sumatera Utara,2.5833333333333335,8.3,42.937634294737755,2023,2,55,1,24,0.8660254037844386,0.5000000000000001,0.8111602420785621,0.5848239578463322,Rainy Season,1,1,5,7.0
2023-02-25,96035,SU,Sumatera Utara,24.0,32.2,26.4,83.0,0.4,10.5,,1011.4,,Medan (Kualanamu),North Sumatra,Sumatera Utara,2.9166666666666665,8.200000000000003,46.456712776871406,2023,2,56,1,25,0.8660254037844386,0.5000000000000001,0.8211001178128892,0.5707841943569036,Rainy Season,1,1,5,0.4
2023-02-26,96035,SU,Sumatera Utara,22.3,30.0,25.6,85.0,2.4,8.0,,1012.6,,Medan (Kualanamu),North Sumatra,Sumatera Utara,2.2222222222222223,7.699999999999999,39.1401850555554,2023,2,57,1,26,0.8660254037844386,0.5000000000000001,0.8307970168121247,0.5565755266413303,Rainy Season,1,1,5,2.4
2023-02-27,96035,SU,Sumatera Utara,22.3,32.2,27.2,80.0,0.9,8.0,,1013.1,,Medan (Kualanamu),North Sumatra,Sumatera Utara,2.2222222222222223,9.900000000000002,45.10115965521799,2023,2,58,1,27,0.8660254037844386,0.5000000000000001,0.8402480696078469,0.5422021592729844,Rainy Season,1,1,5,0.9
2023-02-28,96035,SU,Sumatera Utara,24.0,31.6,26.8,84.0,14.1,16.1,,1012.8,,Medan (Kualanamu),North Sumatra,Sumatera Utara,4.472222222222222,7.600000000000001,44.57434964823116,2023,2,59,1,28,0.8660254037844386,0.5000000000000001,0.8494504794814806,0.527668345562516,Rainy Season,1,1,5,14.1
2023-03-01,96035,SU,Sumatera Utara,23.5,27.0,24.2,96.0,18.6,7.9,,1013.7,,Medan (Kualanamu),North Sumatra,Sumatera Utara,2.1944444444444446,3.5,31.384996781777943,2023,3,60,1,1,1.0,6.123233995736766e-17,0.8584015232918917,0.512978386299228,Rainy Season,1,1,5,18.6
2023-03-02,96035,SU,Sumatera Utara,23.0,31.4,26.6,83.0,0.1,8.0,,1012.4,,Medan (Kualanamu),North Sumatra,Sumatera Utara,2.2222222222222223,8.399999999999999,43.413086304551115,2023,3,61,1,2,1.0,6.123233995736766e-17,0.8670985522812081,0.4981366284784055,Rainy Season,1,1,5,0.1
2023-03-03,96035,SU,Sumatera Utara,23.0,30.9,25.4,84.0,16.8,10.3,,1014.3,,Medan (Kualanamu),North Sumatra,Sumatera Utara,2.861111111111111,7.899999999999999,41.97093289173125,2023,3,62,1,3,1.0,6.123233995736766e-17,0.8755389928586302,0.4831474640149687,Rainy Season,1,1,5,16.8
2023-03-04,96035,SU,Sumatera Utara,22.8,31.4,26.9,81.0,13.6,9.5,,1014.4,,Medan (Kualanamu),North Sumatra,Sumatera Utara,2.638888888888889,8.599999999999998,42.62480434060449,2023,3,63,1,4,1.0,6.123233995736766e-17,0.8837203473619977,0.4680153284438345,Rainy Season,1,1,5,13.6
2023-03-05,96035,SU,Sumatera Utara,23.8,27.0,25.2,90.0,3.4,9.2,,1013.5,,Medan (Kualanamu),North Sumatra,Sumatera Utara,2.5555555555555554,3.1999999999999993,30.73512140844446,2023,3,64,1,5,1.0,6.123233995736766e-17,0.8916401947968874,0.45274469960737107,Rainy Season,1,1,5,3.4
2023-03-06,96035,SU,Sumatera Utara,22.0,30.8,26.6,81.0,1.0,10.3,,1012.3,,Medan (Kualanamu),North Sumatra,Sumatera Utara,2.861111111111111,8.8,40.55388729388446,2023,3,65,1,6,1.0,6.123233995736766e-17,0.8992961915530253,0.4373400963303323,Rainy Season,1,1,5,1.0
2023-03-07,96035,SU,Sumatera Utara,22.0,31.4,27.1,77.0,0.5,9.9,,1011.8,,Medan (Kualanamu),North Sumatra,Sumatera Utara,2.75,9.399999999999999,41.11599019276452,2023,3,66,1,7,1.0,6.123233995736766e-17,0.9066860720977985,0.4218060770826634,Rainy Season,1,1,5,0.5
2023-03-08,96035,SU,Sumatera Utara,23.7,31.6,27.6,81.0,1.3,8.2,,1011.5,,Medan (Kualanamu),North Sumatra,Sumatera Utara,2.2777777777777777,7.900000000000002,43.3380445342045,2023,3,67,1,8,1.0,6.123233995736766e-17,0.9138076496466615,0.4061472386305789,Rainy Season,1,1,5,1.3
2023-03-09,96035,SU,Sumatera Utara,25.0,31.0,26.3,88.0,7.0,7.1,,1010.3,,Medan (Kualanamu),North Sumatra,Sumatera Utara,1.972222222222222,6.0,43.87568595955574,2023,3,68,1,9,1.0,6.123233995736766e-17,0.9206588168102428,0.3903682146763026,Rainy Season,1,1,5,7.0
2023-03-10,96035,SU,Sumatera Utara,24.4,32.2,27.5,80.0,7.5,6.5,,1009.7,,Medan (Kualanamu),North Sumatra,Sumatera Utara,1.8055555555555556,7.800000000000004,45.10115965521799,2023,3,69,1,10,1.0,6.123233995736766e-17,0.9272375462179537,0.374473674486883,Rainy Season,1,1,5,7.5
2023-03-11,96035,SU,Sumatera Utara,23.6,31.9,26.6,83.0,7.0,10.0,,1010.7,,Medan (Kualanamu),North Sumatra,Sumatera Utara,2.7777777777777777,8.299999999999997,45.29336446015126,2023,3,70,1,11,1.0,6.123233995736766e-17,0.9335418911179212,0.35846832151248087,Rainy Season,1,1,5,7.0
2023-03-12,96035,SU,Sumatera Utara,23.0,32.2,28.0,80.0,6.5,8.6,,1010.3,,Medan (Kualanamu),North Sumatra,Sumatera Utara,2.388888888888889,9.200000000000003,45.10115965521799,2023,3,71,1,12,1.0,6.123233995736766e-17,0.9395699859530622,0.342356891994542,Rainy Season,1,1,5,6.5
2023-03-13,96035,SU,Sumatera Utara,23.2,31.0,27.3,84.0,3.2,9.5,,1009.4,,Medan (Kualanamu),North Sumatra,Sumatera Utara,2.638888888888889,7.800000000000001,42.33395740311135,2023,3,72,1,13,1.0,6.123233995736766e-17,0.945320046913132,0.3261441535642696,Rainy Season,1,1,5,3.2
2023-03-14,96035,SU,Sumatera Utara,24.8,31.0,27.5,79.0,1.2,7.8,,1008.5,,Medan (Kualanamu),North Sumatra,Sumatera Utara,2.1666666666666665,6.199999999999999,40.52479256755576,2023,3,73,1,14,1.0,6.123233995736766e-17,0.9507903724625832,0.3098349038318025,Rainy Season,1,1,5,1.2
2023-03-15,96035,SU,Sumatera Utara,24.0,32.0,27.9,78.0,3.2,11.0,,1008.8,,Medan (Kualanamu),North Sumatra,Sumatera Utara,3.0555555555555554,8.0,43.52682241377802,2023,3,74,1,15,1.0,6.123233995736766e-17,0.9559793438440766,0.2934339689665273,Rainy Season,1,1,5,3.2
2023-03-16,96035,SU,Sumatera Utara,24.6,31.0,27.7,79.0,2.4,10.3,,1010.0,,Medan (Kualanamu),North Sumatra,Sumatera Utara,2.861111111111111,6.399999999999999,40.52479256755576,2023,3,75,1,16,1.0,6.123233995736766e-17,0.9608854255574977,0.27694620226893646,Rainy Season,1,1,5,2.4
2023-03-17,96035,SU,Sumatera Utara,23.4,32.2,27.6,82.0,0.0,10.5,,1009.4,,Medan (Kualanamu),North Sumatra,Sumatera Utara,2.9166666666666665,8.800000000000004,45.99841968963577,2023,3,76,1,17,1.0,6.123233995736766e-17,0.9655071658143364,0.2603764827344581,Rainy Season,1,1,5,0.0
2023-03-18,96035,SU,Sumatera Utara,23.4,32.7,28.1,80.0,1.5,10.9,,1008.5,,Medan (Kualanamu),North Sumatra,Sumatera Utara,3.0277777777777777,9.300000000000004,46.982035571917784,2023,3,77,1,18,1.0,6.123233995736766e-17,0.969843196967294,0.24372971360968387,Rainy Season,1,1,5,1.5
2023-03-19,96035,SU,Sumatera Utara,24.0,32.7,28.1,81.0,0.3,7.8,,1008.3,,Medan (Kualanamu),North Sumatra,Sumatera Utara,2.1666666666666665,8.700000000000003,47.46584279428447,2023,3,78,1,19,1.0,6.123233995736766e-17,0.9738922359149924,0.22701082094141847,Rainy Season,1,1,5,0.3
2023-03-20,96035,SU,Sumatera Utara,25.0,31.6,27.5,85.0,5.5,7.7,,1008.3,,Medan (Kualanamu),North Sumatra,Sumatera Utara,2.138888888888889,6.600000000000001,44.99814281811551,2023,3,79,1,20,1.0,6.123233995736766e-17,0.9776530844816641,0.2102247521189836,Rainy Season,1,1,5,5.5
2023-03-21,96035,SU,Sumatera Utara,24.0,31.8,26.2,89.0,2.2,6.5,,1008.7,,Medan (Kualanamu),North Sumatra,Sumatera Utara,1.8055555555555556,7.800000000000001,47.60260693345763,2023,3,80,1,21,1.0,6.123233995736766e-17,0.981124629771712,0.19337647441020586,Rainy Season,1,1,5,2.2
2023-03-22,96035,SU,Sumatera Utara,24.0,33.0,27.8,81.0,5.7,10.9,,1007.6,,Medan (Kualanamu),North Sumatra,Sumatera Utara,3.0277777777777777,9.0,48.65180904844447,2023,3,81,1,22,1.0,6.123233995736766e-17,0.984305844499033,0.17647097349152166,Rainy Season,1,1,5,5.7
2023-03-23,96035,SU,Sumatera Utara,23.5,32.6,27.6,81.0,21.8,11.5,,1008.2,,Medan (Kualanamu),North Sumatra,Sumatera Utara,3.194444444444444,9.100000000000001,47.07625433740455,2023,3,82,1,23,1.0,6.123233995736766e-17,0.9871957872910085,0.15951325197263655,Rainy Season,1,1,5,21.8
2023-03-24,96035,SU,Sumatera Utara,23.6,31.4,27.2,83.0,31.4,9.8,,1008.6,,Medan (Kualanamu),North Sumatra,Sumatera Utara,2.7222222222222223,7.799999999999997,43.413086304551115,2023,3,83,1,24,1.0,6.123233995736766e-17,0.9897936029670716,0.14250832791617088,Rainy Season,1,1,5,31.4
2023-03-25,96035,SU,Sumatera Utara,23.4,32.4,27.6,83.0,6.7,9.2,,1009.4,,Medan (Kualanamu),North Sumatra,Sumatera Utara,2.5555555555555554,9.0,47.24693724775124,2023,3,84,1,25,1.0,6.123233995736766e-17,0.992098522791769,0.12546123335273648,Rainy Season,1,1,5,6.7
2023-03-26,96035,SU,Sumatera Utara,24.5,32.0,27.7,83.0,18.9,10.0,,1008.6,,Medan (Kualanamu),North Sumatra,Sumatera Utara,2.7777777777777777,7.5,45.67821544711137,2023,3,85,1,26,1.0,6.123233995736766e-17,0.9941098647022418,0.10837701279187609,Rainy Season,1,1,5,18.9
2023-03-27,96035,SU,Sumatera Utara,24.2,31.8,27.7,82.0,5.3,8.1,,1008.0,,Medan (Kualanamu),North Sumatra,Sumatera Utara,2.25,7.600000000000001,44.484076082435486,2023,3,86,1,27,1.0,6.123233995736766e-17,0.9958270335100595,0.09126072172931188,Rainy Season,1,1,5,5.3
2023-03-28,96035,SU,Sumatera Utara,25.0,30.0,26.5,86.0,2.2,5.5,,1009.3,,Medan (Kualanamu),North Sumatra,Sumatera Utara,1.5277777777777777,5.0,39.447505644444455,2023,3,87,1,28,1.0,6.123233995736766e-17,0.9972495210773451,0.07411742515094437,Rainy Season,1,1,5,2.2
2023-03-29,96035,SU,Sumatera Utara,23.7,32.0,27.9,83.0,0.6,9.2,,1009.6,,Medan (Kualanamu),North Sumatra,Sumatera Utara,2.5555555555555554,8.3,45.67821544711137,2023,3,88,1,29,1.0,6.123233995736766e-17,0.998376906467142,0.056952196034039754,Rainy Season,1,1,5,0.6
2023-03-30,96035,SU,Sumatera Utara,24.0,32.0,28.0,82.0,3.5,11.3,,1008.9,,Medan (Kualanamu),North Sumatra,Sumatera Utara,3.138888888888889,8.0,45.23544914355571,2023,3,89,1,30,1.0,6.123233995736766e-17,0.9992088560679753,0.03977011384605572,Rainy Season,1,1,5,3.5
2023-03-31,96035,SU,Sumatera Utara,24.4,32.6,28.2,79.0,0.0,7.4,,1008.8,,Medan (Kualanamu),North Sumatra,Sumatera Utara,2.055555555555556,8.200000000000003,46.13096671027566,2023,3,90,1,31,1.0,6.123233995736766e-17,0.9997451236925734,0.022576263041545485,Rainy Season,1,1,5,0.0
2023-04-01,96035,SU,Sumatera Utara,24.0,32.0,26.9,80.0,0.6,6.6,,1008.8,,Medan (Kualanamu),North Sumatra,Sumatera Utara,1.8333333333333333,8.0,44.36864808177802,2023,4,91,2,1,0.8660254037844387,-0.4999999999999998,0.9999855506507186,0.005375731557583884,Transition,2,1,5,0.6
2023-04-02,96035,SU,Sumatera Utara,24.0,32.2,27.0,81.0,7.4,11.8,,1008.8,,Medan (Kualanamu),North Sumatra,Sumatera Utara,3.2777777777777777,8.200000000000003,45.54656864908453,2023,4,92,2,2,0.8660254037844387,-0.4999999999999998,0.9999300657962057,-0.011826390691832589,Transition,2,1,5,7.4
2023-04-03,96035,SU,Sumatera Utara,23.6,29.2,25.4,88.0,9.1,7.3,,1009.5,,Medan (Kualanamu),North Sumatra,Sumatera Utara,2.0277777777777777,5.599999999999998,37.25676222451574,2023,4,93,2,3,0.8660254037844387,-0.4999999999999998,0.9995786855478958,-0.029025013321975237,Transition,2,1,5,9.1
2023-04-04,96035,SU,Sumatera Utara,23.8,32.0,27.7,81.0,2.9,11.1,,1008.7,,Medan (Kualanamu),North Sumatra,Sumatera Utara,3.083333333333333,8.2,44.79892668844457,2023,4,94,2,4,0.8660254037844387,-0.4999999999999998,0.9989315138848577,-0.046215046983708354,Transition,2,1,5,2.9
2023-04-05,96035,SU,Sumatera Utara,24.0,32.4,26.9,77.0,9.5,11.7,,1009.5,,Medan (Kualanamu),North Sumatra,Sumatera Utara,3.2499999999999996,8.399999999999999,44.50283516236454,2023,4,95,2,5,0.8660254037844387,-0.4999999999999998,0.9979887423155984,-0.06339140486951038,Transition,2,1,5,9.5
2023-04-06,96035,SU,Sumatera Utara,23.2,33.1,27.3,79.0,0.5,9.4,,1009.3,,Medan (Kualanamu),North Sumatra,Sumatera Utara,2.611111111111111,9.900000000000002,48.02996277547555,2023,4,96,2,6,0.8660254037844387,-0.4999999999999998,0.9967506498213929,-0.08054900421874167,Transition,2,1,5,0.5
2023-04-07,96035,SU,Sumatera Utara,23.4,33.4,27.7,79.0,13.6,10.2,,1010.1,,Medan (Kualanamu),North Sumatra,Sumatera Utara,2.833333333333333,10.0,49.20297564787556,2023,4,97,2,7,0.8660254037844387,-0.4999999999999998,0.9952176027737294,-0.09768276782171598,Transition,2,1,5,13.6
2023-04-08,96035,SU,Sumatera Utara,24.0,32.6,27.8,80.0,1.2,10.6,,1011.0,,Medan (Kualanamu),North Sumatra,Sumatera Utara,2.944444444444444,8.600000000000001,46.600192161937834,2023,4,98,2,8,0.8660254037844387,-0.4999999999999998,0.9933900548258936,-0.11478762552212701,Transition,2,1,5,1.2
2023-04-09,96035,SU,Sumatera Utara,24.2,31.0,25.9,87.0,6.4,7.8,,1011.5,,Medan (Kualanamu),North Sumatra,Sumatera Utara,2.1666666666666665,6.800000000000001,43.48238742977792,2023,4,99,2,9,0.8660254037844387,-0.4999999999999998,0.9912685467787256,-0.13185851571739118,Transition,2,1,5,6.4
2023-04-10,96035,SU,Sumatera Utara,22.8,33.0,27.6,77.0,0.4,9.6,,1010.4,,Medan (Kualanamu),North Sumatra,Sumatera Utara,2.6666666666666665,10.2,46.66622943244462,2023,4,100,2,10,0.8660254037844387,-0.4999999999999998,0.9888537064205885,-0.1488903868564548,Transition,2,1,5,0.4
2023-04-11,96035,SU,Sumatera Utara,23.4,33.0,28.3,81.0,0.8,8.9,,1009.5,,Medan (Kualanamu),North Sumatra,Sumatera Utara,2.4722222222222223,9.600000000000001,48.65180904844447,2023,4,101,2,11,0.8660254037844387,-0.4999999999999998,0.986146248341595,-0.16587819893463143,Transition,2,1,5,0.8
2023-04-12,96035,SU,Sumatera Utara,24.0,33.2,28.7,81.0,2.5,10.0,,1009.2,,Medan (Kualanamu),North Sumatra,Sumatera Utara,2.7777777777777777,9.200000000000003,49.45678728748458,2023,4,102,2,12,0.8660254037844387,-0.4999999999999998,0.9831469737221499,-0.1828169249850199,Transition,2,1,5,2.5
2023-04-13,96035,SU,Sumatera Utara,26.0,33.0,28.8,82.0,1.2,9.3,,1009.3,,Medan (Kualanamu),North Sumatra,Sumatera Utara,2.5833333333333335,7.0,49.166276723555654,2023,4,103,2,13,0.8660254037844387,-0.4999999999999998,0.9798567700958665,-0.1997015525660636,Transition,2,1,5,1.2
2023-04-14,96035,SU,Sumatera Utara,24.2,33.8,29.2,79.0,3.5,11.3,,1009.0,,Medan (Kualanamu),North Sumatra,Sumatera Utara,3.138888888888889,9.599999999999998,50.80621058323569,2023,4,104,2,14,0.8660254037844387,-0.4999999999999998,0.9762766110869321,-0.21652708524481437,Transition,2,1,5,3.5
2023-04-15,96035,SU,Sumatera Utara,25.0,33.9,29.2,80.0,1.9,9.9,,1008.4,,Medan (Kualanamu),North Sumatra,Sumatera Utara,2.75,8.899999999999999,51.78521733063789,2023,4,105,2,15,0.8660254037844387,-0.4999999999999998,0.9724075561219968,-0.23328854407545518,Transition,2,1,5,1.9
2023-04-16,96035,SU,Sumatera Utara,25.7,33.8,28.9,80.0,0.9,11.8,,1008.2,,Medan (Kualanamu),North Sumatra,Sumatera Utara,3.2777777777777777,8.099999999999998,51.36936456081779,2023,4,106,2,16,0.8660254037844387,-0.4999999999999998,0.9682507501166718,-0.2499809690726521,Transition,2,1,5,0.9
2023-04-17,96035,SU,Sumatera Utara,24.6,33.1,29.1,79.0,0.3,9.4,,1009.1,,Medan (Kualanamu),North Sumatra,Sumatera Utara,2.611111111111111,8.5,48.02996277547555,2023,4,107,2,17,0.8660254037844387,-0.4999999999999998,0.9638074231367307,-0.26659942067929354,Transition,2,1,5,0.3
2023-04-18,96035,SU,Sumatera Utara,25.0,34.0,29.0,80.0,10.3,9.6,,1009.3,,Medan (Kualanamu),North Sumatra,Sumatera Utara,2.6666666666666665,9.0,52.203904213777804,2023,4,108,2,18,0.8660254037844387,-0.4999999999999998,0.9590788900341131,-0.28313898122818354,Transition,2,1,5,10.3
2023-04-19,96035,SU,Sumatera Utara,25.0,33.6,28.1,82.0,18.3,9.1,,1007.6,,Medan (Kualanamu),North Sumatra,Sumatera Utara,2.5277777777777777,8.600000000000001,51.66394309107556,2023,4,109,2,19,0.8660254037844387,-0.4999999999999998,0.9540665500578387,-0.2995947563972602,Transition,2,1,5,18.3
2023-04-20,96035,SU,Sumatera Utara,23.8,30.0,26.0,88.0,2.9,7.4,,1007.0,,Medan (Kualanamu),North Sumatra,Sumatera Utara,2.055555555555556,6.199999999999999,40.07483785555552,2023,4,110,2,20,0.8660254037844387,-0.4999999999999998,0.9487718864399473,-0.31596187665790293,Transition,2,1,5,2.9
2023-04-21,96035,SU,Sumatera Utara,24.0,32.0,27.8,82.0,10.4,9.3,,1006.7,,Medan (Kualanamu),North Sumatra,Sumatera Utara,2.5833333333333335,8.0,45.23544914355571,2023,4,111,2,21,0.8660254037844387,-0.4999999999999998,0.9431964659565866,-0.33223549871590435,Transition,2,1,5,10.4
2023-04-22,96035,SU,Sumatera Utara,24.3,33.6,28.7,80.0,11.3,9.1,,1006.4,,Medan (Kualanamu),North Sumatra,Sumatera Utara,2.5277777777777777,9.3,50.5461613611376,2023,4,112,2,22,0.8660254037844387,-0.4999999999999998,0.9373419384643772,-0.3484108069446808,Transition,2,1,5,11.3
2023-04-23,96035,SU,Sumatera Utara,25.0,32.0,28.0,82.0,22.2,9.4,,1007.6,,Medan (Kualanamu),North Sumatra,Sumatera Utara,2.611111111111111,7.0,45.23544914355571,2023,4,113,2,23,0.8660254037844387,-0.4999999999999998,0.9312100364121947,-0.3644830148102912,Transition,2,1,5,22.2
2023-04-24,96035,SU,Sumatera Utara,24.5,33.0,26.7,83.0,9.1,9.4,,1008.4,,Medan (Kualanamu),North Sumatra,Sumatera Utara,2.611111111111111,8.5,49.68797350711129,2023,4,114,2,24,0.8660254037844387,-0.4999999999999998,0.9248025743285089,-0.38044736628785164,Transition,2,1,5,9.1
2023-04-25,96035,SU,Sumatera Utara,23.5,33.3,28.3,81.0,4.5,7.5,,1007.7,,Medan (Kualanamu),North Sumatra,Sumatera Utara,2.0833333333333335,9.799999999999997,49.86357662788449,2023,4,115,2,25,0.8660254037844387,-0.4999999999999998,0.9181214482844364,-0.39629913726891813,Transition,2,1,5,4.5
2023-04-26,96035,SU,Sumatera Utara,24.0,33.2,28.4,81.0,6.2,5.9,,1007.0,,Medan (Kualanamu),North Sumatra,Sumatera Utara,1.6388888888888888,9.200000000000003,49.45678728748458,2023,4,116,2,26,0.8660254037844387,-0.4999999999999998,0.9111686353326631,-0.41203363695942635,Transition,2,1,5,6.2
2023-04-27,96035,SU,Sumatera Utara,23.9,32.0,27.2,86.0,12.7,7.6,,1007.9,,Medan (Kualanamu),North Sumatra,Sumatera Utara,2.111111111111111,8.100000000000001,47.04397744844471,2023,4,117,2,27,0.8660254037844387,-0.4999999999999998,0.9039461929224011,-0.42764620926777464,Transition,2,1,5,12.7
2023-04-28,96035,SU,Sumatera Utara,23.9,32.0,27.2,84.0,11.5,6.3,,1008.6,,Medan (Kualanamu),North Sumatra,Sumatera Utara,1.75,8.100000000000001,46.12722559911136,2023,4,118,2,28,0.8660254037844387,-0.4999999999999998,0.8964562582905575,-0.44313223418263453,Transition,2,1,5,11.5
2023-04-29,96035,SU,Sumatera Utara,24.4,32.6,28.3,82.0,10.2,7.3,,1007.8,,Medan (Kualanamu),North Sumatra,Sumatera Utara,2.0277777777777777,8.200000000000003,47.559153236675634,2023,4,119,2,29,0.8660254037844387,-0.4999999999999998,0.8887010478292915,-0.45848712914008766,Transition,2,1,5,10.2
2023-04-30,96035,SU,Sumatera Utara,24.4,31.8,27.7,84.0,3.8,7.1,,1007.1,,Medan (Kualanamu),North Sumatra,Sumatera Utara,1.972222222222222,7.400000000000002,45.34485951159112,2023,4,120,2,30,0.8660254037844387,-0.4999999999999998,0.8806828564301475,-0.47370635037968,Transition,2,1,5,3.8
2023-05-01,96035,SU,Sumatera Utara,24.6,34.0,28.7,80.0,6.0,7.2,,1006.7,,Medan (Kualanamu),North Sumatra,Sumatera Utara,2.0,9.399999999999999,52.203904213777804,2023,5,121,2,1,0.49999999999999994,-0.8660254037844387,0.8724040568049612,-0.48878539428899265,Transition,2,1,5,6.0
2023-05-02,96035,SU,Sumatera Utara,25.0,33.0,28.5,81.0,12.0,8.2,,1007.7,,Medan (Kualanamu),North Sumatra,Sumatera Utara,2.2777777777777777,8.0,48.65180904844447,2023,5,122,2,2,0.49999999999999994,-0.8660254037844387,0.8638670987837349,-0.503719798736334,Transition,2,1,5,12.0
2023-05-03,96035,SU,Sumatera Utara,25.0,33.0,28.6,81.0,21.4,8.1,,1009.0,,Medan (Kualanamu),North Sumatra,Sumatera Utara,2.25,8.0,48.65180904844447,2023,5,123,2,3,0.49999999999999994,-0.8660254037844387,0.8550745085896932,-0.518505144391157,Transition,2,1,5,21.4
2023-05-04,96035,SU,Sumatera Utara,25.5,33.0,28.5,82.0,25.7,9.0,,1007.9,,Medan (Kualanamu),North Sumatra,Sumatera Utara,2.5,7.5,49.166276723555654,2023,5,124,2,4,0.49999999999999994,-0.8660254037844387,0.8460288880917339,-0.533137056031809,Transition,2,1,5,25.7
2023-05-05,96035,SU,Sumatera Utara,24.6,32.2,27.9,83.0,9.3,10.0,,1006.8,,Medan (Kualanamu),North Sumatra,Sumatera Utara,2.7777777777777777,7.600000000000001,46.456712776871406,2023,5,125,2,5,0.49999999999999994,-0.8660254037844387,0.8367329140344921,-0.5476112038402312,Transition,2,1,5,9.3
2023-05-06,96035,SU,Sumatera Utara,24.8,32.4,27.4,88.0,11.9,9.3,,1006.7,,Medan (Kualanamu),North Sumatra,Sumatera Utara,2.5833333333333335,7.599999999999998,49.71627996019563,2023,5,126,2,6,0.49999999999999994,-0.8660254037844387,0.8271893372462497,-0.5619233046832195,Transition,2,1,5,11.9
2023-05-07,96035,SU,Sumatera Utara,24.8,32.8,28.6,81.0,11.4,8.8,,1006.4,,Medan (Kualanamu),North Sumatra,Sumatera Utara,2.4444444444444446,7.9999999999999964,47.85829806508437,2023,5,127,2,7,0.49999999999999994,-0.8660254037844387,0.8174009818249189,-0.5760691233798758,Transition,2,1,5,11.4
2023-05-08,96035,SU,Sumatera Utara,25.6,34.0,29.0,80.0,16.1,7.1,,1006.0,,Medan (Kualanamu),North Sumatra,Sumatera Utara,1.972222222222222,8.399999999999999,52.203904213777804,2023,5,128,2,8,0.49999999999999994,-0.8660254037844387,0.8073707443023492,-0.5900444739548627,Transition,2,1,5,16.1
2023-05-09,96035,SU,Sumatera Utara,26.0,34.0,28.8,76.0,0.0,6.2,,1006.4,,Medan (Kualanamu),North Sumatra,Sumatera Utara,1.7222222222222223,8.0,49.936030271555666,2023,5,129,2,9,0.49999999999999994,-0.8660254037844387,0.7971015927871943,-0.6038452208771035,Transition,2,1,5,0.0
2023-05-10,96035,SU,Sumatera Utara,25.0,34.4,29.1,78.0,5.0,7.6,,1007.7,,Medan (Kualanamu),North Sumatra,Sumatera Utara,2.111111111111111,9.399999999999999,52.69179366081784,2023,5,130,2,10,0.49999999999999994,-0.8660254037844387,0.7865965660866021,-0.6174672802835514,Transition,2,1,5,5.0
2023-05-11,96035,SU,Sumatera Utara,25.0,34.0,29.3,75.0,0.0,10.0,,1008.7,,Medan (Kualanamu),North Sumatra,Sumatera Utara,2.7777777777777777,9.0,49.38956188711113,2023,5,131,2,11,0.49999999999999994,-0.8660254037844387,0.7758587728069828,-0.6309066211876704,Transition,2,1,5,0.0
2023-05-12,96035,SU,Sumatera Utara,25.0,34.4,29.4,76.0,0.4,9.7,,1009.2,,Medan (Kualanamu),North Sumatra,Sumatera Utara,2.694444444444444,9.399999999999999,51.51093204771552,2023,5,132,2,12,0.49999999999999994,-0.8660254037844387,0.7648913904341225,-0.6441592666722685,Transition,2,1,5,0.4
2023-05-13,96035,SU,Sumatera Utara,27.0,34.2,29.9,79.0,4.9,10.1,,1009.7,,Medan (Kualanamu),North Sumatra,Sumatera Utara,2.8055555555555554,7.200000000000003,52.45426582963569,2023,5,133,2,13,0.49999999999999994,-0.8660254037844387,0.753697664392914,-0.6572212950663319,Transition,2,1,5,4.9
2023-05-14,96035,SU,Sumatera Utara,24.3,32.6,28.3,81.0,4.5,10.7,,1010.1,,Medan (Kualanamu),North Sumatra,Sumatera Utara,2.972222222222222,8.3,47.07625433740455,2023,5,134,2,14,0.49999999999999994,-0.8660254037844387,0.742280907086982,-0.6700888411055113,Transition,2,1,5,4.5
2023-05-15,96035,SU,Sumatera Utara,24.7,31.6,27.7,85.0,5.4,7.2,,1010.7,,Medan (Kualanamu),North Sumatra,Sumatera Utara,2.0,6.900000000000002,44.99814281811551,2023,5,135,2,15,0.49999999999999994,-0.8660254037844387,0.7306444969184916,-0.6827580970759147,Transition,2,1,5,5.4
2023-05-16,96035,SU,Sumatera Utara,25.0,34.0,28.6,80.0,1.8,7.9,,1010.8,,Medan (Kualanamu),North Sumatra,Sumatera Utara,2.1944444444444446,9.0,52.203904213777804,2023,5,136,2,16,0.49999999999999994,-0.8660254037844387,0.7187918772884232,-0.6952253139408722,Transition,2,1,5,1.8
2023-05-17,96035,SU,Sumatera Utara,23.9,34.0,27.7,79.0,7.7,11.2,,1011.4,,Medan (Kualanamu),North Sumatra,Sumatera Utara,3.1111111111111107,10.100000000000001,51.624635667555665,2023,5,137,2,17,0.49999999999999994,-0.8660254037844387,0.7067265555776158,-0.7074868024503348,Transition,2,1,5,7.7
2023-05-18,96035,SU,Sumatera Utara,23.2,32.2,27.2,84.0,15.3,10.4,,1011.7,,Medan (Kualanamu),North Sumatra,Sumatera Utara,2.888888888888889,9.000000000000004,46.921447910791194,2023,5,138,2,18,0.49999999999999994,-0.8660254037844387,0.6944521021088763,-0.719538934232584,Transition,2,1,5,15.3
2023-05-19,96035,SU,Sumatera Utara,23.2,31.2,27.3,85.0,7.7,8.8,,1010.8,,Medan (Kualanamu),North Sumatra,Sumatera Utara,2.4444444444444446,8.0,43.46174497299564,2023,5,139,2,19,0.49999999999999994,-0.8660254037844387,0.6819721490904629,-0.7313781428679254,Transition,2,1,5,7.7
2023-05-20,96035,SU,Sumatera Utara,23.0,33.4,28.0,81.0,14.5,10.1,,1009.5,,Medan (Kualanamu),North Sumatra,Sumatera Utara,2.8055555555555554,10.399999999999999,50.27323278220444,2023,5,140,2,20,0.49999999999999994,-0.8660254037844387,0.6692903895412567,-0.7430009249440493,Transition,2,1,5,14.5
2023-05-21,96035,SU,Sumatera Utara,23.2,33.6,27.3,84.0,3.7,7.0,,1010.9,,Medan (Kualanamu),North Sumatra,Sumatera Utara,1.9444444444444444,10.400000000000002,52.812978369031065,2023,5,141,2,21,0.49999999999999994,-0.8660254037844387,0.6564105761979381,-0.7544038410927472,Transition,2,1,5,3.7
2023-05-22,96035,SU,Sumatera Utara,24.8,31.8,27.2,84.0,8.3,8.8,,1011.5,,Medan (Kualanamu),North Sumatra,Sumatera Utara,2.4444444444444446,7.0,45.34485951159112,2023,5,142,2,22,0.49999999999999994,-0.8660254037844387,0.6433365204044917,-0.765583517007675,Transition,2,1,5,8.3
2023-05-23,96035,SU,Sumatera Utara,23.2,33.4,28.2,83.0,7.8,7.0,,1011.2,,Medan (Kualanamu),North Sumatra,Sumatera Utara,1.9444444444444444,10.2,51.3739667189511,2023,5,143,2,23,0.49999999999999994,-0.8660254037844387,0.6300720909843687,-0.7765366444428655,Transition,2,1,5,7.8
2023-05-24,96035,SU,Sumatera Utara,23.8,32.7,27.4,83.0,3.5,9.0,,1010.8,,Medan (Kualanamu),North Sumatra,Sumatera Utara,2.5,8.900000000000002,48.45426234367109,2023,5,144,2,24,0.49999999999999994,-0.8660254037844387,0.6166212130956382,-0.7872599821916922,Transition,2,1,5,3.5
2023-05-25,96035,SU,Sumatera Utara,24.0,32.7,28.1,82.0,9.0,8.3,,1010.8,,Medan (Kualanamu),North Sumatra,Sumatera Utara,2.305555555555556,8.700000000000003,47.95658505153569,2023,5,145,2,25,0.49999999999999994,-0.8660254037844387,0.6029878670694714,-0.7977503570459932,Transition,2,1,5,9.0
2023-05-26,96035,SU,Sumatera Utara,25.0,32.2,27.5,82.0,13.5,9.3,,1010.9,,Medan (Kualanamu),North Sumatra,Sumatera Utara,2.5833333333333335,7.200000000000003,45.99841968963577,2023,5,146,2,26,0.49999999999999994,-0.8660254037844387,0.5891760872322963,-0.8080046647350754,Transition,2,1,5,13.5
2023-05-27,96035,SU,Sumatera Utara,24.0,32.0,27.7,82.0,5.3,9.6,,1009.0,,Medan (Kualanamu),North Sumatra,Sumatera Utara,2.6666666666666665,8.0,45.23544914355571,2023,5,147,2,27,0.49999999999999994,-0.8660254037844387,0.5751899607119775,-0.8180198708443174,Transition,2,1,5,5.3
2023-05-28,96035,SU,Sumatera Utara,24.0,32.0,27.4,84.0,28.7,9.4,,1008.4,,Medan (Kualanamu),North Sumatra,Sumatera Utara,2.611111111111111,8.0,46.12722559911136,2023,5,148,2,28,0.49999999999999994,-0.8660254037844387,0.5610336262283677,-0.8277930117131022,Transition,2,1,5,28.7
2023-05-29,96035,SU,Sumatera Utara,24.5,34.0,28.7,78.0,2.1,9.1,,1008.8,,Medan (Kualanamu),North Sumatra,Sumatera Utara,2.5277777777777777,9.5,51.053567161777806,2023,5,149,2,29,0.49999999999999994,-0.8660254037844387,0.5467112728685939,-0.8373211953118121,Transition,2,1,5,2.1
2023-05-30,96035,SU,Sumatera Utara,24.4,33.4,28.3,79.0,0.9,9.1,,1008.8,,Medan (Kualanamu),North Sumatra,Sumatera Utara,2.5277777777777777,9.0,49.20297564787556,2023,5,150,2,30,0.49999999999999994,-0.8660254037844387,0.5322271388474397,-0.8466016020976267,Transition,2,1,5,0.9
2023-05-31,96035,SU,Sumatera Utara,24.8,33.0,28.6,81.0,4.0,6.9,,1008.7,,Medan (Kualanamu),North Sumatra,Sumatera Utara,1.9166666666666667,8.2,48.65180904844447,2023,5,151,2,31,0.49999999999999994,-0.8660254037844387,0.5175855102531889,-0.8556314858488706,Transition,2,1,5,4.0
2023-06-01,96035,SU,Sumatera Utara,25.0,32.0,28.7,79.0,2.5,9.7,,1008.5,,Medan (Kualanamu),North Sumatra,Sumatera Utara,2.694444444444444,7.0,43.94461332355576,2023,6,152,2,1,1.2246467991473532e-16,-1.0,0.5027907197793043,-0.8644081744776648,Dry Season,0,1,5,2.5
2023-06-02,96035,SU,Sumatera Utara,26.0,31.2,27.9,85.0,3.4,5.8,,1008.8,,Medan (Kualanamu),North Sumatra,Sumatera Utara,1.611111111111111,5.199999999999999,43.46174497299564,2023,6,153,2,2,1.2246467991473532e-16,-1.0,0.4878471454423119,-0.8729290708206411,Dry Season,0,1,5,3.4
2023-06-03,96035,SU,Sumatera Utara,24.0,32.3,27.4,87.0,4.1,7.4,,1009.2,,Medan (Kualanamu),North Sumatra,Sumatera Utara,2.055555555555556,8.299999999999997,48.78018882905771,2023,6,154,2,3,1.2246467991473532e-16,-1.0,0.47275920928627757,-0.881191653407483,Dry Season,0,1,5,4.1
2023-06-04,96035,SU,Sumatera Utara,24.0,31.0,27.1,88.0,4.5,8.9,,1009.2,,Medan (Kualanamu),North Sumatra,Sumatera Utara,2.4722222222222223,7.0,43.87568595955574,2023,6,155,2,4,1.2246467991473532e-16,-1.0,0.4575313760742512,-0.8891934772070711,Dry Season,0,1,5,4.5
2023-06-05,96035,SU,Sumatera Utara,24.0,32.3,28.3,82.0,13.3,10.2,,1008.2,,Medan (Kualanamu),North Sumatra,Sumatera Utara,2.833333333333333,8.299999999999997,46.384254019535476,2023,6,156,2,5,1.2246467991473532e-16,-1.0,0.44216815196707204,-0.8969321743510065,Dry Season,0,1,5,13.3
2023-06-06,96035,SU,Sumatera Utara,24.0,31.0,26.6,88.0,2.7,9.6,,1008.7,,Medan (Kualanamu),North Sumatra,Sumatera Utara,2.6666666666666665,7.0,43.87568595955574,2023,6,157,2,6,1.2246467991473532e-16,-1.0,0.42667408318992467,-0.9044054548343001,Dry Season,0,1,5,2.7
2023-06-07,96035,SU,Sumatera Utara,24.0,31.2,28.4,85.0,0.0,9.2,,1008.7,,Medan (Kualanamu),North Sumatra,Sumatera Utara,2.5555555555555554,7.199999999999999,43.46174497299564,2023,6,158,2,7,1.2246467991473532e-16,-1.0,0.4110537546870351,-0.9116111071930239,Dry Season,0,1,5,0.0
2023-06-08,96035,SU,Sumatera Utara,25.6,32.6,28.4,83.0,1.4,8.6,,1009.1,,Medan (Kualanamu),North Sumatra,Sumatera Utara,2.388888888888889,7.0,48.048888859751145,2023,6,159,2,8,1.2246467991473532e-16,-1.0,0.3953117887649151,-0.9185469991587165,Dry Season,0,1,5,1.4
2023-06-09,96035,SU,Sumatera Utara,24.5,34.0,28.6,80.0,1.5,7.5,,1008.2,,Medan (Kualanamu),North Sumatra,Sumatera Utara,2.0833333333333335,9.5,52.203904213777804,2023,6,160,2,9,1.2246467991473532e-16,-1.0,0.37945284372454435,-0.925211078289358,Dry Season,0,1,5,1.5
2023-06-10,96035,SU,Sumatera Utara,24.5,32.5,28.6,80.0,9.6,10.9,,1007.7,,Medan (Kualanamu),North Sumatra,Sumatera Utara,3.0277777777777777,8.0,46.2211828652779,2023,6,161,2,10,1.2246467991473532e-16,-1.0,0.36348161248290634,-0.9316013725767187,Dry Season,0,1,5,9.6
2023-06-11,96035,SU,Sumatera Utara,24.0,32.6,27.3,82.0,5.1,11.7,,1007.7,,Medan (Kualanamu),North Sumatra,Sumatera Utara,3.2499999999999996,8.600000000000001,47.559153236675634,2023,6,162,2,11,1.2246467991473532e-16,-1.0,0.3474028211842774,-0.9377159910299093,Dry Season,0,1,5,5.1
2023-06-12,96035,SU,Sumatera Utara,23.7,32.7,27.1,83.0,1.0,9.4,,1007.8,,Medan (Kualanamu),North Sumatra,Sumatera Utara,2.611111111111111,9.000000000000004,48.45426234367109,2023,6,163,2,12,1.2246467991473532e-16,-1.0,0.3312212278016865,-0.9435531242349544,Dry Season,0,1,5,1.0
2023-06-13,96035,SU,Sumatera Utara,23.7,34.0,28.9,81.0,2.3,9.2,,1008.0,,Medan (Kualanamu),North Sumatra,Sumatera Utara,2.5555555555555554,10.3,52.791372800444464,2023,6,164,2,13,1.2246467991473532e-16,-1.0,0.31494162072895193,-0.9491110448902284,Dry Season,0,1,5,2.3
2023-06-14,96035,SU,Sumatera Utara,24.2,32.4,27.9,80.0,16.9,10.9,,1009.8,,Medan (Kualanamu),North Sumatra,Sumatera Utara,3.0277777777777777,8.2,45.84500768193783,2023,6,165,2,14,1.2246467991473532e-16,-1.0,0.2985688173637202,-0.9543881083175908,Dry Season,0,1,5,16.9
2023-06-15,96035,SU,Sumatera Utara,25.0,34.0,28.7,79.0,0.9,7.8,,1009.3,,Medan (Kualanamu),North Sumatra,Sumatera Utara,2.1666666666666665,9.0,51.624635667555665,2023,6,166,2,15,1.2246467991473532e-16,-1.0,0.2821076626819194,-0.9593827529490743,Dry Season,0,1,5,0.9
2023-06-16,96035,SU,Sumatera Utara,25.0,33.3,28.7,77.0,0.0,8.9,,1008.1,,Medan (Kualanamu),North Sumatra,Sumatera Utara,2.4722222222222223,8.299999999999997,47.784851117324514,2023,6,167,2,16,1.2246467991473532e-16,-1.0,0.26556302780405594,-0.9640935007889755,Dry Season,0,1,5,0.0
2023-06-17,96035,SU,Sumatera Utara,25.0,33.2,28.7,78.0,10.8,9.3,,1008.6,,Medan (Kualanamu),North Sumatra,Sumatera Utara,2.5833333333333335,8.200000000000003,47.90999171313795,2023,6,168,2,17,1.2246467991473532e-16,-1.0,0.24893980855376657,-0.9685189578512204,Dry Season,0,1,5,10.8
2023-06-18,96035,SU,Sumatera Utara,25.0,32.0,27.8,82.0,0.0,7.4,,1009.9,,Medan (Kualanamu),North Sumatra,Sumatera Utara,2.055555555555556,7.0,45.23544914355571,2023,6,169,2,18,1.2246467991473532e-16,-1.0,0.23224292400907015,-0.9726578145718654,Dry Season,0,1,5,0.0
2023-06-19,96035,SU,Sumatera Utara,25.0,32.0,28.7,76.0,1.8,11.7,,1008.9,,Medan (Kualanamu),North Sumatra,Sumatera Utara,3.2499999999999996,7.0,42.70997213955573,2023,6,170,2,19,1.2246467991473532e-16,-1.0,0.21547731504673012,-0.976508846196619,Dry Season,0,1,5,1.8
2023-06-20,96035,SU,Sumatera Utara,25.0,32.1,28.8,78.0,0.1,9.4,,1008.8,,Medan (Kualanamu),North Sumatra,Sumatera Utara,2.611111111111111,7.100000000000001,43.87686096951789,2023,6,171,2,20,1.2246467991473532e-16,-1.0,0.19864794288017112,-0.9800709131432666,Dry Season,0,1,5,0.1
2023-06-21,96035,SU,Sumatera Utara,25.3,32.1,28.3,83.0,4.2,8.9,,1009.4,,Medan (Kualanamu),North Sumatra,Sumatera Utara,2.4722222222222223,6.800000000000001,46.06599821935107,2023,6,172,2,21,1.2246467991473532e-16,-1.0,0.18175978759137534,-0.9833429613388902,Dry Season,0,1,5,4.2
2023-06-22,96035,SU,Sumatera Utara,25.6,32.0,27.7,89.0,12.8,6.9,,1009.4,,Medan (Kualanamu),North Sumatra,Sumatera Utara,1.9166666666666667,6.399999999999999,48.4659340857778,2023,6,173,2,22,1.2246467991473532e-16,-1.0,0.16481784665719793,-0.9863240225317866,Dry Season,0,1,5,12.8
2023-06-23,96035,SU,Sumatera Utara,24.8,30.4,26.7,90.0,15.0,7.0,,1009.1,,Medan (Kualanamu),North Sumatra,Sumatera Utara,1.9444444444444444,5.599999999999998,42.26480512620453,2023,6,174,2,23,1.2246467991473532e-16,-1.0,0.14782713347053048,-0.9890132145779883,Dry Season,0,1,5,15.0
2023-06-24,96035,SU,Sumatera Utara,24.8,32.8,28.2,83.0,3.8,9.7,,1008.6,,Medan (Kualanamu),North Sumatra,Sumatera Utara,2.694444444444444,7.9999999999999964,48.86256761287125,2023,6,175,2,24,1.2246467991473532e-16,-1.0,0.13079267585675922,-0.9914097417023038,Dry Season,0,1,5,3.8
2023-06-25,96035,SU,Sumatera Utara,24.6,32.8,28.1,83.0,7.2,8.3,,1008.5,,Medan (Kualanamu),North Sumatra,Sumatera Utara,2.305555555555556,8.199999999999996,48.86256761287125,2023,6,176,2,25,1.2246467991473532e-16,-1.0,0.11371951458594969,-0.9935128947338007,Dry Season,0,1,5,7.2
2023-06-26,96035,SU,Sumatera Utara,25.0,31.0,27.9,83.0,1.6,7.0,,1009.1,,Medan (Kualanamu),North Sumatra,Sumatera Utara,1.9444444444444444,6.0,41.961635915111245,2023,6,177,2,26,1.2246467991473532e-16,-1.0,0.0966127018812031,-0.9953220513156602,Dry Season,0,1,5,1.6
2023-06-27,96035,SU,Sumatera Utara,24.7,32.2,27.3,85.0,11.6,8.8,,1009.4,,Medan (Kualanamu),North Sumatra,Sumatera Utara,2.4444444444444446,7.5000000000000036,47.39262509139572,2023,6,178,2,27,1.2246467991473532e-16,-1.0,0.07947729992362097,-0.9968366760893436,Dry Season,0,1,5,11.6
2023-06-28,96035,SU,Sumatera Utara,25.0,32.3,27.9,83.0,16.7,10.3,,1010.0,,Medan (Kualanamu),North Sumatra,Sumatera Utara,2.861111111111111,7.299999999999997,46.850359119671076,2023,6,179,2,28,1.2246467991473532e-16,-1.0,0.062318379354325076,-0.998056320853012,Dry Season,0,1,5,16.7
2023-06-29,96035,SU,Sumatera Utara,24.0,32.0,27.9,78.0,19.2,11.7,,1009.5,,Medan (Kualanamu),North Sumatra,Sumatera Utara,3.2499999999999996,8.0,43.52682241377802,2023,6,180,2,29,1.2246467991473532e-16,-1.0,0.04514101777397193,-0.9989806246941579,Dry Season,0,1,5,19.2
2023-06-30,96035,SU,Sumatera Utara,24.0,32.8,27.7,85.0,29.7,8.3,,1009.1,,Medan (Kualanamu),North Sumatra,Sumatera Utara,2.305555555555556,8.799999999999997,49.89496997139557,2023,6,181,2,30,1.2246467991473532e-16,-1.0,0.02795029824021032,-0.999609314096404,Dry Season,0,1,5,29.7
2023-07-01,96035,SU,Sumatera Utara,24.8,31.9,27.9,81.0,1.5,9.3,,1009.8,,Medan (Kualanamu),North Sumatra,Sumatera Utara,2.5833333333333335,7.099999999999998,44.429405929004474,2023,7,182,3,1,-0.4999999999999997,-0.8660254037844388,0.01075130776352193,-0.9999422030204416,Dry Season,0,1,5,1.5
2023-07-02,96035,SU,Sumatera Utara,25.6,32.0,28.1,84.0,0.0,10.6,,1009.7,,Medan (Kualanamu),North Sumatra,Sumatera Utara,2.944444444444444,6.399999999999999,46.12722559911136,2023,7,183,3,2,-0.4999999999999997,-0.8660254037844388,-0.00645086419810515,-0.9999791929590823,Dry Season,0,1,5,0.0
2023-07-03,96035,SU,Sumatera Utara,25.0,33.1,28.7,83.0,0.2,8.6,,1009.3,,Medan (Kualanamu),North Sumatra,Sumatera Utara,2.388888888888889,8.100000000000001,50.10507413215112,2023,7,184,3,3,-0.4999999999999997,-0.8660254037844388,-0.023651127245231586,-0.9997202729664083,Dry Season,0,1,5,0.2
2023-07-04,96035,SU,Sumatera Utara,25.4,33.0,28.6,84.0,2.5,7.4,,1008.8,,Medan (Kualanamu),North Sumatra,Sumatera Utara,2.055555555555556,7.600000000000001,50.21689939911124,2023,7,185,3,4,-0.4999999999999997,-0.8660254037844388,-0.04084439154329611,-0.9991655196610109,Dry Season,0,1,5,2.5
2023-07-05,96035,SU,Sumatera Utara,24.2,32.2,28.1,84.0,7.7,7.0,,1009.0,,Medan (Kualanamu),North Sumatra,Sumatera Utara,1.9444444444444444,8.000000000000004,46.921447910791194,2023,7,186,3,5,-0.4999999999999997,-0.8660254037844388,-0.05802556932878035,-0.9983150972033183,Dry Season,0,1,5,7.7
2023-07-06,96035,SU,Sumatera Utara,25.3,32.8,28.5,83.0,0.3,7.8,,1010.1,,Medan (Kualanamu),North Sumatra,Sumatera Utara,2.1666666666666665,7.4999999999999964,48.86256761287125,2023,7,187,3,6,-0.4999999999999997,-0.8660254037844388,-0.07518957641475855,-0.9971692572470178,Dry Season,0,1,5,0.3
2023-07-07,96035,SU,Sumatera Utara,25.8,33.0,29.1,79.0,10.0,8.5,,1010.2,,Medan (Kualanamu),North Sumatra,Sumatera Utara,2.361111111111111,7.199999999999999,47.64456102355569,2023,7,188,3,7,-0.4999999999999997,-0.8660254037844388,-0.09233133369539122,-0.9957283388645872,Dry Season,0,1,5,10.0
2023-07-08,96035,SU,Sumatera Utara,24.0,31.2,27.3,86.0,21.7,8.6,,1010.4,,Medan (Kualanamu),North Sumatra,Sumatera Utara,2.388888888888889,7.199999999999999,43.86003667628452,2023,7,189,3,8,-0.4999999999999997,-0.8660254037844388,-0.10944576864891556,-0.993992768446958,Dry Season,0,1,5,21.7
2023-07-09,96035,SU,Sumatera Utara,24.6,31.0,27.4,88.0,9.5,8.0,,1009.6,,Medan (Kualanamu),North Sumatra,Sumatera Utara,2.2222222222222223,6.399999999999999,43.87568595955574,2023,7,190,3,9,-0.4999999999999997,-0.8660254037844388,-0.12652781683868314,-0.9919630595773397,Dry Season,0,1,5,9.5
2023-07-10,96035,SU,Sumatera Utara,23.8,31.2,26.6,88.0,9.2,8.4,,1009.2,,Medan (Kualanamu),North Sumatra,Sumatera Utara,2.3333333333333335,7.399999999999999,44.67295605571568,2023,7,191,3,10,-0.4999999999999997,-0.8660254037844388,-0.1435724234118113,-0.9896398128792412,Dry Season,0,1,5,9.2
2023-07-11,96035,SU,Sumatera Utara,23.4,32.4,27.3,88.0,11.2,6.8,,1010.0,,Medan (Kualanamu),North Sumatra,Sumatera Utara,1.8888888888888888,9.0,49.71627996019563,2023,7,192,3,11,-0.4999999999999997,-0.8660254037844388,-0.16057454459499376,-0.9870237158387383,Dry Season,0,1,5,11.2
2023-07-12,96035,SU,Sumatera Utara,25.0,29.1,27.0,88.0,10.4,8.2,,1010.1,,Medan (Kualanamu),North Sumatra,Sumatera Utara,2.2777777777777777,4.100000000000001,36.91841544889578,2023,7,193,3,12,-0.4999999999999997,-0.8660254037844388,-0.17752914918703497,-0.984115542601034,Dry Season,0,1,5,10.4
2023-07-13,96035,SU,Sumatera Utara,24.0,32.0,27.8,82.0,9.3,8.4,,1010.6,,Medan (Kualanamu),North Sumatra,Sumatera Utara,2.3333333333333335,8.0,45.23544914355571,2023,7,194,3,13,-0.4999999999999997,-0.8660254037844388,-0.19443122004766195,-0.9809161537413774,Dry Season,0,1,5,9.3
2023-07-14,96035,SU,Sumatera Utara,23.8,27.0,25.3,95.0,4.3,6.7,,1011.3,,Medan (Kualanamu),North Sumatra,Sumatera Utara,1.8611111111111112,3.1999999999999993,31.273927648444424,2023,7,195,3,14,-0.4999999999999997,-0.8660254037844388,-0.2112757555821793,-0.9774264960104055,Dry Season,0,1,5,4.3
2023-07-15,96035,SU,Sumatera Utara,22.0,32.5,27.9,77.0,0.0,7.2,,1010.2,,Medan (Kualanamu),North Sumatra,Sumatera Utara,2.0,10.5,44.85656299444463,2023,7,196,3,15,-0.4999999999999997,-0.8660254037844388,-0.2280577712215198,-0.9736476020539838,Dry Season,0,1,5,0.0
2023-07-16,96035,SU,Sumatera Utara,24.0,32.0,28.4,79.0,1.0,9.4,,1008.7,,Medan (Kualanamu),North Sumatra,Sumatera Utara,2.611111111111111,8.0,43.94461332355576,2023,7,197,3,16,-0.4999999999999997,-0.8660254037844388,-0.24477230089725957,-0.9695805901076308,Dry Season,0,1,5,1.0
2023-07-17,96035,SU,Sumatera Utara,25.0,32.0,28.4,82.0,9.6,10.4,,1007.9,,Medan (Kualanamu),North Sumatra,Sumatera Utara,2.888888888888889,7.0,45.23544914355571,2023,7,198,3,17,-0.4999999999999997,-0.8660254037844388,-0.2614143985111562,-0.965226663665613,Dry Season,0,1,5,9.6
2023-07-18,96035,SU,Sumatera Utara,25.0,32.4,27.8,87.0,13.3,8.9,,1008.3,,Medan (Kualanamu),North Sumatra,Sumatera Utara,2.4722222222222223,7.399999999999999,49.209132074097845,2023,7,199,3,18,-0.4999999999999997,-0.8660254037844388,-0.2779791393987801,-0.9605871111248129,Dry Season,0,1,5,13.3
2023-07-19,96035,SU,Sumatera Utara,24.9,29.0,26.7,88.0,5.4,8.0,,1008.3,,Medan (Kualanamu),North Sumatra,Sumatera Utara,2.2222222222222223,4.100000000000001,36.58316037955556,2023,7,200,3,19,-0.4999999999999997,-0.8660254037844388,-0.2944616217868012,-0.9556633054034704,Dry Season,0,1,5,5.4
2023-07-20,96035,SU,Sumatera Utara,25.0,31.0,27.9,86.0,12.5,12.0,,1008.3,,Medan (Kualanamu),North Sumatra,Sumatera Utara,3.333333333333333,6.0,43.094333160444656,2023,7,201,3,20,-0.4999999999999997,-0.8660254037844388,-0.3108569682435036,-0.9504567035349151,Dry Season,0,1,5,12.5
2023-07-21,96035,SU,Sumatera Utara,24.8,33.9,28.3,81.0,10.4,11.4,,1009.1,,Medan (Kualanamu),North Sumatra,Sumatera Utara,3.1666666666666665,9.099999999999998,52.36451576260448,2023,7,202,3,21,-0.4999999999999997,-0.8660254037844388,-0.3271603271220951,-0.9449688462364056,Dry Season,0,1,5,10.4
2023-07-22,96035,SU,Sumatera Utara,25.0,32.2,28.3,84.0,5.4,9.2,,1010.0,,Medan (Kualanamu),North Sumatra,Sumatera Utara,2.5555555555555554,7.200000000000003,46.921447910791194,2023,7,203,3,22,-0.4999999999999997,-0.8660254037844388,-0.34336687399638804,-0.939201357453208,Dry Season,0,1,5,5.4
2023-07-23,96035,SU,Sumatera Utara,24.8,32.8,28.2,86.0,0.3,7.7,,1010.0,,Medan (Kualanamu),North Sumatra,Sumatera Utara,2.138888888888889,7.9999999999999964,50.42172095468452,2023,7,204,3,23,-0.4999999999999997,-0.8660254037844388,-0.3594718130884232,-0.9331559438780432,Dry Season,0,1,5,0.3
2023-07-24,96035,SU,Sumatera Utara,25.0,33.2,28.6,82.0,2.0,8.5,,1008.9,,Medan (Kualanamu),North Sumatra,Sumatera Utara,2.361111111111111,8.200000000000003,49.98723469443562,2023,7,205,3,24,-0.4999999999999997,-0.8660254037844388,-0.3754703786876202,-0.9268343944460494,Dry Season,0,1,5,2.0
2023-07-25,96035,SU,Sumatera Utara,25.0,34.0,29.1,79.0,0.0,7.9,,1009.1,,Medan (Kualanamu),North Sumatra,Sumatera Utara,2.1944444444444446,9.0,51.624635667555665,2023,7,206,3,25,-0.4999999999999997,-0.8660254037844388,-0.3913578365610259,-0.9202385798054075,Dry Season,0,1,5,0.0
2023-07-26,96035,SU,Sumatera Utara,25.0,33.2,28.9,83.0,3.6,7.0,,1009.9,,Medan (Kualanamu),North Sumatra,Sumatera Utara,1.9444444444444444,8.200000000000003,50.52510654247124,2023,7,207,3,26,-0.4999999999999997,-0.8660254037844388,-0.4071294853542516,-0.9133704517637858,Dry Season,0,1,5,3.6
2023-07-27,96035,SU,Sumatera Utara,26.0,33.4,28.6,81.0,11.2,10.1,,1010.1,,Medan (Kualanamu),North Sumatra,Sumatera Utara,2.8055555555555554,7.399999999999999,50.27323278220444,2023,7,208,3,27,-0.4999999999999997,-0.8660254037844388,-0.4227806579826773,-0.9062320427107697,Dry Season,0,1,5,11.2
2023-07-28,96035,SU,Sumatera Utara,24.8,33.6,29.2,77.0,3.2,9.9,,1009.1,,Medan (Kualanamu),North Sumatra,Sumatera Utara,2.75,8.8,48.92808916876442,2023,7,209,3,28,-0.4999999999999997,-0.8660254037844388,-0.4383067230125192,-0.898825465016444,Dry Season,0,1,5,3.2
2023-07-29,96035,SU,Sumatera Utara,25.9,34.0,29.6,78.0,8.4,9.9,,1008.8,,Medan (Kualanamu),North Sumatra,Sumatera Utara,2.75,8.100000000000001,51.053567161777806,2023,7,210,3,29,-0.4999999999999997,-0.8660254037844388,-0.45370308603134424,-0.8911529104063088,Dry Season,0,1,5,8.4
2023-07-30,96035,SU,Sumatera Utara,23.6,33.2,27.4,87.0,40.7,13.5,,1008.7,,Medan (Kualanamu),North Sumatra,Sumatera Utara,3.75,9.600000000000001,52.75083834545785,2023,7,211,3,30,-0.4999999999999997,-0.8660254037844388,-0.46896519100763184,-0.8832166493127127,Dry Season,0,1,5,40.7
2023-07-31,96035,SU,Sumatera Utara,24.2,33.0,27.9,85.0,12.4,9.7,,1008.8,,Medan (Kualanamu),North Sumatra,Sumatera Utara,2.694444444444444,8.8,50.753054399555715,2023,7,212,3,31,-0.4999999999999997,-0.8660254037844388,-0.48408852163897587,-0.8750190302029955,Dry Season,0,1,5,12.4
2023-08-01,96035,SU,Sumatera Utara,25.8,30.2,27.4,88.0,13.7,7.4,,1009.9,,Medan (Kualanamu),North Sumatra,Sumatera Utara,2.055555555555556,4.399999999999999,40.81027382611574,2023,8,213,3,1,-0.8660254037844385,-0.5000000000000004,-0.4990686026885319,-0.8665624788845385,Dry Season,0,1,5,13.7
2023-08-02,96035,SU,Sumatera Utara,25.0,32.0,28.3,80.0,6.4,10.4,,1010.0,,Medan (Kualanamu),North Sumatra,Sumatera Utara,2.888888888888889,7.0,44.36864808177802,2023,8,214,3,2,-0.8660254037844385,-0.5000000000000004,-0.5139010013093103,-0.8578494977869301,Dry Season,0,1,5,6.4
2023-08-03,96035,SU,Sumatera Utara,25.0,32.0,28.4,82.0,1.3,11.7,,1011.0,,Medan (Kualanamu),North Sumatra,Sumatera Utara,3.2499999999999996,7.0,45.23544914355571,2023,8,215,3,3,-0.8660254037844385,-0.5000000000000004,-0.5285813283559292,-0.8488826652214553,Dry Season,0,1,5,1.3
2023-08-04,96035,SU,Sumatera Utara,24.7,33.2,28.3,82.0,0.3,10.9,,1012.0,,Medan (Kualanamu),North Sumatra,Sumatera Utara,3.0277777777777777,8.500000000000004,49.98723469443562,2023,8,216,3,4,-0.8660254037844385,-0.5000000000000004,-0.5431052396834317,-0.8396646346181327,Dry Season,0,1,5,0.3
2023-08-05,96035,SU,Sumatera Utara,25.4,32.4,27.8,85.0,11.6,6.5,,1012.6,,Medan (Kualanamu),North Sumatra,Sumatera Utara,1.8055555555555556,7.0,48.214755317315564,2023,8,217,3,5,-0.8660254037844385,-0.5000000000000004,-0.5574684374327892,-0.8301981337405212,Dry Season,0,1,5,11.6
2023-08-06,96035,SU,Sumatera Utara,24.0,32.6,27.6,85.0,9.2,9.4,,1011.8,,Medan (Kualanamu),North Sumatra,Sumatera Utara,2.611111111111111,8.600000000000001,49.04887027731555,2023,8,218,3,6,-0.8660254037844385,-0.5000000000000004,-0.5716666713027052,-0.8204859638785327,Dry Season,0,1,5,9.2
2023-08-07,96035,SU,Sumatera Utara,23.0,32.6,27.6,83.0,25.9,8.4,,1010.4,,Medan (Kualanamu),North Sumatra,Sumatera Utara,2.3333333333333335,9.600000000000001,48.048888859751145,2023,8,219,3,7,-0.8660254037844385,-0.5000000000000004,-0.5856957398073508,-0.8105309990194823,Dry Season,0,1,5,25.9
2023-08-08,96035,SU,Sumatera Utara,24.0,31.6,27.2,84.0,3.0,8.0,,1011.0,,Medan (Kualanamu),North Sumatra,Sumatera Utara,2.2222222222222223,7.600000000000001,44.57434964823116,2023,8,220,3,8,-0.8660254037844385,-0.5000000000000004,-0.5995514915196489,-0.8003361849976323,Dry Season,0,1,5,3.0
2023-08-09,96035,SU,Sumatera Utara,24.0,31.4,26.7,85.0,11.0,9.1,,1011.6,,Medan (Kualanamu),North Sumatra,Sumatera Utara,2.5277777777777777,7.399999999999999,44.223951528515556,2023,8,221,3,9,-0.8660254037844385,-0.5000000000000004,-0.6132298262997502,-0.7899045386224707,Dry Season,0,1,5,11.0
2023-08-10,96035,SU,Sumatera Utara,24.0,31.0,26.6,87.0,13.7,8.1,,1012.1,,Medan (Kualanamu),North Sumatra,Sumatera Utara,2.25,7.0,43.48238742977792,2023,8,222,3,10,-0.8660254037844385,-0.5000000000000004,-0.6267266965083301,-0.7792391467859886,Dry Season,0,1,5,13.7
2023-08-11,96035,SU,Sumatera Utara,24.9,32.6,27.8,82.0,12.0,9.0,,1010.9,,Medan (Kualanamu),North Sumatra,Sumatera Utara,2.5,7.700000000000003,47.559153236675634,2023,8,223,3,11,-0.8660254037844385,-0.5000000000000004,-0.6400381082043503,-0.7683431655492202,Dry Season,0,1,5,12.0
2023-08-12,96035,SU,Sumatera Utara,24.0,32.0,27.9,83.0,7.6,9.1,,1010.1,,Medan (Kualanamu),North Sumatra,Sumatera Utara,2.5277777777777777,8.0,45.67821544711137,2023,8,224,3,12,-0.8660254037844385,-0.5000000000000004,-0.65316012232693,-0.7572198192083127,Dry Season,0,1,5,7.6
2023-08-13,96035,SU,Sumatera Utara,23.4,31.2,27.4,87.0,17.2,8.5,,1010.1,,Medan (Kualanamu),North Sumatra,Sumatera Utara,2.361111111111111,7.800000000000001,44.263773703857986,2023,8,225,3,13,-0.8660254037844385,-0.5000000000000004,-0.666088855860977,-0.7458723993404063,Dry Season,0,1,5,17.2
2023-08-14,96035,SU,Sumatera Utara,24.0,29.0,25.9,92.0,10.8,9.7,,1010.8,,Medan (Kualanamu),North Sumatra,Sumatera Utara,2.694444444444444,5.0,37.58091654311115,2023,8,226,3,14,-0.8660254037844385,-0.5000000000000004,-0.6788204829862355,-0.734304263829602,Dry Season,0,1,5,10.8
2023-08-15,96035,SU,Sumatera Utara,24.6,32.4,27.1,85.0,16.8,11.1,,1011.0,,Medan (Kualanamu),North Sumatra,Sumatera Utara,3.083333333333333,7.799999999999997,48.214755317315564,2023,8,227,3,15,-0.8660254037844385,-0.5000000000000004,-0.6913512362094071,-0.722518835873311,Dry Season,0,1,5,16.8
2023-08-16,96035,SU,Sumatera Utara,23.5,31.3,27.3,88.0,14.0,11.9,,1010.8,,Medan (Kualanamu),North Sumatra,Sumatera Utara,3.3055555555555554,7.800000000000001,45.07622866321562,2023,8,228,3,16,-0.8660254037844385,-0.5000000000000004,-0.7036774074790128,-0.7105196029692745,Dry Season,0,1,5,14.0
2023-08-17,96035,SU,Sumatera Utara,24.1,32.0,27.1,85.0,10.2,8.7,,1010.9,,Medan (Kualanamu),North Sumatra,Sumatera Utara,2.4166666666666665,7.899999999999999,46.58247959955565,2023,8,229,3,17,-0.8660254037844385,-0.5000000000000004,-0.7157953492826642,-0.6983101158835584,Dry Season,0,1,5,10.2
2023-08-18,96035,SU,Sumatera Utara,25.0,31.4,27.0,86.0,12.3,8.3,,1009.8,,Medan (Kualanamu),North Sumatra,Sumatera Utara,2.305555555555556,6.399999999999999,44.63785286300441,2023,8,230,3,18,-0.8660254037844385,-0.5000000000000004,-0.7277014757264236,-0.6858939875998223,Dry Season,0,1,5,12.3
2023-08-19,96035,SU,Sumatera Utara,23.0,32.0,27.5,83.0,3.5,9.1,,1009.6,,Medan (Kualanamu),North Sumatra,Sumatera Utara,2.5277777777777777,9.0,45.67821544711137,2023,8,231,3,19,-0.8660254037844385,-0.5000000000000004,-0.7393922635959241,-0.673274892250183,Dry Season,0,1,5,3.5
2023-08-20,96035,SU,Sumatera Utara,23.6,31.6,27.3,86.0,7.6,8.2,,1009.2,,Medan (Kualanamu),North Sumatra,Sumatera Utara,2.2777777777777777,8.0,45.427781720604436,2023,8,232,3,20,-0.8660254037844385,-0.5000000000000004,-0.7508642533989489,-0.6604565640279754,Dry Season,0,1,5,7.6
2023-08-21,96035,SU,Sumatera Utara,24.7,32.0,27.7,85.0,0.9,12.6,,1009.3,,Medan (Kualanamu),North Sumatra,Sumatera Utara,3.5,7.300000000000001,46.58247959955565,2023,8,233,3,21,-0.8660254037844385,-0.5000000000000004,-0.7621140503891487,-0.6474427960827475,Dry Season,0,1,5,0.9
2023-08-22,96035,SU,Sumatera Utara,25.0,32.3,27.1,89.0,32.5,8.4,,1009.1,,Medan (Kualanamu),North Sumatra,Sumatera Utara,2.3333333333333335,7.299999999999997,49.78434926905777,2023,8,234,3,22,-0.8660254037844385,-0.5000000000000004,-0.7731383255706026,-0.6342374393978054,Dry Season,0,1,5,32.5
2023-08-23,96035,SU,Sumatera Utara,23.7,31.6,26.3,91.0,17.0,10.1,,1009.8,,Medan (Kualanamu),North Sumatra,Sumatera Utara,2.8055555555555554,7.900000000000002,47.66366222211559,2023,8,235,3,23,-0.8660254037844385,-0.5000000000000004,-0.7839338166829201,-0.620844401650647,Dry Season,0,1,5,17.0
2023-08-24,96035,SU,Sumatera Utara,23.2,28.4,25.3,94.0,4.5,6.1,,1010.1,,Medan (Kualanamu),North Sumatra,Sumatera Utara,1.6944444444444442,5.199999999999999,35.880780306275646,2023,8,236,3,24,-0.8660254037844385,-0.5000000000000004,-0.7944973291665992,-0.6072676460566135,Dry Season,0,1,5,4.5
2023-08-25,96035,SU,Sumatera Utara,23.6,31.0,27.3,87.0,8.6,8.4,,1009.7,,Medan (Kualanamu),North Sumatra,Sumatera Utara,2.3333333333333335,7.399999999999999,43.48238742977792,2023,8,237,3,25,-0.8660254037844385,-0.5000000000000004,-0.8048257371083452,-0.593511190196115,Dry Season,0,1,5,8.6
2023-08-26,96035,SU,Sumatera Utara,23.0,31.4,26.6,86.0,23.5,9.6,,1010.9,,Medan (Kualanamu),North Sumatra,Sumatera Utara,2.6666666666666665,8.399999999999999,44.63785286300441,2023,8,238,3,26,-0.8660254037844385,-0.5000000000000004,-0.8149159841660791,-0.5795791048257612,Dry Season,0,1,5,23.5
2023-08-27,96035,SU,Sumatera Utara,23.4,32.0,27.9,84.0,4.0,8.1,,1009.7,,Medan (Kualanamu),North Sumatra,Sumatera Utara,2.25,8.600000000000001,46.12722559911136,2023,8,239,3,27,-0.8660254037844385,-0.5000000000000004,-0.8247650844733614,-0.5654755126737576,Dry Season,0,1,5,4.0
2023-08-28,96035,SU,Sumatera Utara,24.0,32.4,27.8,85.0,1.6,10.4,,1009.0,,Medan (Kualanamu),North Sumatra,Sumatera Utara,2.888888888888889,8.399999999999999,48.214755317315564,2023,8,240,3,28,-0.8660254037844385,-0.5000000000000004,-0.8343701235229538,-0.5512045872199277,Dry Season,0,1,5,1.6
2023-08-29,96035,SU,Sumatera Utara,24.8,32.1,27.8,85.0,5.2,10.7,,1008.6,,Medan (Kualanamu),North Sumatra,Sumatera Utara,2.972222222222222,7.300000000000001,46.98605425371568,2023,8,241,3,29,-0.8660254037844385,-0.5000000000000004,-0.8437282590292712,-0.5367705514607103,Dry Season,0,1,5,5.2
2023-08-30,96035,SU,Sumatera Utara,24.4,32.0,27.7,86.0,2.8,9.4,,1009.3,,Medan (Kualanamu),North Sumatra,Sumatera Utara,2.611111111111111,7.600000000000001,47.04397744844471,2023,8,242,3,30,-0.8660254037844385,-0.5000000000000004,-0.8528367217694595,-0.522177676659508,Dry Season,0,1,5,2.8
2023-08-31,96035,SU,Sumatera Utara,24.7,32.1,27.8,85.0,15.4,9.8,,1009.5,,Medan (Kualanamu),North Sumatra,Sumatera Utara,2.7222222222222223,7.400000000000002,46.98605425371568,2023,8,243,3,31,-0.8660254037844385,-0.5000000000000004,-0.8616928164028522,-0.5074302810827518,Dry Season,0,1,5,15.4
2023-09-01,96035,SU,Sumatera Utara,24.9,31.0,26.9,88.0,11.7,7.7,,1009.8,,Medan (Kualanamu),North Sumatra,Sumatera Utara,2.138888888888889,6.100000000000001,43.87568595955574,2023,9,244,3,1,-1.0,-1.8369701987210297e-16,-0.8702939222685674,-0.49253272872205434,Dry Season,0,1,5,11.7
2023-09-02,96035,SU,Sumatera Utara,24.0,32.0,27.5,87.0,2.0,9.9,,1009.0,,Medan (Kualanamu),North Sumatra,Sumatera Utara,2.75,8.0,47.51171914577806,2023,9,245,3,2,-1.0,-1.8369701987210297e-16,-0.8786374941610001,-0.4774894280028391,Dry Season,0,1,5,2.0
2023-09-03,96035,SU,Sumatera Utara,24.0,32.0,27.4,90.0,14.2,10.8,,1007.6,,Medan (Kualanamu),North Sumatra,Sumatera Utara,3.0,8.0,48.95240732844463,2023,9,246,3,3,-1.0,-1.8369701987210297e-16,-0.886721063082993,-0.46230483047981086,Dry Season,0,1,5,14.2
2023-09-04,96035,SU,Sumatera Utara,23.9,29.4,26.8,90.0,14.3,6.4,,1007.2,,Medan (Kualanamu),North Sumatra,Sumatera Utara,1.777777777777778,5.5,38.49516107340448,2023,9,247,3,4,-1.0,-1.8369701987210297e-16,-0.8945422369764496,-0.4469834295196741,Dry Season,0,1,5,14.3
2023-09-05,96035,SU,Sumatera Utara,24.7,28.9,25.6,96.0,29.9,9.3,,1009.1,,Medan (Kualanamu),North Sumatra,Sumatera Utara,2.5833333333333335,4.199999999999999,38.23592960863779,2023,9,248,3,5,-1.0,-1.8369701987210297e-16,-0.9020987014301837,-0.43152975897147144,Dry Season,0,1,5,29.9
2023-09-06,96035,SU,Sumatera Utara,24.0,31.0,26.8,89.0,6.0,9.4,,1010.3,,Medan (Kualanamu),North Sumatra,Sumatera Utara,2.611111111111111,7.0,44.274228749777926,2023,9,249,3,6,-1.0,-1.8369701987210297e-16,-0.9093882203647925,-0.4159483918249421,Dry Season,0,1,5,6.0
2023-09-07,96035,SU,Sumatera Utara,24.0,31.0,27.5,86.0,0.0,7.3,,1010.2,,Medan (Kualanamu),North Sumatra,Sumatera Utara,2.0277777777777777,7.0,43.094333160444656,2023,9,250,3,7,-1.0,-1.8369701987210297e-16,-0.9164086366943458,-0.4002439388573056,Dry Season,0,1,5,0.0
2023-09-08,96035,SU,Sumatera Utara,24.3,32.8,28.6,84.0,0.9,7.0,,1010.2,,Medan (Kualanamu),North Sumatra,Sumatera Utara,1.9444444444444444,8.499999999999996,49.37525219079113,2023,9,251,3,8,-1.0,-1.8369701987210297e-16,-0.9231578729647039,-0.38442104726885545,Dry Season,0,1,5,0.9
2023-09-09,96035,SU,Sumatera Utara,24.8,33.4,28.1,83.0,8.7,7.8,,1009.8,,Medan (Kualanamu),North Sumatra,Sumatera Utara,2.1666666666666665,8.599999999999998,51.3739667189511,2023,9,252,3,9,-1.0,-1.8369701987210297e-16,-0.9296339319682695,-0.3684843993077793,Dry Season,0,1,5,8.7
2023-09-10,96035,SU,Sumatera Utara,24.3,32.8,27.1,86.0,0.0,9.0,,1009.8,,Medan (Kualanamu),North Sumatra,Sumatera Utara,2.5,8.499999999999996,50.42172095468452,2023,9,253,3,10,-1.0,-1.8369701987210297e-16,-0.9358348973349941,-0.35243871088460327,Dry Season,0,1,5,0.0
2023-09-11,96035,SU,Sumatera Utara,24.5,32.8,27.9,84.0,7.6,10.3,,1009.5,,Medan (Kualanamu),North Sumatra,Sumatera Utara,2.861111111111111,8.299999999999997,49.37525219079113,2023,9,254,3,11,-1.0,-1.8369701987210297e-16,-0.9417589340994617,-0.33628873017668287,Dry Season,0,1,5,7.6
2023-09-12,96035,SU,Sumatera Utara,24.0,33.0,27.9,84.0,15.3,12.8,,1010.1,,Medan (Kualanamu),North Sumatra,Sumatera Utara,3.555555555555556,9.0,50.21689939911124,2023,9,255,3,12,-1.0,-1.8369701987210297e-16,-0.9474042892438845,-0.32003923622313857,Dry Season,0,1,5,15.3
2023-09-13,96035,SU,Sumatera Utara,23.3,33.5,27.9,87.0,6.1,12.0,,1010.2,,Medan (Kualanamu),North Sumatra,Sumatera Utara,3.333333333333333,10.2,54.12946833977787,2023,9,256,3,13,-1.0,-1.8369701987210297e-16,-0.9527692922168511,-0.30369503751065885,Dry Season,0,1,5,6.1
2023-09-14,96035,SU,Sumatera Utara,25.0,32.0,27.4,87.0,3.7,8.3,,1010.0,,Medan (Kualanamu),North Sumatra,Sumatera Utara,2.305555555555556,7.0,47.51171914577806,2023,9,257,3,14,-1.0,-1.8369701987210297e-16,-0.9578523554276669,-0.28726097055059635,Dry Season,0,1,5,3.7
2023-09-15,96035,SU,Sumatera Utara,25.0,31.1,27.1,88.0,9.1,8.3,,1010.0,,Medan (Kualanamu),North Sumatra,Sumatera Utara,2.305555555555556,6.100000000000001,44.27277515449574,2023,9,258,3,15,-1.0,-1.8369701987210297e-16,-0.9626519747161487,-0.2707418984477642,Dry Season,0,1,5,9.1
2023-09-16,96035,SU,Sumatera Utara,23.8,32.0,28.1,87.0,29.0,11.5,,1009.8,,Medan (Kualanamu),North Sumatra,Sumatera Utara,3.194444444444444,8.2,47.51171914577806,2023,9,259,3,16,-1.0,-1.8369701987210297e-16,-0.9671667297977312,-0.2541427094613622,Dry Season,0,1,5,29.0
2023-09-17,96035,SU,Sumatera Utara,24.8,30.0,27.4,90.0,12.6,7.8,,1009.0,,Medan (Kualanamu),North Sumatra,Sumatera Utara,2.1666666666666665,5.199999999999999,40.71909144444434,2023,9,260,3,17,-1.0,-1.8369701987210297e-16,-0.97139528468375,-0.23746831555846842,Dry Season,0,1,5,12.6
2023-09-18,96035,SU,Sumatera Utara,24.0,32.0,26.8,89.0,11.1,9.5,,1009.3,,Medan (Kualanamu),North Sumatra,Sumatera Utara,2.638888888888889,8.0,48.4659340857778,2023,9,261,3,18,-1.0,-1.8369701987210297e-16,-0.9753363880767837,-0.2207236509605022,Dry Season,0,1,5,11.1
2023-09-19,96035,SU,Sumatera Utara,24.1,33.4,29.4,85.0,9.7,10.0,,1009.9,,Medan (Kualanamu),North Sumatra,Sumatera Utara,2.7777777777777777,9.299999999999997,52.50517745811557,2023,9,262,3,19,-1.0,-1.8369701987210297e-16,-0.9789888737409319,-0.20391367068311472,Dry Season,0,1,5,9.7
2023-09-20,96035,SU,Sumatera Utara,24.0,29.0,25.9,94.0,14.9,7.7,,1010.1,,Medan (Kualanamu),North Sumatra,Sumatera Utara,2.138888888888889,5.0,38.09900722755554,2023,9,263,3,20,-1.0,-1.8369701987210297e-16,-0.9823516608469237,-0.18704334906991657,Dry Season,0,1,5,14.9
2023-09-21,96035,SU,Sumatera Utara,24.9,30.0,26.3,94.0,10.7,8.1,,1010.6,,Medan (Kualanamu),North Sumatra,Sumatera Utara,2.25,5.100000000000001,42.0583627555556,2023,9,264,3,21,-1.0,-1.8369701987210297e-16,-0.9854237542919524,-0.17011767832049052,Dry Season,0,1,5,10.7
2023-09-22,96035,SU,Sumatera Utara,24.0,31.0,26.4,90.0,23.6,8.2,,1010.3,,Medan (Kualanamu),North Sumatra,Sumatera Utara,2.2777777777777777,7.0,44.678015800444605,2023,9,265,3,22,-1.0,-1.8369701987210297e-16,-0.9882042449941422,-0.15314166701312007,Dry Season,0,1,5,23.6
2023-09-23,96035,SU,Sumatera Utara,24.0,31.8,27.6,88.0,21.4,10.1,,1009.9,,Medan (Kualanamu),North Sumatra,Sumatera Utara,2.8055555555555554,7.800000000000001,47.13896729491552,2023,9,266,3,23,-1.0,-1.8369701987210297e-16,-0.9906923101615609,-0.13612033862266704,Dry Season,0,1,5,21.4
2023-09-24,96035,SU,Sumatera Utara,24.8,32.0,27.6,86.0,1.8,7.8,,1009.4,,Medan (Kualanamu),North Sumatra,Sumatera Utara,2.1666666666666665,7.199999999999999,47.04397744844471,2023,9,267,3,24,-1.0,-1.8369701987210297e-16,-0.9928872135356962,-0.11905873003404988,Dry Season,0,1,5,1.8
2023-09-25,96035,SU,Sumatera Utara,23.0,30.6,26.2,91.0,19.0,9.5,,1009.1,,Medan (Kualanamu),North Sumatra,Sumatera Utara,2.638888888888889,7.600000000000001,43.43302249491565,2023,9,268,3,25,-1.0,-1.8369701987210297e-16,-0.994788305609327,-0.10196189005174576,Dry Season,0,1,5,19.0
2023-09-26,96035,SU,Sumatera Utara,23.9,33.0,27.7,83.0,6.8,11.0,,1008.7,,Medan (Kualanamu),North Sumatra,Sumatera Utara,3.0555555555555554,9.100000000000001,49.68797350711129,2023,9,269,3,26,-1.0,-1.8369701987210297e-16,-0.9963950238187231,-0.08483487790576538,Dry Season,0,1,5,6.8
2023-09-27,96035,SU,Sumatera Utara,24.2,33.1,27.6,87.0,25.7,9.3,,1008.5,,Medan (Kualanamu),North Sumatra,Sumatera Utara,2.5833333333333335,8.900000000000002,52.29741503129787,2023,9,270,3,27,-1.0,-1.8369701987210297e-16,-0.9977068927101168,-0.06768276175455162,Dry Season,0,1,5,25.7
2023-09-28,96035,SU,Sumatera Utara,24.8,33.2,28.6,82.0,0.6,11.9,,1008.8,,Medan (Kualanamu),North Sumatra,Sumatera Utara,3.3055555555555554,8.400000000000002,49.98723469443562,2023,9,271,3,28,-1.0,-1.8369701987210297e-16,-0.9987235240803972,-0.050510617185222886,Dry Season,0,1,5,0.6
2023-09-29,96035,SU,Sumatera Utara,25.0,33.8,27.4,85.0,14.5,6.7,,1011.1,,Medan (Kualanamu),North Sumatra,Sumatera Utara,1.8611111111111112,8.799999999999997,54.30523945299559,2023,9,272,3,29,-1.0,-1.8369701987210297e-16,-0.9994446170919858,-0.033323525711631344,Dry Season,0,1,5,14.5
2023-09-30,96035,SU,Sumatera Utara,24.6,32.6,28.1,84.0,1.3,10.8,,1011.3,,Medan (Kualanamu),North Sumatra,Sumatera Utara,3.0,8.0,48.54546120663123,2023,9,273,3,30,-1.0,-1.8369701987210297e-16,-0.9998699583618592,-0.016126573270657762,Dry Season,0,1,5,1.3
2023-10-01,96035,SU,Sumatera Utara,24.7,33.1,28.2,84.0,5.9,7.5,,1010.6,,Medan (Kualanamu),North Sumatra,Sumatera Utara,2.0833333333333335,8.400000000000002,50.64216908733117,2023,10,274,4,1,-0.8660254037844386,0.5000000000000001,-0.9999994220246925,0.001075151282798226,Transition,2,1,5,5.9
2023-10-02,96035,SU,Sumatera Utara,24.5,33.6,27.5,84.0,18.2,10.4,,1011.3,,Medan (Kualanamu),North Sumatra,Sumatera Utara,2.888888888888889,9.100000000000001,52.812978369031065,2023,10,275,4,2,-0.8660254037844386,0.5000000000000001,-0.999832969770105,0.018276557681691223,Transition,2,1,5,18.2
2023-10-03,96035,SU,Sumatera Utara,24.0,33.6,27.2,87.0,24.5,9.4,,1011.7,,Medan (Kualanamu),North Sumatra,Sumatera Utara,2.611111111111111,9.600000000000001,54.59513168849767,2023,10,276,4,3,-0.8660254037844386,0.5000000000000001,-0.9993706508539969,0.03547255575312556,Transition,2,1,5,24.5
2023-10-04,96035,SU,Sumatera Utara,25.0,31.0,27.7,87.0,8.9,7.7,,1010.8,,Medan (Kualanamu),North Sumatra,Sumatera Utara,2.138888888888889,6.0,43.48238742977792,2023,10,277,4,4,-0.8660254037844386,0.5000000000000001,-0.9986126020839734,0.052658056924614005,Transition,2,1,5,8.9
2023-10-05,96035,SU,Sumatera Utara,24.0,31.0,27.7,89.0,19.1,8.7,,1010.2,,Medan (Kualanamu),North Sumatra,Sumatera Utara,2.4166666666666665,7.0,44.274228749777926,2023,10,278,4,5,-0.8660254037844386,0.5000000000000001,-0.9975590477788613,0.06982797572987089,Transition,2,1,5,19.1
2023-10-06,96035,SU,Sumatera Utara,24.7,33.0,27.6,85.0,18.1,8.5,,1009.9,,Medan (Kualanamu),North Sumatra,Sumatera Utara,2.361111111111111,8.3,50.753054399555715,2023,10,279,4,6,-0.8660254037844386,0.5000000000000001,-0.9962102997023297,0.0869772313136861,Transition,2,1,5,18.1
2023-10-07,96035,SU,Sumatera Utara,24.7,32.4,26.6,92.0,7.2,5.7,,1010.5,,Medan (Kualanamu),North Sumatra,Sumatera Utara,1.5833333333333333,7.699999999999999,51.811268222631256,2023,10,280,4,7,-0.8660254037844386,0.5000000000000001,-0.9945667569706337,0.1041007489354256,Transition,2,1,5,7.2
2023-10-08,96035,SU,Sumatera Utara,25.0,32.0,27.8,87.0,12.4,8.3,,1011.3,,Medan (Kualanamu),North Sumatra,Sumatera Utara,2.305555555555556,7.0,47.51171914577806,2023,10,281,4,8,-0.8660254037844386,0.5000000000000001,-0.9926289059345095,0.121193461470736,Transition,2,1,5,12.4
2023-10-09,96035,SU,Sumatera Utara,24.3,32.0,28.4,85.0,2.7,9.5,,1011.8,,Medan (Kualanamu),North Sumatra,Sumatera Utara,2.638888888888889,7.699999999999999,46.58247959955565,2023,10,282,4,9,-0.8660254037844386,0.5000000000000001,-0.9903973200352558,0.1382503109109819,Transition,2,1,5,2.7
2023-10-10,96035,SU,Sumatera Utara,24.2,32.4,27.0,91.0,26.1,8.1,,1011.0,,Medan (Kualanamu),North Sumatra,Sumatera Utara,2.25,8.2,51.27756164931578,2023,10,283,4,10,-0.8660254037844386,0.5000000000000001,-0.9878726596350429,0.15526624985999563,Transition,2,1,5,26.1
2023-10-11,96035,SU,Sumatera Utara,24.8,31.1,27.5,88.0,13.7,8.2,,1010.8,,Medan (Kualanamu),North Sumatra,Sumatera Utara,2.2777777777777777,6.300000000000001,44.27277515449574,2023,10,284,4,11,-0.8660254037844386,0.5000000000000001,-0.9850556718215013,0.172236243027682,Transition,2,1,5,13.7
2023-10-12,96035,SU,Sumatera Utara,24.4,31.4,26.8,93.0,8.8,5.8,,1011.6,,Medan (Kualanamu),North Sumatra,Sumatera Utara,1.611111111111111,7.0,47.69324502455109,2023,10,285,4,12,-0.8660254037844386,0.5000000000000001,-0.981947190186646,0.18915526872004093,Transition,2,1,5,8.8
2023-10-13,96035,SU,Sumatera Utara,25.0,31.0,27.4,89.0,13.4,9.3,,1011.6,,Medan (Kualanamu),North Sumatra,Sumatera Utara,2.5833333333333335,6.0,44.274228749777926,2023,10,286,4,13,-0.8660254037844386,0.5000000000000001,-0.9785481345802031,0.20601832032517084,Transition,2,1,5,13.4
2023-10-14,96035,SU,Sumatera Utara,23.0,31.0,27.3,88.0,9.3,12.3,,1011.1,,Medan (Kualanamu),North Sumatra,Sumatera Utara,3.416666666666667,8.0,43.87568595955574,2023,10,287,4,14,-0.8660254037844386,0.5000000000000001,-0.9748595108374125,0.22282040779479959,Transition,2,1,5,9.3
2023-10-15,96035,SU,Sumatera Utara,23.6,31.0,27.1,89.0,20.8,7.7,,1010.3,,Medan (Kualanamu),North Sumatra,Sumatera Utara,2.138888888888889,7.399999999999999,44.274228749777926,2023,10,288,4,15,-0.8660254037844386,0.5000000000000001,-0.9708824104813836,0.23955655912092708,Transition,2,1,5,20.8
2023-10-16,96035,SU,Sumatera Utara,24.3,30.2,27.0,91.0,22.0,7.2,,1010.0,,Medan (Kualanamu),North Sumatra,Sumatera Utara,2.0,5.899999999999999,41.82997291059575,2023,10,289,4,16,-0.8660254037844386,0.5000000000000001,-0.9666180104000972,0.2562218218071163,Transition,2,1,5,22.0
2023-10-17,96035,SU,Sumatera Utara,24.7,29.0,26.2,92.0,7.4,5.9,,1010.7,,Medan (Kualanamu),North Sumatra,Sumatera Utara,1.6388888888888888,4.300000000000001,37.58091654311115,2023,10,290,4,17,-0.8660254037844386,0.5000000000000001,-0.9620675724981452,0.27281126433401914,Transition,2,1,5,7.4
2023-10-18,96035,SU,Sumatera Utara,24.0,31.4,27.2,90.0,19.1,9.5,,1011.1,,Medan (Kualanamu),North Sumatra,Sumatera Utara,2.638888888888889,7.399999999999999,46.34991635100436,2023,10,291,4,18,-0.8660254037844386,0.5000000000000001,-0.957232443323312,0.28931997761869527,Transition,2,1,5,19.1
2023-10-19,96035,SU,Sumatera Utara,24.0,30.1,27.3,89.0,7.7,8.7,,1011.8,,Medan (Kualanamu),North Sumatra,Sumatera Utara,2.4166666666666665,6.100000000000001,40.76873273209788,2023,10,292,4,19,-0.8660254037844386,0.5000000000000001,-0.9521140536681102,0.3057430764672831,Transition,2,1,5,7.7
2023-10-20,96035,SU,Sumatera Utara,24.4,31.2,26.7,91.0,13.2,6.4,,1011.7,,Medan (Kualanamu),North Sumatra,Sumatera Utara,1.777777777777778,6.800000000000001,45.93317505699567,2023,10,293,4,20,-0.8660254037844386,0.5000000000000001,-0.9467139181463862,0.3220757010206104,Transition,2,1,5,13.2
2023-10-21,96035,SU,Sumatera Utara,25.0,30.0,26.6,91.0,14.8,5.9,,1012.1,,Medan (Kualanamu),North Sumatra,Sumatera Utara,1.6388888888888888,5.0,41.04756375555551,2023,10,294,4,21,-0.8660254037844386,0.5000000000000001,-0.9410336347451197,0.3383130181923076,Transition,2,1,5,14.8
2023-10-22,96035,SU,Sumatera Utara,24.2,30.3,26.6,92.0,4.2,6.8,,1012.4,,Medan (Kualanamu),North Sumatra,Sumatera Utara,1.8888888888888888,6.100000000000001,42.58280412029115,2023,10,295,4,22,-0.8660254037844386,0.5000000000000001,-0.9350748843515574,0.3544502230989869,Transition,2,1,5,4.2
2023-10-23,96035,SU,Sumatera Utara,25.0,31.0,27.6,88.0,10.0,8.3,,1011.8,,Medan (Kualanamu),North Sumatra,Sumatera Utara,2.305555555555556,6.0,43.87568595955574,2023,10,296,4,23,-0.8660254037844386,0.5000000000000001,-0.9288394302558068,0.3704825404820963,Transition,2,1,5,10.0
2023-10-24,96035,SU,Sumatera Utara,25.0,29.4,26.3,93.0,10.1,6.0,,1011.8,,Medan (Kualanamu),North Sumatra,Sumatera Utara,1.6666666666666665,4.399999999999999,39.35091972215119,2023,10,297,4,24,-0.8660254037844386,0.5000000000000001,-0.9223291176290545,0.3864052261209853,Transition,2,1,5,10.1
2023-10-25,96035,SU,Sumatera Utara,24.0,30.8,27.1,91.0,6.4,8.4,,1012.0,,Medan (Kualanamu),North Sumatra,Sumatera Utara,2.3333333333333335,6.800000000000001,44.25366292419539,2023,10,298,4,25,-0.8660254037844386,0.5000000000000001,-0.9155458729775467,0.40221356823680365,Transition,2,1,5,6.4
2023-10-26,96035,SU,Sumatera Utara,24.8,31.4,27.5,86.0,17.0,9.9,,1011.2,,Medan (Kualanamu),North Sumatra,Sumatera Utara,2.75,6.599999999999998,44.63785286300441,2023,10,299,4,26,-0.8660254037844386,0.5000000000000001,-0.9084917035725082,0.41790288888678667,Transition,2,1,5,17.0
2023-10-27,96035,SU,Sumatera Utara,25.0,32.0,27.5,86.0,17.1,7.4,,1010.7,,Medan (Kualanamu),North Sumatra,Sumatera Utara,2.055555555555556,7.0,47.04397744844471,2023,10,300,4,27,-0.8660254037844386,0.5000000000000001,-0.9011686968561569,0.4334685453485363,Transition,2,1,5,17.1
2023-10-28,96035,SU,Sumatera Utara,24.4,31.0,27.4,88.0,6.1,7.5,,1010.5,,Medan (Kualanamu),North Sumatra,Sumatera Utara,2.0833333333333335,6.600000000000001,43.87568595955574,2023,10,301,4,28,-0.8660254037844386,0.5000000000000001,-0.8935790198239952,0.4489059314938798,Transition,2,1,5,6.1
2023-10-29,96035,SU,Sumatera Utara,24.0,28.3,24.9,97.0,19.4,6.3,,1010.4,,Medan (Kualanamu),North Sumatra,Sumatera Utara,1.75,4.300000000000001,36.15575289163552,2023,10,302,4,29,-0.8660254037844386,0.5000000000000001,-0.8857249183835637,0.4642104791518923,Transition,2,1,5,19.4
2023-10-30,96035,SU,Sumatera Utara,23.6,31.1,27.9,89.0,8.0,7.2,,1009.4,,Medan (Kualanamu),North Sumatra,Sumatera Utara,2.0,7.5,44.67934461049799,2023,10,303,4,30,-0.8660254037844386,0.5000000000000001,-0.8776087166898392,0.4793776594606945,Transition,2,1,5,8.0
2023-10-31,96035,SU,Sumatera Utara,25.7,32.0,28.1,88.0,1.8,7.1,,1009.3,,Medan (Kualanamu),North Sumatra,Sumatera Utara,1.972222222222222,6.300000000000001,47.98570469155576,2023,10,304,4,31,-0.8660254037844386,0.5000000000000001,-0.8692328164574792,0.49440298420761813,Transition,2,1,5,1.8
2023-11-01,96035,SU,Sumatera Utara,23.4,30.3,27.3,88.0,11.7,8.8,,1010.4,,Medan (Kualanamu),North Sumatra,Sumatera Utara,2.4444444444444446,6.900000000000002,41.182629370815526,2023,11,305,4,1,-0.5000000000000004,0.8660254037844384,-0.8605996962501181,0.5092820071573356,Rainy Season,1,1,5,11.7
2023-11-02,96035,SU,Sumatera Utara,25.0,31.6,26.7,92.0,11.6,8.8,,1010.5,,Medan (Kualanamu),North Sumatra,Sumatera Utara,2.4444444444444446,6.600000000000001,48.12837552023112,2023,11,306,4,2,-0.5000000000000004,0.8660254037844384,-0.8517119107469189,0.5240103253675756,Rainy Season,1,1,5,11.6
2023-11-03,96035,SU,Sumatera Utara,24.0,32.0,27.9,85.0,8.2,9.5,,1009.0,,Medan (Kualanamu),North Sumatra,Sumatera Utara,2.638888888888889,8.0,46.58247959955565,2023,11,307,4,3,-0.5000000000000004,0.8660254037844384,-0.8425720899866032,0.5385835804920232,Rainy Season,1,1,5,8.2
2023-11-04,96035,SU,Sumatera Utara,25.0,30.8,27.4,90.0,10.7,8.4,,1009.1,,Medan (Kualanamu),North Sumatra,Sumatera Utara,2.3333333333333335,5.800000000000001,43.86099355548453,2023,11,308,4,4,-0.5000000000000004,0.8660254037844384,-0.8331829385891785,0.5529974600700271,Rainy Season,1,1,5,10.7
2023-11-05,96035,SU,Sumatera Utara,25.0,31.7,27.0,93.0,10.7,6.2,,1010.1,,Medan (Kualanamu),North Sumatra,Sumatera Utara,1.7222222222222223,6.699999999999999,49.05665138207114,2023,11,309,4,5,-0.5000000000000004,0.8660254037844384,-0.8235472349556007,0.5672476988027229,Rainy Season,1,1,5,10.7
2023-11-06,96035,SU,Sumatera Utara,24.6,32.0,27.7,88.0,18.0,9.0,,1010.1,,Medan (Kualanamu),North Sumatra,Sumatera Utara,2.5,7.399999999999999,47.98570469155576,2023,11,310,4,6,-0.5000000000000004,0.8660254037844384,-0.8136678304455991,0.5813300798152042,Rainy Season,1,1,5,18.0
2023-11-07,96035,SU,Sumatera Utara,25.0,29.0,26.8,94.0,20.2,7.5,,1010.3,,Medan (Kualanamu),North Sumatra,Sumatera Utara,2.0833333333333335,4.0,38.09900722755554,2023,11,311,4,7,-0.5000000000000004,0.8660254037844384,-0.8035476485339116,0.5952404359043674,Rainy Season,1,1,5,20.2
2023-11-08,96035,SU,Sumatera Utara,25.0,31.0,27.4,91.0,14.5,13.7,,1009.9,,Medan (Kualanamu),North Sumatra,Sumatera Utara,3.8055555555555554,6.0,45.08704711155577,2023,11,312,4,8,-0.5000000000000004,0.8660254037844384,-0.7931896839451843,0.6089746507720486,Rainy Season,1,1,5,14.5
2023-11-09,96035,SU,Sumatera Utara,24.0,31.0,26.7,89.0,20.1,9.2,,1010.8,,Medan (Kualanamu),North Sumatra,Sumatera Utara,2.5555555555555554,7.0,44.274228749777926,2023,11,313,4,9,-0.5000000000000004,0.8660254037844384,-0.7825970017677834,0.6225286602431057,Rainy Season,1,1,5,20.1
2023-11-10,96035,SU,Sumatera Utara,24.7,32.4,27.5,89.0,8.7,9.3,,1011.2,,Medan (Kualanamu),North Sumatra,Sumatera Utara,2.5833333333333335,7.699999999999999,50.2300675180979,2023,11,314,4,10,-0.5000000000000004,0.8660254037844384,-0.7717727365467836,0.6358984534680745,Rainy Season,1,1,5,8.7
2023-11-11,96035,SU,Sumatera Utara,23.7,31.2,27.7,90.0,23.5,12.7,,1011.4,,Medan (Kualanamu),North Sumatra,Sumatera Utara,3.5277777777777777,7.5,45.507656732284595,2023,11,315,4,11,-0.5000000000000004,0.8660254037844384,-0.7607200913564104,0.6490800741100398,Rainy Season,1,1,5,23.5
2023-11-12,96035,SU,Sumatera Utara,24.7,31.0,27.7,89.0,6.4,9.3,,1011.0,,Medan (Kualanamu),North Sumatra,Sumatera Utara,2.5833333333333335,6.300000000000001,44.274228749777926,2023,11,316,4,12,-0.5000000000000004,0.8660254037844384,-0.7494423368521954,0.6620696215153815,Rainy Season,1,1,5,6.4
2023-11-13,96035,SU,Sumatera Utara,25.0,32.0,27.9,87.0,24.5,8.3,,1010.2,,Medan (Kualanamu),North Sumatra,Sumatera Utara,2.305555555555556,7.0,47.51171914577806,2023,11,317,4,13,-0.5000000000000004,0.8660254037844384,-0.7379428103031386,0.6748632518680403,Rainy Season,1,1,5,24.5
2023-11-14,96035,SU,Sumatera Utara,23.9,29.2,26.6,95.0,5.7,6.1,,1011.5,,Medan (Kualanamu),North Sumatra,Sumatera Utara,1.6944444444444442,5.300000000000001,39.144559241884686,2023,11,318,4,14,-0.5000000000000004,0.8660254037844384,-0.7262249146041543,0.6874571793269664,Rainy Season,1,1,5,5.7
2023-11-15,96035,SU,Sumatera Utara,25.0,30.2,27.3,89.0,22.3,8.1,,1011.3,,Medan (Kualanamu),North Sumatra,Sumatera Utara,2.25,5.199999999999999,41.14573924705801,2023,11,319,4,15,-0.5000000000000004,0.8660254037844384,-0.7142921172691032,0.699847677146407,Rainy Season,1,1,5,22.3
2023-11-16,96035,SU,Sumatera Utara,25.3,31.4,28.3,91.0,9.4,9.6,,1011.3,,Medan (Kualanamu),North Sumatra,Sumatera Utara,2.6666666666666665,6.099999999999998,46.792046760515575,2023,11,320,4,16,-0.5000000000000004,0.8660254037844384,-0.7021479494046978,0.7120310787787131,Rainy Season,1,1,5,9.4
2023-11-17,96035,SU,Sumatera Utara,25.7,32.0,27.8,90.0,10.1,7.2,,1011.3,,Medan (Kualanamu),North Sumatra,Sumatera Utara,2.0,6.300000000000001,48.95240732844463,2023,11,321,4,17,-0.5000000000000004,0.8660254037844384,-0.6897960046655887,0.7240037789593305,Rainy Season,1,1,5,10.1
2023-11-18,96035,SU,Sumatera Utara,25.7,31.4,28.0,88.0,14.3,7.2,,1010.7,,Medan (Kualanamu),North Sumatra,Sumatera Utara,2.0,5.699999999999999,45.48259297699553,2023,11,322,4,18,-0.5000000000000004,0.8660254037844384,-0.6772399381909491,0.7357622347736527,Rainy Season,1,1,5,14.3
2023-11-19,96035,SU,Sumatera Utara,23.6,28.0,25.9,94.0,6.5,9.7,,1010.8,,Medan (Kualanamu),North Sumatra,Sumatera Utara,2.694444444444444,4.399999999999999,34.467540023555536,2023,11,323,4,19,-0.5000000000000004,0.8660254037844384,-0.6644834655228552,0.7473029667054296,Rainy Season,1,1,5,6.5
2023-11-20,96035,SU,Sumatera Utara,23.3,32.4,27.6,89.0,16.1,10.9,,1010.2,,Medan (Kualanamu),North Sumatra,Sumatera Utara,3.0277777777777777,9.099999999999998,50.2300675180979,2023,11,324,4,20,-0.5000000000000004,0.8660254037844384,-0.6515303615068021,0.75862255966641,Rainy Season,1,1,5,16.1
2023-11-21,96035,SU,Sumatera Utara,24.2,33.4,26.7,92.0,115.1,12.0,,1010.1,,Medan (Kualanamu),North Sumatra,Sumatera Utara,3.333333333333333,9.2,56.704419864231184,2023,11,325,4,21,-0.5000000000000004,0.8660254037844384,-0.6383844591746642,0.7697176640069211,Rainy Season,1,1,5,115.1
2023-11-22,96035,SU,Sumatera Utara,24.3,29.2,26.0,90.0,23.0,8.9,,1009.5,,Medan (Kualanamu),North Sumatra,Sumatera Utara,2.4722222222222223,4.899999999999999,37.77908832348474,2023,11,326,4,22,-0.5000000000000004,0.8660254037844384,-0.6250496486104377,0.7805849965070866,Rainy Season,1,1,5,23.0
2023-11-23,96035,SU,Sumatera Utara,23.9,28.6,25.7,95.0,33.6,9.8,,1009.1,,Medan (Kualanamu),North Sumatra,Sumatera Utara,2.7222222222222223,4.700000000000003,36.839163612604516,2023,11,327,4,23,-0.5000000000000004,0.8660254037844384,-0.6115298757991053,0.7912213413483807,Rainy Season,1,1,5,33.6
2023-11-24,96035,SU,Sumatera Utara,24.0,28.4,25.7,92.0,9.2,6.6,,1009.2,,Medan (Kualanamu),North Sumatra,Sumatera Utara,1.8333333333333333,4.399999999999999,35.45572569623131,2023,11,328,4,24,-0.5000000000000004,0.8660254037844384,-0.5978291414589552,0.801623551065242,Rainy Season,1,1,5,9.2
2023-11-25,96035,SU,Sumatera Utara,24.3,32.0,27.2,86.0,14.4,11.2,,1008.9,,Medan (Kualanamu),North Sumatra,Sumatera Utara,3.1111111111111107,7.699999999999999,47.04397744844471,2023,11,329,4,25,-0.5000000000000004,0.8660254037844384,-0.5839514998576998,0.8117885474764613,Rainy Season,1,1,5,14.4
2023-11-26,96035,SU,Sumatera Utara,24.0,31.4,26.9,88.0,20.9,12.0,,1009.9,,Medan (Kualanamu),North Sumatra,Sumatera Utara,3.333333333333333,7.399999999999999,45.48259297699553,2023,11,330,4,26,-0.5000000000000004,0.8660254037844384,-0.5699010576127624,0.8217133225960589,Rainy Season,1,1,5,20.9
2023-11-27,96035,SU,Sumatera Utara,24.8,31.0,26.9,85.0,14.5,12.8,,1008.8,,Medan (Kualanamu),North Sumatra,Sumatera Utara,3.555555555555556,6.199999999999999,42.711523151555696,2023,11,331,4,27,-0.5000000000000004,0.8660254037844384,-0.5556819724760489,0.8313949395234058,Rainy Season,1,1,5,14.5
2023-11-28,96035,SU,Sumatera Utara,24.0,31.9,27.2,85.0,7.3,10.2,,1007.9,,Medan (Kualanamu),North Sumatra,Sumatera Utara,2.833333333333333,7.899999999999999,46.18190112891574,2023,11,332,4,28,-0.5000000000000004,0.8660254037844384,-0.5412984521036173,0.8408305333122887,Rainy Season,1,1,5,7.3
2023-11-29,96035,SU,Sumatera Utara,24.0,30.0,27.3,90.0,23.8,7.9,,1008.2,,Medan (Kualanamu),North Sumatra,Sumatera Utara,2.1944444444444446,6.0,40.71909144444434,2023,11,333,4,29,-0.5000000000000004,0.8660254037844384,-0.5267547528105542,0.8500173118187018,Rainy Season,1,1,5,23.8
2023-11-30,96035,SU,Sumatera Utara,25.0,32.0,27.6,88.0,8.8,7.7,,1009.3,,Medan (Kualanamu),North Sumatra,Sumatera Utara,2.138888888888889,7.0,47.98570469155576,2023,11,334,4,30,-0.5000000000000004,0.8660254037844384,-0.5120551783114646,0.8589525565270845,Rainy Season,1,1,5,8.8
2023-12-01,96035,SU,Sumatera Utara,23.7,31.0,26.5,92.0,45.6,8.9,,1008.8,,Medan (Kualanamu),North Sumatra,Sumatera Utara,2.4722222222222223,7.300000000000001,45.50132268311144,2023,12,335,4,1,-2.4492935982947064e-16,1.0,-0.4972040784469378,0.8676336233547726,Rainy Season,1,1,5,45.6
2023-12-02,96035,SU,Sumatera Utara,24.0,28.3,25.7,93.0,13.3,8.6,,1009.3,,Medan (Kualanamu),North Sumatra,Sumatera Utara,2.388888888888889,4.300000000000001,35.31643252607134,2023,12,336,4,2,-2.4492935982947064e-16,1.0,-0.4822058478963526,0.8760579434344281,Rainy Season,1,1,5,13.3
2023-12-03,96035,SU,Sumatera Utara,24.0,30.4,26.2,90.0,4.2,7.7,,1009.5,,Medan (Kualanamu),North Sumatra,Sumatera Utara,2.138888888888889,6.399999999999999,42.26480512620453,2023,12,337,4,3,-2.4492935982947064e-16,1.0,-0.46706492487743034,0.8842230238742036,Rainy Season,1,1,5,4.2
2023-12-04,96035,SU,Sumatera Utara,24.0,31.4,27.3,86.0,37.0,9.5,,1009.0,,Medan (Kualanamu),North Sumatra,Sumatera Utara,2.638888888888889,7.399999999999999,44.63785286300441,2023,12,338,4,4,-2.4492935982947064e-16,1.0,-0.451785789832884,0.8921264484954345,Rainy Season,1,1,5,37.0
2023-12-05,96035,SU,Sumatera Utara,25.0,30.7,27.3,86.0,15.6,8.6,,1009.2,,Medan (Kualanamu),North Sumatra,Sumatera Utara,2.388888888888889,5.699999999999999,41.96848914458449,2023,12,339,4,5,-2.4492935982947064e-16,1.0,-0.4363729641045924,0.8997658785476209,Rainy Season,1,1,5,15.6
2023-12-06,96035,SU,Sumatera Utara,23.6,32.2,27.8,84.0,22.3,7.0,,1010.4,,Medan (Kualanamu),North Sumatra,Sumatera Utara,1.9444444444444444,8.600000000000001,46.921447910791194,2023,12,340,4,6,-2.4492935982947064e-16,1.0,-0.42083100859565564,0.9071390534005044,Rainy Season,1,1,5,22.3
2023-12-07,96035,SU,Sumatera Utara,25.0,28.0,25.8,92.0,13.1,6.6,,1010.9,,Medan (Kualanamu),North Sumatra,Sumatera Utara,1.8333333333333333,3.0,34.103273079111204,2023,12,341,4,7,-2.4492935982947064e-16,1.0,-0.4051645224207563,0.9142437912130223,Rainy Season,1,1,5,13.1
2023-12-08,96035,SU,Sumatera Utara,23.9,31.0,27.2,88.0,1.7,5.5,,1010.3,,Medan (Kualanamu),North Sumatra,Sumatera Utara,1.5277777777777777,7.100000000000001,43.87568595955574,2023,12,342,4,8,-2.4492935982947064e-16,1.0,-0.3893781415452015,0.9210779895789526,Rainy Season,1,1,5,1.7
2023-12-09,96035,SU,Sumatera Utara,25.4,32.0,27.9,87.0,10.7,9.1,,1009.7,,Medan (Kualanamu),North Sumatra,Sumatera Utara,2.5277777777777777,6.600000000000001,47.51171914577806,2023,12,343,4,9,-2.4492935982947064e-16,1.0,-0.37347653741307074,0.9276396261490467,Rainy Season,1,1,5,10.7
2023-12-10,96035,SU,Sumatera Utara,25.0,30.0,26.9,92.0,5.6,8.0,,1009.0,,Medan (Kualanamu),North Sumatra,Sumatera Utara,2.2222222222222223,5.0,41.38026641111113,2023,12,344,4,10,-2.4492935982947064e-16,1.0,-0.3574644155648614,0.9339267592294762,Rainy Season,1,1,5,5.6
2023-12-11,96035,SU,Sumatera Utara,25.0,32.0,26.9,90.0,20.8,9.6,,1009.2,,Medan (Kualanamu),North Sumatra,Sumatera Utara,2.6666666666666665,7.0,48.95240732844463,2023,12,345,4,11,-2.4492935982947064e-16,1.0,-0.34134651424503615,0.9399375283564133,Rainy Season,1,1,5,20.8
2023-12-12,96035,SU,Sumatera Utara,24.6,31.0,27.2,86.0,17.0,12.3,,1009.6,,Medan (Kualanamu),North Sumatra,Sumatera Utara,3.416666666666667,6.399999999999999,43.094333160444656,2023,12,346,4,12,-2.4492935982947064e-16,1.0,-0.3251276029999093,0.9456701548465688,Rainy Season,1,1,5,17.0
2023-12-13,96035,SU,Sumatera Utara,25.0,31.0,27.3,87.0,1.7,7.6,,1009.7,,Medan (Kualanamu),North Sumatra,Sumatera Utara,2.111111111111111,6.0,43.48238742977792,2023,12,347,4,13,-2.4492935982947064e-16,1.0,-0.30881248126625377,0.9511229423235357,Rainy Season,1,1,5,1.7
2023-12-14,96035,SU,Sumatera Utara,25.0,31.4,27.3,88.0,11.3,12.2,,1010.6,,Medan (Kualanamu),North Sumatra,Sumatera Utara,3.3888888888888884,6.399999999999999,45.48259297699553,2023,12,348,4,14,-2.4492935982947064e-16,1.0,-0.29240597695107734,0.9562942772197719,Rainy Season,1,1,5,11.3
2023-12-15,96035,SU,Sumatera Utara,25.0,32.0,27.4,89.0,18.1,10.3,,1010.0,,Medan (Kualanamu),North Sumatra,Sumatera Utara,2.861111111111111,7.0,48.4659340857778,2023,12,349,4,15,-2.4492935982947064e-16,1.0,-0.27591294500296043,0.9611826292540837,Rainy Season,1,1,5,18.1
2023-12-16,96035,SU,Sumatera Utara,25.0,31.0,27.5,89.0,19.9,8.5,,1009.8,,Medan (Kualanamu),North Sumatra,Sumatera Utara,2.361111111111111,6.0,44.274228749777926,2023,12,350,4,16,-2.4492935982947064e-16,1.0,-0.2593382659754056,0.9657865518844574,Rainy Season,1,1,5,19.9
2023-12-17,96035,SU,Sumatera Utara,24.8,32.0,27.3,90.0,15.7,7.8,,1009.6,,Medan (Kualanamu),North Sumatra,Sumatera Utara,2.1666666666666665,7.199999999999999,48.95240732844463,2023,12,351,4,17,-2.4492935982947064e-16,1.0,-0.2426868445825954,0.9701046827361175,Rainy Season,1,1,5,15.7
2023-12-18,96035,SU,Sumatera Utara,24.8,28.8,25.9,93.0,3.4,8.1,,1010.5,,Medan (Kualanamu),North Sumatra,Sumatera Utara,2.25,4.0,37.10156966327118,2023,12,352,4,18,-2.4492935982947064e-16,1.0,-0.22596360824801906,0.974135744004672,Rainy Season,1,1,5,3.4
2023-12-19,96035,SU,Sumatera Utara,24.0,29.0,26.6,92.0,4.8,7.8,,1010.8,,Medan (Kualanamu),North Sumatra,Sumatera Utara,2.1666666666666665,5.0,37.58091654311115,2023,12,353,4,19,-2.4492935982947064e-16,1.0,-0.20917350564635637,0.9778785428342386,Rainy Season,1,1,5,4.8
2023-12-20,96035,SU,Sumatera Utara,25.0,30.0,26.3,92.0,8.6,8.9,,1010.3,,Medan (Kualanamu),North Sumatra,Sumatera Utara,2.4722222222222223,5.0,41.38026641111113,2023,12,354,4,20,-2.4492935982947064e-16,1.0,-0.19232150523909483,0.9813319716704275,Rainy Season,1,1,5,8.6
2023-12-21,96035,SU,Sumatera Utara,24.7,31.0,26.7,90.0,12.1,7.5,,1010.8,,Medan (Kualanamu),North Sumatra,Sumatera Utara,2.0833333333333335,6.300000000000001,44.678015800444605,2023,12,355,4,21,-2.4492935982947064e-16,1.0,-0.17541259380427843,0.9844950085880858,Rainy Season,1,1,5,12.1
2023-12-22,96035,SU,Sumatera Utara,25.0,29.2,26.4,92.0,3.7,10.3,,1011.2,,Medan (Kualanamu),North Sumatra,Sumatera Utara,2.861111111111111,4.199999999999999,38.31505000439122,2023,12,356,4,22,-2.4492935982947064e-16,1.0,-0.15845177496083632,0.9873667175937016,Rainy Season,1,1,5,3.7
2023-12-23,96035,SU,Sumatera Utara,24.9,30.1,27.1,88.0,12.2,12.5,,1011.8,,Medan (Kualanamu),North Sumatra,Sumatera Utara,3.4722222222222223,5.200000000000003,40.44100998769565,2023,12,357,4,23,-2.4492935982947064e-16,1.0,-0.14144406768794202,0.9899462489023779,Rainy Season,1,1,5,12.2
2023-12-24,96035,SU,Sumatera Utara,24.0,28.0,25.2,96.0,13.5,9.9,,1011.8,,Medan (Kualanamu),North Sumatra,Sumatera Utara,2.75,4.0,34.84044508177789,2023,12,358,4,24,-2.4492935982947064e-16,1.0,-0.12439450483979998,0.9922328391893008,Rainy Season,1,1,5,13.5
2023-12-25,96035,SU,Sumatera Utara,24.0,29.0,25.7,93.0,14.4,6.2,,1012.2,,Medan (Kualanamu),North Sumatra,Sumatera Utara,1.7222222222222223,5.0,37.83836083511114,2023,12,359,4,25,-2.4492935982947064e-16,1.0,-0.10730813165636247,0.9942258118156161,Rainy Season,1,1,5,14.4
2023-12-26,96035,SU,Sumatera Utara,23.0,30.6,26.5,89.0,11.0,8.2,,1012.8,,Medan (Kualanamu),North Sumatra,Sumatera Utara,2.2777777777777777,7.600000000000001,42.684997913297856,2023,12,360,4,26,-2.4492935982947064e-16,1.0,-0.09019000427034513,0.9959245770286599,Rainy Season,1,1,5,11.0
2023-12-27,96035,SU,Sumatera Utara,23.3,30.7,27.5,91.0,1.1,9.4,,1012.6,,Medan (Kualanamu),North Sumatra,Sumatera Utara,2.611111111111111,7.399999999999999,43.84174973979562,2023,12,361,4,27,-2.4492935982947064e-16,1.0,-0.07304518821104743,0.9973286321364752,Rainy Season,1,1,5,1.1
2023-12-28,96035,SU,Sumatera Utara,25.3,30.7,27.3,89.0,9.3,10.3,,1011.3,,Medan (Kualanamu),North Sumatra,Sumatera Utara,2.861111111111111,5.399999999999999,43.07762073145792,2023,12,362,4,28,-2.4492935982947064e-16,1.0,-0.05587875690537313,0.9984375616565666,Rainy Season,1,1,5,9.3
2023-12-29,96035,SU,Sumatera Utara,24.5,30.4,26.3,93.0,24.3,9.7,,1010.6,,Medan (Kualanamu),North Sumatra,Sumatera Utara,2.694444444444444,5.899999999999999,43.35968010935124,2023,12,363,4,29,-2.4492935982947064e-16,1.0,-0.03869579017652689,0.9992510374388481,Rainy Season,1,1,5,24.3
2023-12-30,96035,SU,Sumatera Utara,25.0,31.2,26.8,91.0,3.6,6.0,,1010.2,,Medan (Kualanamu),North Sumatra,Sumatera Utara,1.6666666666666665,6.199999999999999,45.93317505699567,2023,12,364,4,30,-2.4492935982947064e-16,1.0,-0.021501372740813793,0.999768818762748,Rainy Season,1,1,5,3.6
2023-12-31,96035,SU,Sumatera Utara,23.8,31.2,27.2,89.0,22.3,8.3,,1010.6,,Medan (Kualanamu),North Sumatra,Sumatera Utara,2.305555555555556,7.399999999999999,45.08758373185795,2023,12,365,4,31,-2.4492935982947064e-16,1.0,-0.004300592702981974,0.9999907524084426,Rainy Season,1,1,5,22.3
